주차장명,주차장구분,주차장유형,소재지도로명주소,소재지지번주소,주차구획수,운영요일,평일운영시작시각,평일운영종료시각,토요일운영시작시각,토요일운영종료시각,공휴일운영시작시각,공휴일운영종료시각,요금정보,관리기관명,전화번호
횡계의원 뒤 1주차장,공영,노외,강원도 평창군 대관령면 축제길 40,강원도 평창군 대관령면 횡계리 321-10,28,평일+토요일+공휴일,00:00,23:59,00:00,23:59,00:00,23:59,무료,강원도 평창군청,033-330-2285
횡계의원 뒤 2주차장,공영,노외,강원도 평창군 대관령면 축제길 36,강원도 평창군 대관령면 횡계리 337-8,32,평일+토요일+공휴일,00:00,23:59,00:00,23:59,00:00,23:59,무료,강원도 평창군청,033-330-2285
오삼불고기거리 주차장,공영,노외,강원도 평창군 대관령면 횡계2길 3-3,강원도 평창군 대관령면 횡계리 325-10,17,평일+토요일+공휴일,00:00,23:59,00:00,23:59,00:00,23:59,무료,강원도 평창군청,033-330-2285
하이랜드 옆 1주차장,공영,노외,강원도 평창군 대관령면 횡계2길 331-28,강원도 평창군 대관령면 횡계리 331-28,32,평일+토요일+공휴일,00:00,23:59,00:00,23:59,00:00,23:59,무료,강원도 평창군청,033-330-2285
하이랜드 옆 2주차장,공영,노외,강원도 평창군 대관령면 횡계2길 16,강원도 평창군 대관령면 횡계리 331-12,8,평일+토요일+공휴일,00:00,23:59,00:00,23:59,00:00,23:59,무료,강원도 평창군청,033-330-2285
하이랜드 옆 3주차장,공영,노외,강원도 평창군 대관령면 눈마을길 57,강원도 평창군 대관령면 횡계리 331-47,11,평일+토요일+공휴일,00:00,23:59,00:00,23:59,00:00,23:59,무료,강원도 평창군청,033-330-2285
흥일회관 앞 주차장,공영,노외,강원도 평창군 대관령면 횡계3길 3,강원도 평창군 대관령면 횡계리 665,6,평일+토요일+공휴일,00:00,23:59,00:00,23:59,00:00,23:59,무료,강원도 평창군청,033-330-2285
용평생활관 앞 주차장,공영,노외,강원도 평창군 대관령면 횡계3길 14,강원도 평창군 대관령면 횡계리 331-1,30,평일+토요일+공휴일,00:00,23:59,00:00,23:59,00:00,23:59,무료,강원도 평창군청,033-330-2285
횡계초등학교 앞 주차장,공영,노외,강원도 평창군 대관령면 꽃밭양지길 16-3,강원도 평창군 대관령면 횡계리 661-50,110,평일+토요일+공휴일,00:00,23:59,00:00,23:59,00:00,23:59,무료,강원도 평창군청,033-330-2285
제칠안식교회 뒤 주차장,공영,노외,강원도 평창군 대관령면 눈마을길 27,강원도 평창군 대관령면 횡계리 314-24,51,평일+토요일+공휴일,00:00,23:59,00:00,23:59,00:00,23:59,무료,강원도 평창군청,033-330-2285
로얄장 앞 주차장,민영,노외,강원도 평창군 평창읍 백오로 73,강원도 평창군 평창읍 하리 73-3,20,평일+토요일+공휴일,00:00,23:59,00:00,23:59,00:00,23:59,무료,강원도 평창군청,033-330-2285
장평농협뒤 주차장,민영,노외,강원도 평창군 용평면 경강로 1667,강원도 평창군 용평면 장평리 365-6,9,평일+토요일+공휴일,00:00,23:59,00:00,23:59,00:00,23:59,무료,강원도 평창군청,033-330-2285
노루목상회 옆,공영,노외,강원도 영월군 김삿갓면 김삿갓로 216-3,강원도 영월군 김삿갓면 와석리 921-3,32,평일+토요일+공휴일,00:00,23:59,00:00,23:59,00:00,23:59,무료,강원도 영월군청,033-370-2356
조선민화박물관 출입구 주차장,공영,노외,강원도 영월군 김삿갓면 김삿갓로 432-10,강원도 영월군 김삿갓면 와석리 산 87-1,5,평일+토요일+공휴일,00:00,23:59,00:00,23:59,00:00,23:59,무료,강원도 영월군청,033-370-2356
조양마을길 29-1 앞,공영,노외,강원도 영월군 남면 조양마을길 29-1,강원도 영월군 남면 연당리 937,5,평일+토요일+공휴일,00:00,23:59,00:00,23:59,00:00,23:59,무료,강원도 영월군청,033-370-2356
조양마을길 27-1 옆,공영,노외,강원도 영월군 남면 조양마을길 27-1,강원도 영월군 남면 연당리 937,5,평일+토요일+공휴일,00:00,23:59,00:00,23:59,00:00,23:59,무료,강원도 영월군청,033-370-2356
조양마을길 10-5 앞,공영,노외,강원도 영월군 남면 조양마을길 10-5,강원도 영월군 남면 연당리 937,5,평일+토요일+공휴일,00:00,23:59,00:00,23:59,00:00,23:59,무료,강원도 영월군청,033-370-2356
조양마을길 35 노인회관 옆,공영,노외,강원도 영월군 남면 조양마을길 35,강원도 영월군 남면 연당리 937,4,평일+토요일+공휴일,00:00,23:59,00:00,23:59,00:00,23:59,무료,강원도 영월군청,033-370-2356
조양마을길 19 앞,공영,노외,강원도 영월군 남면 조양마을길 19,강원도 영월군 남면 연당리 937,5,평일+토요일+공휴일,00:00,23:59,00:00,23:59,00:00,23:59,무료,강원도 영월군청,033-370-2356
배일치재 쉼터,공영,노외,강원도 영월군 남면 서강로 1552-20,강원도 영월군 남면 북쌍리 산 243-2,8,평일+토요일+공휴일,00:00,23:59,00:00,23:59,00:00,23:59,무료,강원도 영월군청,033-370-2356
마차중고 가는길,공영,노외,강원도 영월군 북면 문학로길 25-9,강원도 영월군 북면 마차리 산 182-1,5,평일+토요일+공휴일,00:00,23:59,00:00,23:59,00:00,23:59,무료,강원도 영월군청,033-370-2356
마차중고 가는길,공영,노외,강원도 영월군 북면 봉래산로 991,강원도 영월군 북면 마차리 1180-22,6,평일+토요일+공휴일,00:00,23:59,00:00,23:59,00:00,23:59,무료,강원도 영월군청,033-370-2356
김삿갓박물관 앞,공영,노외,강원도 영월군 김삿갓면 김삿갓로 216-22,강원도 영월군 김삿갓면 와석리 922,56,평일+토요일+공휴일,00:00,23:59,00:00,23:59,00:00,23:59,무료,강원도 영월군청,033-370-2356
소양동사-강원공업사,공영,노상,강원도 춘천시 금강로 11,강원도 춘천시 소양로3가 175-5,20,평일+토요일+공휴일,00:00,23:59,00:00,23:59,00:00,23:59,무료,강원도 춘천시청,033-250-3415
시청후문,공영,노상,강원도 춘천시 시청길 11,강원도 춘천시 옥천동 111-1,6,평일+토요일+공휴일,00:00,23:59,00:00,23:59,00:00,23:59,무료,강원도 춘천시청,033-250-3415
효자동 메가시티,공영,노상,강원도 춘천시 춘천로 188,강원도 춘천시 효자동 654-3,20,평일+토요일+공휴일,00:00,23:59,00:00,23:59,00:00,23:59,무료,강원도 춘천시청,033-250-3415
춘천시농협,공영,노상,강원도 춘천시 중앙로 37,강원도 춘천시 중앙로1가 73,6,평일+토요일+공휴일,00:00,23:59,00:00,23:59,00:00,23:59,무료,강원도 춘천시청,033-250-3415
남부시장노상,공영,노상,강원도 춘천시 공지로 367,강원도 춘천시 효자동 684-11,4,평일+토요일+공휴일,00:00,23:59,00:00,23:59,00:00,23:59,무료,강원도 춘천시청,033-250-3415
안생약국,공영,노상,강원도 춘천시 금강로 39,강원도 춘천시 낙원동 27-1,18,평일+토요일+공휴일,00:00,23:59,00:00,23:59,00:00,23:59,무료,강원도 춘천시청,033-250-3415
요선동 이모집,공영,노상,강원도 춘천시 서부대성로48번길 20,"강원도 춘천시 요선동 14-5, 기업은행 뒤",8,평일+토요일+공휴일,00:00,23:59,00:00,23:59,00:00,23:59,무료,강원도 춘천시청,033-250-3415
춘천교육문화관,공영,노상,강원도 춘천시 중앙로107번길 14,강원도 춘천시 중앙로107번길 14,17,평일+토요일+공휴일,00:00,23:59,00:00,23:59,00:00,23:59,무료,강원도 춘천시청,033-250-3415
도농협옆,공영,노상,강원도 춘천시 중앙로 105,강원도 춘천시 중앙로3가 61,10,평일+토요일+공휴일,00:00,23:59,00:00,23:59,00:00,23:59,무료,강원도 춘천시청,033-250-3415
농협마트,공영,노상,강원도 춘천시 중앙로 105,"강원도 춘천시 중앙로3가 61, 도지부 농협마트",9,평일+토요일+공휴일,00:00,23:59,00:00,23:59,00:00,23:59,무료,강원도 춘천시청,033-250-3415
현대자동차앞,공영,노상,강원도 춘천시 공지로 359,강원도 춘천시 효자동 685,16,평일+토요일+공휴일,00:00,23:59,00:00,23:59,00:00,23:59,무료,강원도 춘천시청,033-250-3415
하늘평안교회,공영,노상,강원도 춘천시 후석로 11-6,강원도 춘천시 석사동 802-3,25,평일+토요일+공휴일,00:00,23:59,00:00,23:59,00:00,23:59,무료,강원도 춘천시청,033-250-3415
춘천시청 별관,공영,노외,강원도 춘천시 삭주로 3,강원도 춘천시 교동 36,185,평일+토요일+공휴일,09:30,18:30,09:30,18:30,09:30,18:30,혼합,강원도 춘천시청,033-250-3415
낙원아파트 앞,공영,노외,강원도 화천군 화천읍 아리 205-17,강원도 화천군 화천읍 아리 205-17,8,평일+토요일+공휴일,00:00,00:00,00:00,00:00,00:00,00:00,무료,강원도 화천군청,033-440-2365
화천중고동문회,공영,노외,강원도 화천군 화천읍 상승로 79-17,강원도 화천군 화천읍 하리 78-1,12,평일+토요일+공휴일,00:00,00:00,00:00,00:00,00:00,00:00,무료,강원도 화천군청,033-440-2365
화천교회 앞,공영,노외,강원도 화천군 화천읍 아리 213-4,강원도 화천군 화천읍 아리 213-4,13,평일+토요일+공휴일,00:00,00:00,00:00,00:00,00:00,00:00,무료,강원도 화천군청,033-440-2365
사창리 공영주차장,공영,노외,강원도 화천군 사내면 사창리 420-6,강원도 화천군 사내면 사창리 420-6,13,평일+토요일+공휴일,00:00,00:00,00:00,00:00,00:00,00:00,무료,강원도 화천군청,033-440-2365
KT&G,공영,노외,강원도 화천군 화천읍 하리 16-8,강원도 화천군 화천읍 하리 16-8,25,평일+토요일+공휴일,00:00,00:00,00:00,00:00,00:00,00:00,무료,강원도 화천군청,033-440-2365
사창리 공영주차장(구 공인중개사),공영,노외,강원도 화천군 사내면 사창리 456-2,강원도 화천군 사내면 사창리 456-2,67,평일+토요일+공휴일,00:00,00:00,00:00,00:00,00:00,00:00,무료,강원도 화천군청,033-440-2365
사창리 공영주차장(구CU마트),공영,노외,강원도 화천군 사내면 사창리 457-6,강원도 화천군 사내면 사창리 457-6,31,평일+토요일+공휴일,00:00,00:00,00:00,00:00,00:00,00:00,무료,강원도 화천군청,033-440-2365
사창리 공영주차장(사창리 읍내안),공영,노외,강원도 화천군 사내면 사내로4길 3,강원도 화천군 사내면 사창리 454-18,61,평일+토요일+공휴일,00:00,00:00,00:00,00:00,00:00,00:00,무료,강원도 화천군청,033-440-2365
산림조합 앞 주차장,공영,노외,강원도 화천군 화천읍 중앙로6길 21-2,강원도 화천군 화천읍 하리 51-6,20,평일+토요일+공휴일,00:00,00:00,00:00,00:00,00:00,00:00,무료,강원도 화천군청,033-440-2365
화천시장주차장-1,공영,노외,강원도 화천군 화천ㄴ읍 중앙로 12-10,강원도 화천군 화천읍 하리 44-40,22,평일+토요일+공휴일,00:00,00:00,00:00,00:00,00:00,00:00,무료,강원도 화천군청,033-440-2365
화천시장주차장-2,공영,노외,강원도 화천군 화천읍 중앙로4길 29-9,강원도 화천군 화천읍 하리 51-28,9,평일+토요일+공휴일,00:00,00:00,00:00,00:00,00:00,00:00,무료,강원도 화천군청,033-440-2365
하리공영주차장-1,공영,노외,강원도 화천군 화천읍 중앙로5길 8,강원도 화천군 화천읍 하리 47-12,16,평일+토요일+공휴일,00:00,00:00,00:00,00:00,00:00,00:00,무료,강원도 화천군청,033-440-2365
하리공영주차장-2,공영,노외,강원도 화천군 화천읍 하리 16-8,강원도 화천군 화천읍 하리 16-8,53,평일+토요일+공휴일,00:00,00:00,00:00,00:00,00:00,00:00,무료,강원도 화천군청,033-440-2365
형제사 옆,공영,노외,강원도 화천군 화천읍 하리 101-7,강원도 화천군 화천읍 하리 101-7,6,평일+토요일+공휴일,00:00,00:00,00:00,00:00,00:00,00:00,무료,강원도 화천군청,033-440-2365
마포갈비앞,공영,노외,강원도 화천군 화천읍 하리 34-6,강원도 화천군 화천읍 하리 34-6,9,평일+토요일+공휴일,00:00,00:00,00:00,00:00,00:00,00:00,무료,강원도 화천군청,033-440-2365
전광판~회전교차로,공영,노상,강원도 화천군 화천읍 하리 43-64,강원도 화천군 화천읍 하리 43-64,71,평일+토요일+공휴일,09:00,18:00,00:00,18:00,09:00,18:00,유료,강원도 화천군청,033-440-2365
속초식당~오성이발소,공영,노상,강원도 화천군 화천읍 아리 256-23,강원도 화천군 화천읍 아리 256-23,24,평일+토요일+공휴일,00:00,00:00,00:00,00:00,00:00,00:00,무료,강원도 화천군청,033-440-2365
대동목욕탕~삼성화재,공영,노상,강원도 화천군 화천읍 아리 43-3,강원도 화천군 화천읍 아리 43-3,18,평일+토요일+공휴일,00:00,00:00,00:00,00:00,00:00,00:00,무료,강원도 화천군청,033-440-2365
화천농협뒤,공영,노외,강원도 화천군 화천읍 중앙로3길 12,강원도 화천군 화천읍 하리 45-2,30,평일+토요일+공휴일,00:00,00:00,00:00,00:00,00:00,00:00,무료,강원도 화천군청,033-440-2365
청기와집 옆,공영,노외,강원도 화천군 화천읍 아리 248-2,강원도 화천군 화천읍 아리 248-2,8,평일+토요일+공휴일,00:00,00:00,00:00,00:00,00:00,00:00,무료,강원도 화천군청,033-440-2365
화천순두부집 옆,공영,노외,강원도 화천군 화천읍 아리 245-21,강원도 화천군 화천읍 아리 245-21,8,평일+토요일+공휴일,00:00,00:00,00:00,00:00,00:00,00:00,무료,강원도 화천군청,033-440-2365
경찰서뒤,공영,노외,강원도 화천군 화천읍 중리 249-20,강원도 화천군 화천읍 중리 249-20,13,평일+토요일+공휴일,00:00,00:00,00:00,00:00,00:00,00:00,무료,강원도 화천군청,033-440-2365
영진빌라앞,공영,노외,강원도 화천군 화천읍 중리 252-12,강원도 화천군 화천읍 중리 252-12,5,평일+토요일+공휴일,00:00,00:00,00:00,00:00,00:00,00:00,무료,강원도 화천군청,033-440-2365
산천어공방~지적공사,공영,노상,강원도 화천군 화천읍 중리 258,강원도 화천군 화천읍 중리 258,37,평일+토요일+공휴일,00:00,00:00,00:00,00:00,00:00,00:00,무료,강원도 화천군청,033-440-2365
화천중기 앞,공영,노외,강원도 화천군 화천읍 중리 254-9,강원도 화천군 화천읍 중리 254-9,7,평일+토요일+공휴일,00:00,00:00,00:00,00:00,00:00,00:00,무료,강원도 화천군청,033-440-2365
강원일보,공영,노상,강원도 춘천시 중앙로 31,강원도 춘천시 중앙로1가 60-1,18,평일+토요일+공휴일,00:00,23:59,00:00,23:59,00:00,23:59,무료,강원도 춘천시청,033-250-3415
계림탕,공영,노상,강원도 춘천시 금강로 119,"강원도 춘천시 운교동 179-7, 바우연못 주변",17,평일+토요일+공휴일,00:00,23:59,00:00,23:59,00:00,23:59,무료,강원도 춘천시청,033-250-3415
후평2동사무소-한신A,공영,노상,강원도 춘천시 부안길6번길 45,강원도 춘천시 후평동 792-1,33,평일+토요일+공휴일,00:00,23:59,00:00,23:59,00:00,23:59,무료,강원도 춘천시청,033-250-3415
후평3동사무소뒤,공영,노상,강원도 춘천시 후만로 83,강원도 춘천시 후평동 805-1,12,평일+토요일+공휴일,00:00,23:59,00:00,23:59,00:00,23:59,무료,강원도 춘천시청,033-250-3415
후평3-4단지아파트,공영,노상,강원도 춘천시 대양당길 23,강원도 춘천시 후평동 803-2,79,평일+토요일+공휴일,00:00,23:59,00:00,23:59,00:00,23:59,무료,강원도 춘천시청,033-250-3415
토우시장뒤,공영,노상,강원도 춘천시 춘천로309번길 8,강원도 춘천시 후평동 705-3,20,평일+토요일+공휴일,00:00,23:59,00:00,23:59,00:00,23:59,무료,강원도 춘천시청,033-250-3415
구)지성병원건너,공영,노상,강원도 춘천시 소양로183번길 8,강원도 춘천시 소양로1가 96-18,29,평일+토요일+공휴일,00:00,23:59,00:00,23:59,00:00,23:59,무료,강원도 춘천시청,033-250-3415
한신아파트상가앞,공영,노상,강원도 춘천시 부평길8번길 1,강원도 춘천시 후평동 833-9,12,평일+토요일+공휴일,00:00,23:59,00:00,23:59,00:00,23:59,무료,강원도 춘천시청,033-250-3415
시민회관뒤,공영,노상,강원도 춘천시 서부대성로47번길 16,강원도 춘천시 요선동 2-12,9,평일+토요일+공휴일,00:00,23:59,00:00,23:59,00:00,23:59,무료,강원도 춘천시청,033-250-3415
삼보장-소양성결교회,공영,노상,강원도 춘천시 서부대성로43번길 4,"강원도 춘천시 요선동 5-10, 오띠모 모텔",8,평일+토요일+공휴일,00:00,23:59,00:00,23:59,00:00,23:59,무료,강원도 춘천시청,033-250-3415
한답모퉁이 주차장,공영,노외,강원도 평창군 봉평면 평촌리 602,강원도 평창군 봉평면 평촌리 산1-5,10,평일+토요일+공휴일,00:00,23:59,00:00,23:59,00:00,23:59,무료,강원도 평창군청,033-330-2285
횡계천둔치주차장,공영,노외,강원도 평창군 대관령면 사부랑길 7,강원도 평창군 대관령면 횡계리 661,46,평일+토요일+공휴일,00:00,23:59,00:00,23:59,00:00,23:59,무료,강원도 평창군청,033-330-2285
봉평전통시장 주차장,공영,노외,강원도 평창군 봉평면 애강나무길 109,강원도 평창군 봉평면 창동리 413,57,평일+토요일+공휴일,00:00,23:59,00:00,23:59,00:00,23:59,무료,강원도 평창군청,033-330-2285
하리공영주차장-2,공영,노외,강원도 화천군 화천읍 하리 16-8,강원도 화천군 화천읍 하리 16-8,53,평일+토요일+공휴일,00:00,00:00,00:00,00:00,00:00,00:00,무료,강원도 화천군청,033-440-2365
전통시장 공영주차장,공영,노외,강원도 원주시 자유시장길 52,강원도 원주시 평원동 187-3,106,평일+토요일+공휴일,00:00,23:59,00:00,23:59,00:00,23:59,무료,강원도 원주시청,033-737-3544
학성동 노상주차장,공영,노상,강원도 원주시 원일로 160,강원도 원주시 학성동 207-1,51,평일,08:00,20:00,00:00,00:00,00:00,00:00,유료,강원도 원주시청,033-737-3544
무실동 공영주차장,공영,노상,강원도 원주시 능라동길 70,강원도 원주시 무실동 1855-4,165,평일,08:00,20:00,00:00,00:00,00:00,00:00,유료,강원도 원주시청,033-737-3544
척주로 주차장,공영,노상,강원도 삼척시 척주로 6,강원도 삼척시 남양동 33-8,80,평일,09:00,18:00,23:59,23:59,23:59,23:59,유료,강원도 삼척시청,033-570-3935
중앙로 주차장,공영,노상,강원도 삼척시 중앙로 226,강원도 삼척시 남양동 349-1,64,평일,09:00,18:00,23:59,23:59,23:59,23:59,무료,강원도 삼척시청,033-570-3935
가고파앞(진주로) 주차장,공영,노외,강원도 삼척시 진주로 44,강원도 삼척시 남양동 32-9,40,평일,09:00,18:00,23:59,23:59,23:59,23:59,유료,강원도 삼척시청,033-570-3935
중앙시장 제2주차장,공영,노외,강원도 삼척시 중앙시장길 4,강원도 삼척시 남양동 100-8,25,평일,09:00,18:00,23:59,23:59,23:59,23:59,유료,강원도 삼척시청,033-570-3935
삼척고등학교 주차장,공영,노상,강원도 삼척시 사대안길 16,강원도 삼척시 남양동 23-11,12,평일,09:00,18:00,23:59,23:59,23:59,23:59,유료,강원도 삼척시청,033-570-3935
삼척고등학교 주차장,공영,노외,강원도 삼척시 사대안길 9,강원도 삼척시 남양동 24-3,23,평일,09:00,18:00,23:59,23:59,23:59,23:59,유료,강원도 삼척시청,033-570-3935
강변아파트 뒤 노상주차장,공영,노상,강원도 평창군 평창읍 서동로 2543-6,강원도 평창군 평창읍 중리 270-9,18,평일+토요일+공휴일,00:00,23:59,00:00,23:59,00:00,23:59,무료,강원도 평창군청,033-330-2285
남산로 노상주차장,공영,노상,강원도 평창군 대화면 대화중앙로 112,강원도 평창군 대화면 대화리 990-1,18,평일+토요일+공휴일,00:00,23:59,00:00,23:59,00:00,23:59,무료,강원도 평창군청,033-330-2285
kt앞 노상 주차장,공영,노상,강원도 평창군 대화면 남산2길 5,강원도 평창군 대화면 대화리 1169-1,17,평일+토요일+공휴일,00:00,23:59,00:00,23:59,00:00,23:59,무료,강원도 평창군청,033-330-2285
중앙로 노상주차장,공영,노상,강원도 평창군 진부면 진부중앙로 94,강원도 평창군 진부면 하진부리 90-6,187,평일+토요일+공휴일,00:00,23:59,00:00,23:59,00:00,23:59,무료,강원도 평창군청,033-330-2285
금파정 옆 노상주차장,공영,노상,강원도 평창군 미탄면 미탄중앙로 54,강원도 평창군 미탄면 창리 778-12,15,평일+토요일+공휴일,00:00,23:59,00:00,23:59,00:00,23:59,무료,강원도 평창군청,033-330-2285
메달플라자 주차장,공영,노상,강원도 평창군 대관령면 해당화3길 24,강원도 평창군 대관령면 횡계리 707,39,평일+토요일+공휴일,00:00,23:59,00:00,23:59,00:00,23:59,무료,강원도 평창군청,033-330-2285
대관령성당앞 주차장,공영,노상,강원도 평창군 대관령면 눈마을길 47,강원도 평창군 대관령면 횡계리 339-1,6,평일+토요일+공휴일,00:00,23:59,00:00,23:59,00:00,23:59,무료,강원도 평창군청,033-330-2285
천변리 주차장,공영,노외,강원도 평창군 평창읍 천변길 56,강원도 평창군 평창읍 천변리 46,230,평일+토요일+공휴일,00:00,23:59,00:00,23:59,00:00,23:59,무료,강원도 평창군청,033-330-2285
우체국 뒤 주차장,공영,노외,강원도 평창군 평창읍 평창중앙로 66,강원도 평창군 평창읍 하리 428,23,평일+토요일+공휴일,00:00,23:59,00:00,23:59,00:00,23:59,무료,강원도 평창군청,033-330-2285
평창 중리 주차장,공영,노외,강원도 평창군 평창읍 노성로 266,강원도 평창군 평창읍 중리 105-2,25,평일+토요일+공휴일,00:00,23:59,00:00,23:59,00:00,23:59,무료,강원도 평창군청,033-330-2285
문화복지센터 주차장,공영,노외,강원도 평창군 평창중앙로 67,강원도 평창군 평창읍 하리 113-1,44,평일+토요일+공휴일,00:00,23:59,00:00,23:59,00:00,23:59,무료,강원도 평창군청,033-330-2285
터미널 뒤 주차장,공영,노외,강원도 평창군 평창읍 백오1길 14,강원도 평창군 평창읍 하리 434-2,43,평일+토요일+공휴일,00:00,23:59,00:00,23:59,00:00,23:59,무료,강원도 평창군청,033-330-2285
군청 앞 주차장,공영,노외,강원도 평창군 평창읍 군청길 77,강원도 평창군 평창읍 하리 220-1,80,평일+토요일+공휴일,00:00,23:59,00:00,23:59,00:00,23:59,무료,강원도 평창군청,033-330-2285
방범대 앞 주차장,공영,노외,강원도 평창군 평창읍 백오로 150,강원도 평창군 평창읍 중리 334-2,18,평일+토요일+공휴일,00:00,23:59,00:00,23:59,00:00,23:59,무료,강원도 평창군청,033-330-2285
소방서 앞 주차장,공영,노외,강원도 평창군 노성로 145,강원도 평창군 평창읍 중리 340,9,평일+토요일+공휴일,00:00,23:59,00:00,23:59,00:00,23:59,무료,강원도 평창군청,033-330-2285
평창교회 앞 주차장,공영,노외,강원도 평창군 평창읍 노산성길 56,강원도 평창군 평창읍 중리 361,13,평일+토요일+공휴일,00:00,23:59,00:00,23:59,00:00,23:59,무료,강원도 평창군청,033-330-2285
노성산 주차장,공영,노외,강원도 평창군 평창읍 평창중앙로 158-8,강원도 평창군 평창읍 하리 19,50,평일+토요일+공휴일,00:00,23:59,00:00,23:59,00:00,23:59,무료,강원도 평창군청,033-330-2285
청옥막국수 옆 주차장,공영,노외,강원도 평창군 평창읍 송학로 27-5,강원도 평창군 평창읍 하리 58-28,20,평일+토요일+공휴일,00:00,23:59,00:00,23:59,00:00,23:59,무료,강원도 평창군청,033-330-2285
백오아파트 뒤 주차장,공영,노외,강원도 평창군 평창읍 노람들길 18,강원도 평창군 평창읍 중리-358,16,평일+토요일+공휴일,00:00,23:59,00:00,23:59,00:00,23:59,무료,강원도 평창군청,033-330-2285
본전갈비 앞 주차장,공영,노외,강원도 평창군 평창읍 천변길 23,강원도 평창군 평창읍 하리 44-2,24,평일+토요일+공휴일,00:00,23:59,00:00,23:59,00:00,23:59,무료,강원도 평창군청,033-330-2285
성내지구 제2주차장,공영,노외,강원도 삼척시 대학로 11,강원도 삼척시 읍중동 6-2,69,평일,09:00,18:00,23:59,23:59,23:59,23:59,무료,강원도 삼척시청,033-570-3935
대학로 임시 주차장,공영,노외,강원도 삼척시 대학로 20,강원도 삼척시 당저동 142-4,34,평일,09:00,18:00,23:59,23:59,23:59,23:59,유료,강원도 삼척시청,033-570-3935
대학로 지하 주차장,공영,노외,강원도 삼척시 대학로 31,강원도 삼척시 당저동 145-3,49,평일,09:00,18:00,23:59,23:59,23:59,23:59,유료,강원도 삼척시청,033-570-3935
새마을떡집 주차장,공영,노외,강원도 삼척시 중앙시장 1길 6,강원도 삼척시 남양동 46,27,평일,09:00,18:00,23:59,23:59,23:59,23:59,유료,강원도 삼척시청,033-570-3935
중앙시장(통배기)주차장,공영,노외,강원도 삼척시 중앙시장길 15,강원도 삼척시 남양동 39-25,46,평일,09:00,18:00,23:59,23:59,23:59,23:59,유료,강원도 삼척시청,033-570-3935
중앙시장 주차타워,공영,노외,강원도 삼척시 중앙시장길 71-18,강원도 삼척시 남양동 34-3,52,평일,09:00,18:00,23:59,23:59,23:59,23:59,유료,강원도 삼척시청,033-570-3935
진주로/오십천로 주차장,공영,노상,강원도 삼척시 진주로 50-1,강원도 삼척시 당저동 62-7,60,평일,09:00,18:00,23:59,23:59,23:59,23:59,유료,강원도 삼척시청,033-570-3935
설령약수터,공영,노외,강원도 영월군 중동면 고장골길 129-7,강원도 영월군 산솔면 이목리 산 180-2,5,평일+토요일+공휴일,00:00,23:59,00:00,23:59,00:00,23:59,무료,강원도 영월군청,033-370-2356
고씨굴,공영,노외,강원도 영월군 김삿갓면 영월동로 1111,강원도 영월군 김삿갓면 진별리 506-1,75,평일+토요일+공휴일,00:00,23:59,00:00,23:59,00:00,23:59,무료,강원도 영월군청,033-370-2356
고씨굴(강변),공영,노외,강원도 영월군 김삿갓면 영월동로 1131-35,강원도 영월군 김삿갓면 진별리 498-1,253,평일+토요일+공휴일,00:00,23:59,00:00,23:59,00:00,23:59,무료,강원도 영월군청,033-370-2356
김삿갓계곡 든돌마을,공영,노외,강원도 영월군 김삿갓면 김삿갓로 697-6,강원도 영월군 김삿갓면 와석리 606,10,평일+토요일+공휴일,00:00,23:59,00:00,23:59,00:00,23:59,무료,강원도 영월군청,033-370-2356
보건지소 앞,공영,노외,강원도 영월군 북면 봉래산로 983,강원도 영월군 북면 마차리 1190-15,10,평일+토요일+공휴일,00:00,23:59,00:00,23:59,00:00,23:59,무료,강원도 영월군청,033-370-2356
삼방빌라 뒤,공영,노외,강원도 영월군 북면 봉래산로 953-8,강원도 영월군 북면 마차리 1188-43,4,평일+토요일+공휴일,00:00,23:59,00:00,23:59,00:00,23:59,무료,강원도 영월군청,033-370-2356
연당로 39 (도로변),공영,노외,강원도 영월군 남면 연당로 41,강원도 영월군 남면 연당리 1035-8,7,평일+토요일+공휴일,00:00,23:59,00:00,23:59,00:00,23:59,무료,강원도 영월군청,033-370-2356
조양마을 상가 앞,공영,노외,강원도 영월군 남면 조양마을길 6-7,강원도 영월군 남면 연당리 939-1,24,평일+토요일+공휴일,00:00,23:59,00:00,23:59,00:00,23:59,무료,강원도 영월군청,033-370-2356
조양마을길 14-1 앞,공영,노외,강원도 영월군 남면 조양마을길 14-1,강원도 영월군 남면 연당리 937,4,평일+토요일+공휴일,00:00,23:59,00:00,23:59,00:00,23:59,무료,강원도 영월군청,033-370-2356
호저면사무소 주차장,공영,노외,강원도 원주시 호저면 호저로 429,강원도 원주시 호저면 주산리 522,29,평일+토요일+공휴일,00:00,23:59,00:00,23:59,00:00,23:59,무료,강원도 원주시청,033-737-3544
남부시장 공영주차장,공영,노외,강원도 원주시 치악로 1803,강원도 원주시 명륜동 26,52,평일+토요일+공휴일,00:00,23:59,00:00,23:59,00:00,23:59,무료,강원도 원주시청,033-737-3544
국민체육센터 주차장(일반),공영,노외,강원도 원주시 남원로 565,강원도 원주시 명륜동 561,414,평일+토요일+공휴일,00:00,23:59,00:00,23:59,00:00,23:59,무료,강원도 원주시청,033-737-3544
국민체육센터 주차장(화물),공영,노외,강원도 원주시 남원로 565,강원도 원주시 명륜동 561,30,평일+토요일+공휴일,00:00,23:59,00:00,23:59,00:00,23:59,무료,강원도 원주시청,033-737-3544
우산동 주민센터앞 주차장,공영,노외,강원도 원주시 진광길 9,강원도 원주시 우산동 102-3,124,평일+토요일+공휴일,00:00,23:59,00:00,23:59,00:00,23:59,무료,강원도 원주시청,033-737-3544
태장1동 유휴지 주차장,공영,노외,강원도 원주시 천사로 291,강원도 원주시 태장동 756-2,10,평일+토요일+공휴일,00:00,23:59,00:00,23:59,00:00,23:59,무료,강원도 원주시청,033-737-3544
북원상가 공영주차장,공영,노외,강원도 원주시 태장둔치길 11,강원도 원주시 태장동 1381-8,32,평일+토요일+공휴일,00:00,23:59,00:00,23:59,00:00,23:59,무료,강원도 원주시청,033-737-3544
치악산국립공원주차장,공영,노외,강원도 원주시 소초면 무쇠점2길 44,강원도 원주시 소초면 학곡리 890-1,693,평일+토요일+공휴일,00:00,23:59,00:00,23:59,00:00,23:59,무료,강원도 원주시청,033-737-3544
송학로 노상주차장,공영,노상,강원도 평창군 평창읍 송학로 71,강원도 평창군 평창읍 하리 210-10,28,평일+토요일+공휴일,00:00,23:59,00:00,23:59,00:00,23:59,무료,강원도 평창군청,033-330-2285
중앙로 노상주차장,공영,노상,강원도 평창군 평창읍 평창중앙로 66,강원도 평창군 평창읍 하리 165-1,53,평일+토요일+공휴일,00:00,23:59,00:00,23:59,00:00,23:59,무료,강원도 평창군청,033-330-2285
백오로 노상주차장,공영,노상,강원도 평창군 평창읍 백오로 6,강원도 평창군 평창읍 하리 76-3,64,평일+토요일+공휴일,00:00,23:59,00:00,23:59,00:00,23:59,무료,강원도 평창군청,033-330-2285
군청앞 노상주차장,공영,노상,강원도 평창군 평창읍 군청길 77,강원도 평창군 평창읍 하리 210-2,35,평일+토요일+공휴일,00:00,23:59,00:00,23:59,00:00,23:59,무료,강원도 평창군청,033-330-2285
유존빌라앞 노상주차장,공영,노상,강원도 평창군 평창읍 백오로 205,강원도 평창군 평창읍 중리 282-1,13,평일+토요일+공휴일,00:00,23:59,00:00,23:59,00:00,23:59,무료,강원도 평창군청,033-330-2285
봉산동 간이주차장,공영,노외,강원도 원주시 임윤지당길 31,강원도 원주시 봉산동 1144-14,25,평일+토요일+공휴일,00:00,23:59,00:00,23:59,00:00,23:59,무료,강원도 원주시청,033-737-3544
무실동 이화마을2 주차장,공영,노외,강원도 원주시 이화4길 28,강원도 원주시 단계동 920,45,평일+토요일+공휴일,00:00,23:59,00:00,23:59,00:00,23:59,무료,강원도 원주시청,033-737-3544
두레아트빌 옆 주차장,공영,노외,강원도 평창군 평창읍 노성2길 60,강원도 평창군 평창읍 중리 102,16,평일+토요일+공휴일,00:00,23:59,00:00,23:59,00:00,23:59,무료,강원도 평창군청,033-330-2285
송정택지 2주차장,공영,노외,강원도 평창군 진부면 송정택지2길 33-10,강원도 평창군 진부면 송정리 2529-2,5,평일+토요일+공휴일,00:00,23:59,00:00,23:59,00:00,23:59,무료,강원도 평창군청,033-330-2285
송정택지 3주차장,공영,노외,강원도 평창군 진부면 송정택지1길 52-9,강원도 평창군 진부면 송정리 2540,36,평일+토요일+공휴일,00:00,23:59,00:00,23:59,00:00,23:59,무료,강원도 평창군청,033-330-2285
송정택지 4주차장,공영,노외,강원도 평창군 진부면 송정택지1길 52-9,강원도 평창군 진부면 송정리 2516-1,9,평일+토요일+공휴일,00:00,23:59,00:00,23:59,00:00,23:59,무료,강원도 평창군청,033-330-2285
진부방앗간 앞 주차장,공영,노외,강원도 평창군 진부면 진부시장뒷길 15,강원도 평창군 진부면 하진부리 145-14,19,평일+토요일+공휴일,00:00,23:59,00:00,23:59,00:00,23:59,무료,강원도 평창군청,033-330-2285
송정택지 5주차장,공영,노외,강원도 평창군 진부면 송정택지2길 31-9,강원도 평창군 진부면 송정리 2540,25,평일+토요일+공휴일,00:00,23:59,00:00,23:59,00:00,23:59,무료,강원도 평창군청,033-330-2285
진부주공아파트 앞 주차장,공영,노외,강원도 평창군 진부면 경강로 3587,강원도 평창군 진부면 하진부리 123-1,166,평일+토요일+공휴일,00:00,23:59,00:00,23:59,00:00,23:59,무료,강원도 평창군청,033-330-2285
대관령파출소 뒤 주차장,공영,노외,강원도 평창군 대관령면 대관령로 91-8,강원도 평창군 대관령면 횡계리 665,25,평일+토요일+공휴일,00:00,23:59,00:00,23:59,00:00,23:59,무료,강원도 평창군청,033-330-2285
황태회관앞주차장,공영,노외,강원도 평창군 대관령면 눈마을길 9,강원도 평창군 대관령면 횡계리 348-1,44,평일+토요일+공휴일,00:00,23:59,00:00,23:59,00:00,23:59,무료,강원도 평창군청,033-330-2285
남안교위 둔치 주차장,공영,노외,강원도 평창군 봉평면 기풍3길 3,강원도 평창군 봉평면 창동리 435-1,420,평일+토요일+공휴일,00:00,23:59,00:00,23:59,00:00,23:59,무료,강원도 평창군청,033-330-2285
장터주차장,공영,노외,강원도 평창군 봉평면 기풍3길 19,강원도 평창군 봉평면 창동리 396-38,170,평일+토요일+공휴일,00:00,23:59,00:00,23:59,00:00,23:59,무료,강원도 평창군청,033-330-2285
면사무소 앞 주차장,공영,노외,강원도 평창군 봉평면 기풍4길 10,강원도 평창군 봉평면 창동리 345,19,평일+토요일+공휴일,00:00,23:59,00:00,23:59,00:00,23:59,무료,강원도 평창군청,033-330-2285
봉평축협 앞 주차장,공영,노외,강원도 평창군 봉평면 동이장터길 26,강원도 평창군 봉평면 창동리 379-1,5,평일+토요일+공휴일,00:00,23:59,00:00,23:59,00:00,23:59,무료,강원도 평창군청,033-330-2285
고려회관 앞 주차장,공영,노외,강원도 평창군 용평면 금송1길 19-7,강원도 평창군 용평면 장평리 349-3,18,평일+토요일+공휴일,00:00,23:59,00:00,23:59,00:00,23:59,무료,강원도 평창군청,033-330-2285
장평장로교회 앞 주차장,공영,노외,강원도 평창군 용평면 금송2길 20-6,강원도 평창군 용평면 장평리 375-3,34,평일+토요일+공휴일,00:00,23:59,00:00,23:59,00:00,23:59,무료,강원도 평창군청,033-330-2285
진부주공아파트 뒤 주차장,공영,노외,강원도 평창군 진부면 진부중앙로 46,강원도 평창군 진부면 하진부리 13-7,20,평일+토요일+공휴일,00:00,23:59,00:00,23:59,00:00,23:59,무료,강원도 평창군청,033-330-2285
제일교회 앞 주차장,공영,노외,강원도 평창군 평창읍 노성2길 10,강원도 평창군 평창읍 중리 298-4,20,평일+토요일+공휴일,00:00,23:59,00:00,23:59,00:00,23:59,무료,강원도 평창군청,033-330-2285
진부전통시장 주차장,공영,노외,강원도 평창군 진부면 진부시장뒷길 27,강원도 평창군 진부면 하진부리 206-17,50,평일+토요일+공휴일,00:00,23:59,00:00,23:59,00:00,23:59,무료,강원도 평창군청,033-330-2285
진부고등학교 앞 주차장,공영,노외,강원도 평창군 진부면 청송로 64,강원도 평창군 진부면 하진부리 164-12,8,평일+토요일+공휴일,00:00,23:59,00:00,23:59,00:00,23:59,무료,강원도 평창군청,033-330-2285
백도해변,공영,노외,강원도 고성군 죽왕면 문암항길 133,강원도 고성군 죽왕면 문암진리 19-3,212,평일+토요일+공휴일,00:00,00:00,00:00,00:00,00:00,00:00,무료,강원도 고성군청,033-680-3356
토성면행정복지센터,공영,부설,강원도 고성군 토성면 천진해변길 88,강원도 고성군 토성면 천진리 131,85,평일+토요일+공휴일,00:00,00:00,00:00,00:00,00:00,00:00,무료,강원도 고성군청,033-680-3902
천진해변,공영,노외,강원도 고성군 토성면 천진해변길 46,"강원도 고성군 토성면 천진리 111-4,111-5",159,평일+토요일+공휴일,00:00,00:00,00:00,00:00,00:00,00:00,무료,강원도 고성군청,033-680-3356
아야진해변,공영,노외,강원도 고성군 토성면 아야진해변길,강원도 고성군 토성면 아야진리 249-2,164,평일+토요일+공휴일,00:00,00:00,00:00,00:00,00:00,00:00,무료,강원도 고성군청,033-680-3356
봉포항,공영,노외,강원도 고성군 죽왕면 오호길11,강원도 고성군 토성면 봉포리 1-7,122,평일+토요일+공휴일,00:00,00:00,00:00,00:00,00:00,00:00,무료,강원도 고성군청,033-680-3642
아리 경로당 앞,공영,노외,강원도 화천군 화천읍 하리 99-19,강원도 화천군 화천읍 하리 99-19,7,평일+토요일+공휴일,00:00,00:00,00:00,00:00,00:00,00:00,무료,강원도 화천군청,033-440-2365
죽왕면복지회관,공영,부설,강원도 고성군 죽왕면 심층수길 36,강원도 고성군 죽왕면 오호리 54-4,93,평일+토요일+공휴일,00:00,00:00,00:00,00:00,00:00,00:00,무료,강원도 고성군청,033-680-3883
송지호철새관망타워,공영,노외,강원도 고성군 죽왕면 동해대로 6021,강원도 고성군 죽왕면 오봉리 9-34,81,평일+토요일+공휴일,00:00,00:00,00:00,00:00,00:00,00:00,무료,강원도 고성군청,033-680-3362
봉수대해변,공영,노외,강원도 고성군 죽왕면 봉수대길 10-22,강원도 고성군 죽왕면 오호리 68-5,152,평일+토요일+공휴일,00:00,00:00,00:00,00:00,00:00,00:00,무료,강원도 고성군청,033-680-3356
송지호 해변,공영,노외,강원도 고성군 토성면 심층수길 63-1,"강원도 고성군 죽왕면 오호리 243-1,244",453,평일+토요일+공휴일,00:00,00:00,00:00,00:00,00:00,00:00,무료,강원도 고성군청,033-680-3356
공현진 해변,공영,노외,강원도 고성군 죽왕면 공현진해변길 52,강원도 고성군 죽왕면 공현진리 431-20,66,평일+토요일+공휴일,00:00,00:00,00:00,00:00,00:00,00:00,무료,강원도 고성군청,033-680-3356
거진8리 해변,공영,노외,강원도 고성군 거진읍 거진항길 13,강원도 고성군 거진읍 거진8리 287-130,116,평일+토요일+공휴일,00:00,00:00,00:00,00:00,00:00,00:00,무료,강원도 고성군청,033-680-3356
거진11리 해변,공영,노외,강원도 고성군 거진읍 행랑골4길 2-8,강원도 고성군 거진읍 거진11리 22-28,53,평일+토요일+공휴일,00:00,00:00,00:00,00:00,00:00,00:00,무료,강원도 고성군청,033-680-3356
화진포 해변,공영,노외,강원도 고성군 거진읍 화진포길 330,강원도 고성군 거진읍 화포리 516-1,430,평일+토요일+공휴일,00:00,00:00,00:00,00:00,00:00,00:00,무료,강원도 고성군청,033-680-3356
대진 금강산횟집 앞,공영,노외,강원도 고성군 현내면 한나루로2길 7,강원도 고성군 현내면 대진3리 27-20,35,평일+토요일+공휴일,00:00,00:00,00:00,00:00,00:00,00:00,무료,강원도 고성군청,033-680-3746
대진2리 주차장,공영,노외,강원도 고성군 현내면 한나루로3길 19,강원도 고성군 현내면 대진리 80,32,평일+토요일+공휴일,00:00,00:00,00:00,00:00,00:00,00:00,무료,강원도 고성군청,033-680-3632
대진3리 주차장,공영,노외,강원도 고성군 현내면 한나루로2길 6,강원도 고성군 현내면 대진리 179,22,평일+토요일+공휴일,00:00,00:00,00:00,00:00,00:00,00:00,무료,강원도 고성군청,033-680-3746
명파리해변,공영,노외,강원도 고성군 현내면 명파4길 43,강원도 고성군 현내면 명파리 230-11,104,평일+토요일+공휴일,00:00,00:00,00:00,00:00,00:00,00:00,무료,강원도 고성군청,033-680-3356
화진포해양박물관,공영,노외,강원도 고성군 현내면 화진포길 412,강원도 고성군 현내면 초도리 94-3,240,평일+토요일+공휴일,00:00,00:00,00:00,00:00,00:00,00:00,무료,강원도 고성군청,033-680-3362
죽왕면사무소,공영,부설,강원도 고성군 죽왕면 오호길11,강원도 고성군 죽왕면 오호리 163,36,평일+토요일+공휴일,00:00,00:00,00:00,00:00,00:00,00:00,무료,강원도 고성군청,033-680-3642
지방행정동우회 맞은편,공영,노외,강원도 영월군 영월읍 단종로34번길 54-88,강원도 영월군 영월읍 영흥리 967-5,10,평일+토요일+공휴일,00:00,23:59,00:00,23:59,00:00,23:59,무료,강원도 영월군청,033-370-2356
엄흥도기념관,공영,노외,강원도 영월군 영월읍 보덕사길 33-1,강원도 영월군 영월읍 영흥리 산 131-1,20,평일+토요일+공휴일,00:00,23:59,00:00,23:59,00:00,23:59,무료,강원도 영월군청,033-370-2356
중앙시장 주상복합아파트 제3공영주차장,공영,노외,강원도 영월군 영월읍 제방안길 8,강원도 영월군 영월읍 영흥리 907-1,26,평일+토요일+공휴일,00:00,23:59,00:00,23:59,00:00,23:59,무료,강원도 영월군청,033-370-2356
중앙시장 주상복합아파트 제2공영주차장,공영,노외,강원도 영월군 영월읍 영흥리 914-1,강원도 영월군 영월읍 영흥리 914-1,25,평일+토요일+공휴일,00:00,23:59,00:00,23:59,00:00,23:59,무료,강원도 영월군청,033-370-2356
영월군청 앞 세무서간 도시계획도로 주변,공영,노외,강원도 영월군 영월읍 하송안길 19-16,강원도 영월군 영월읍 하송리 185-2,32,평일+토요일+공휴일,00:00,23:59,00:00,23:59,00:00,23:59,무료,강원도 영월군청,033-370-2356
영흥리 제방주차장,공영,노외,강원도 영월군 영월읍 제방안길 30,강원도 영월군 영월읍 영흥리 923,74,평일+토요일+공휴일,00:00,23:59,00:00,23:59,00:00,23:59,무료,강원도 영월군청,033-370-2356
서부시장 주차장(신설),공영,노외,강원도 영월군 영월읍 중앙1로 4,강원도 영월군 영월읍 하송리 184-14,56,평일+토요일+공휴일,00:00,23:59,00:00,23:59,00:00,23:59,무료,강원도 영월군청,033-370-2356
하동마트 건너편,공영,노외,강원도 영월군 산솔면 영월동로 3086,강원도 영월군 산솔면 녹전리 798,16,평일+토요일+공휴일,00:00,23:59,00:00,23:59,00:00,23:59,무료,강원도 영월군청,033-370-2356
송학주천로 1759 (영월버섯 관광농원),공영,노외,강원도 영월군 주천면 송학주천로 1759,강원도 영월군 주천면 주천리 571-1,18,평일+토요일+공휴일,00:00,23:59,00:00,23:59,00:00,23:59,무료,강원도 영월군청,033-370-2356
법흥로 1230 / 구봉산휴게소,공영,노외,강원도 영월군 수주면 법흥로 1230,강원도 영월군 무릉도원면 법흥리 966-6,15,평일+토요일+공휴일,00:00,23:59,00:00,23:59,00:00,23:59,무료,강원도 영월군청,033-370-2356
운학1리 버스승강장 인근 (운학보건진료소 아래),공영,노외,강원도 영월군 수주면 덕은골길 4,강원도 영월군 무릉도원면 운학리 852-8,5,평일+토요일+공휴일,00:00,23:59,00:00,23:59,00:00,23:59,무료,강원도 영월군청,033-370-2356
운학2리 입구,공영,노외,강원도 영월군 수주면 주천강로 71,강원도 영월군 무릉도원면 운학리 1172,6,평일+토요일+공휴일,00:00,23:59,00:00,23:59,00:00,23:59,무료,강원도 영월군청,033-370-2356
학산천부녀회,공영,노외,강원도 영월군 수주면 덕은골길 4,강원도 영월군 무릉도원면 운학리 823-4,14,평일+토요일+공휴일,00:00,23:59,00:00,23:59,00:00,23:59,무료,강원도 영월군청,033-370-2356
을밀대,공영,노외,강원도 영월군 영월읍 영월로 2375-8,강원도 영월군 영월읍 연하리 830,506,평일+토요일+공휴일,00:00,23:59,00:00,23:59,00:00,23:59,무료,강원도 영월군청,033-370-2356
영월역,공영,노외,강원도 영월군 영월읍 영월로 2110,강원도 영월군 영월읍 덕포리 507,132,평일+토요일+공휴일,00:00,23:59,00:00,23:59,00:00,23:59,무료,강원도 영월군청,033-370-2356
영월시네마 앞 제2주차장,공영,노외,강원도 영월군 영월읍 관풍헌길 65,강원도 영월군 영월읍 영흥리 971-3,30,평일+토요일+공휴일,00:00,23:59,00:00,23:59,00:00,23:59,무료,강원도 영월군청,033-370-2356
영월시네마 앞 제1주차장,공영,노외,강원도 영월군 영월읍 관풍헌길 68,강원도 영월군 영월읍 영흥리 983-1,10,평일+토요일+공휴일,00:00,23:59,00:00,23:59,00:00,23:59,무료,강원도 영월군청,033-370-2356
운학3리 경로당 앞,공영,노외,강원도 영월군 무릉도원면 도원운학로 2053,강원도 영월군 무릉도원면 운학리 1454-4,7,평일+토요일+공휴일,00:00,23:59,00:00,23:59,00:00,23:59,무료,강원도 영월군청,033-370-2356
창절서원주차장,공영,노외,강원도 영월군 영월읍 단종로 62-7,강원도 영월군 영월읍 영흥리 1062-5,87,평일+토요일+공휴일,00:00,23:59,00:00,23:59,00:00,23:59,무료,강원도 영월군청,033-370-2356
동부감리교회 맞은편,공영,노외,강원도 영월군 영월읍 느티나무길 13,강원도 영월군 영월읍 덕포리 795-2,17,평일+토요일+공휴일,00:00,23:59,00:00,23:59,00:00,23:59,무료,강원도 영월군청,033-370-2356
장가네흑염소숯불구이 위,공영,노외,강원도 영월군 영월읍 요리골목길 12,강원도 영월군 영월읍 영흥리 927-13,15,평일+토요일+공휴일,00:00,23:59,00:00,23:59,00:00,23:59,무료,강원도 영월군청,033-370-2356
백승야식 옆,공영,노외,강원도 영월군 영월읍 요리골목길 29,강원도 영월군 영월읍 영흥리 941-1,5,평일+토요일+공휴일,00:00,23:59,00:00,23:59,00:00,23:59,무료,강원도 영월군청,033-370-2356
하나로마트 후면,공영,노외,강원도 영월군 영월읍 관풍헌길 16,강원도 영월군 영월읍 영흥리 925-28,10,평일+토요일+공휴일,00:00,23:59,00:00,23:59,00:00,23:59,무료,강원도 영월군청,033-370-2356
천주교 영월천주교 아래,공영,노외,강원도 영월군 영월읍 중앙로 91-2,강원도 영월군 영월읍 영흥리 899-4,41,평일+토요일+공휴일,00:00,23:59,00:00,23:59,00:00,23:59,무료,강원도 영월군청,033-370-2356
J클래식 뒤쪽,공영,노외,강원도 영월군 영월읍 하송로 123-4,강원도 영월군 영월읍 하송리 421-2,40,평일+토요일+공휴일,00:00,23:59,00:00,23:59,00:00,23:59,무료,강원도 영월군청,033-370-2356
덕포지구(소로2-70) 노외주차장,공영,노외,강원도 영월군 영월읍 덕포하리1길 6,강원도 영월군 영월읍 덕포리 635-1,7,평일+토요일+공휴일,00:00,23:59,00:00,23:59,00:00,23:59,무료,강원도 영월군청,033-370-2356
이화빌라 앞,공영,노외,강원도 영월군 영월읍 관풍헌길 97-6,강원도 영월군 영월읍 영흥리 968-1,8,평일+토요일+공휴일,00:00,23:59,00:00,23:59,00:00,23:59,무료,강원도 영월군청,033-370-2356
해동주차장,민영,노외,강원도 원주시 서원대로 181,강원도 원주시 단계동 878-1,109,평일+토요일+공휴일,00:00,23:59,00:00,23:59,00:00,23:59,유료,강원도 원주시청,033-737-3544
시외버스터미널주차장,민영,노외,강원도 원주시 서원대로 171,강원도 원주시 단계동 877-1,817,평일+토요일+공휴일,00:00,23:59,00:00,23:59,00:00,23:59,유료,강원도 원주시청,033-737-3544
AJ파크원주단계점주차장,민영,노외,강원도 원주시 서원대로 156-1,강원도 원주시 단계동 879-6,24,평일+토요일+공휴일,00:00,23:59,00:00,23:59,00:00,23:59,유료,강원도 원주시청,033-737-3544
삼광유료주차장,민영,노외,강원도 원주시 삼광2길 16,강원도 원주시 봉산동 1194-1,30,평일+토요일+공휴일,00:00,23:59,00:00,23:59,00:00,23:59,유료,강원도 원주시청,033-737-3544
에이스주차타워,민영,노외,강원도 원주시 시청로 78,강원도 원주시 무실동 1641-12,31,평일+토요일+공휴일,00:00,23:59,00:00,23:59,00:00,23:59,유료,강원도 원주시청,033-737-3544
잠보주차타워,민영,노외,강원도 원주시 시청로 76,강원도 원주시 무실동 1641-5,42,평일+토요일+공휴일,00:00,23:59,00:00,23:59,00:00,23:59,유료,강원도 원주시청,033-737-3544
휴먼주차타워,민영,노외,강원도 원주시 만대공원길 8-10,강원도 원주시 무실동 1734-4,38,평일+토요일+공휴일,00:00,23:59,00:00,23:59,00:00,23:59,유료,강원도 원주시청,033-737-3544
에스티에프주차타워,민영,노외,강원도 원주시 만대공원길 50,강원도 원주시 무실동 1726-6,121,평일+토요일+공휴일,00:00,23:59,00:00,23:59,00:00,23:59,유료,강원도 원주시청,033-737-3544
무실동주차장,민영,노외,강원도 원주시 능라동길 60,강원도 원주시 무실동 1855-5,50,평일+토요일+공휴일,00:00,23:59,00:00,23:59,00:00,23:59,무료,강원도 원주시청,033-737-3544
원주역주차장,민영,노외,강원도 원주시 평원로 158,강원도 원주시 학성동 413-4,34,평일+토요일+공휴일,00:00,23:59,00:00,23:59,00:00,23:59,무료,강원도 원주시청,033-737-3544
학성공영주차장,공영,노외,강원도 원주시 학성길 120,강원도 원주시 학성동 223-75,115,평일,08:00,20:00,00:00,00:00,00:00,00:00,유료,강원도 원주시청,033-737-3544
문막공영주차장,공영,노외,강원도 원주시 문막읍 원문로 1890,강원도 원주시 문막읍 문막리 1044,229,평일+토요일+공휴일,00:00,23:59,00:00,23:59,00:00,23:59,무료,강원도 원주시청,033-737-3544
동화리 공영주차장,공영,노외,강원도 원주시 문막읍 동화택지길 3-7,강원도 원주시 문막읍 동화리 1539-2,26,평일+토요일+공휴일,00:00,23:59,00:00,23:59,00:00,23:59,무료,강원도 원주시청,033-737-3544
부론면 공영주차장,공영,노외,강원도 원주시 부론면 법천시장길 51-2,강원도 원주시 부론면 법천리 1449-1,60,평일+토요일+공휴일,00:00,23:59,00:00,23:59,00:00,23:59,무료,강원도 원주시청,033-737-3544
흥업 공영주차장,공영,노외,강원도 원주시 흥업면 남원로 60,강원도 원주시 흥업면 흥업리 584-1,30,평일+토요일+공휴일,00:00,23:59,00:00,23:59,00:00,23:59,무료,강원도 원주시청,033-737-3544
수정유료주차장,민영,노외,강원도 원주시 감영길 20,강원도 원주시 원동 5-27,9,평일+토요일+공휴일,00:00,23:59,00:00,23:59,00:00,23:59,유료,강원도 원주시청,033-737-3544
남산주차장,민영,노외,강원도 원주시 원일로 53-1,강원도 원주시 원동 58-4,27,평일+토요일+공휴일,00:00,23:59,00:00,23:59,00:00,23:59,유료,강원도 원주시청,033-737-3544
광진주차장,민영,노외,강원도 원주시 치악로 1817,강원도 원주시 인동 183,17,평일+토요일+공휴일,00:00,23:59,00:00,23:59,00:00,23:59,유료,강원도 원주시청,033-737-3544
성지병원주차장,민영,노외,강원도 원주시 중앙로 38-2,강원도 원주시 인동 25-31,44,평일+토요일+공휴일,00:00,23:59,00:00,23:59,00:00,23:59,유료,강원도 원주시청,033-737-3544
세창주차장,민영,노외,강원도 원주시 개봉길 12,강원도 원주시 개운동 384-22,23,평일+토요일+공휴일,00:00,23:59,00:00,23:59,00:00,23:59,유료,강원도 원주시청,033-737-3544
개운현대주차장,민영,노외,강원도 원주시 치악로 1771,강원도 원주시 개운동 124-6,25,평일+토요일+공휴일,00:00,23:59,00:00,23:59,00:00,23:59,유료,강원도 원주시청,033-737-3544
21세기유료주차장,민영,노외,강원도 원주시 남원로534번길 28,강원도 원주시 단구동 1514-1,64,평일+토요일+공휴일,00:00,23:59,00:00,23:59,00:00,23:59,유료,강원도 원주시청,033-737-3544
아울렛 주차장,민영,노외,강원도 원주시 단구로 354-17,강원도 원주시 단구동 1610-5,180,평일+토요일+공휴일,00:00,23:59,00:00,23:59,00:00,23:59,유료,강원도 원주시청,033-737-3544
양지주차장,민영,노외,강원도 원주시 무실로 25-1,강원도 원주시 일산동 12-11,16,평일+토요일+공휴일,00:00,23:59,00:00,23:59,00:00,23:59,유료,강원도 원주시청,033-737-3544
롯데주차장,민영,노외,강원도 원주시 무실로12번길 45,강원도 원주시 일산동 362,35,평일+토요일+공휴일,00:00,23:59,00:00,23:59,00:00,23:59,유료,강원도 원주시청,033-737-3544
현대주차장,민영,노외,강원도 원주시 천사로 198,강원도 원주시 일산동 193-21,17,평일+토요일+공휴일,00:00,23:59,00:00,23:59,00:00,23:59,유료,강원도 원주시청,033-737-3544
대교(신세계)주차장,민영,노외,강원도 원주시 천사로 202,강원도 원주시 일산동 193-12,16,평일+토요일+공휴일,00:00,23:59,00:00,23:59,00:00,23:59,유료,강원도 원주시청,033-737-3544
원주주차장,민영,노외,강원도 원주시 무실로12번길 39,강원도 원주시 일산동 70-8,40,평일+토요일+공휴일,00:00,23:59,00:00,23:59,00:00,23:59,유료,강원도 원주시청,033-737-3544
제일신협주차장,민영,노외,강원도 원주시 무실로 16-1,강원도 원주시 일산동 89-1,19,평일+토요일+공휴일,00:00,23:59,00:00,23:59,00:00,23:59,유료,강원도 원주시청,033-737-3544
제일주차장,민영,노외,강원도 원주시 일산로 34,강원도 원주시 일산동 119-1,50,평일+토요일+공휴일,00:00,23:59,00:00,23:59,00:00,23:59,유료,강원도 원주시청,033-737-3544
원주기독병원주차장,민영,노외,강원도 원주시 일산로 20,강원도 원주시 일산동 97-3,905,평일+토요일+공휴일,00:00,23:59,00:00,23:59,00:00,23:59,유료,강원도 원주시청,033-737-3544
원주주차타워,민영,노외,강원도 원주시 장미공원길 65,강원도 원주시 단계동 864,159,평일+토요일+공휴일,00:00,23:59,00:00,23:59,00:00,23:59,유료,강원도 원주시청,033-737-3544
오대천둔치주차장,공영,노외,강원도 평창군 진부면 경강로 3554,강원도 평창군 진부면 하진부리 1289-46,167,평일+토요일+공휴일,00:00,23:59,00:00,23:59,00:00,23:59,무료,강원도 평창군청,033-330-2285
대화전통시장 주차장,공영,노외,강원도 평창군 대화면 대화3길 34,강원도 평창군 대화면 대화리 1001-50,9,평일+토요일+공휴일,00:00,23:59,00:00,23:59,00:00,23:59,무료,강원도 평창군청,033-330-2285
면사무소앞주차장,공영,노외,강원도 평창군 진부면 석두산2길 13,강원도 평창군 진부면 하진부리 171-3,30,평일+토요일+공휴일,00:00,23:59,00:00,23:59,00:00,23:59,무료,강원도 평창군청,033-330-2285
대화전통시장입구주차장,공영,노외,강원도 평창군 대화면 대화시장2길 23-3,강원도 평창군 대화면 대화리 1001-215,12,평일+토요일+공휴일,00:00,23:59,00:00,23:59,00:00,23:59,무료,강원도 평창군청,033-330-2285
하진부리(구터미널)주차장,공영,노외,강원도 평창군 진부면 진부시장뒷길 66,강원도 평창군 진부면 하진부리 206-131,35,평일+토요일+공휴일,00:00,23:59,00:00,23:59,00:00,23:59,무료,강원도 평창군청,033-330-2285
대화면 공원주차장,공영,노외,강원도 평창군 대화면 대화중앙로 95,강원도 평창군 대화면 대화리 967-1,29,평일+토요일+공휴일,00:00,23:59,00:00,23:59,00:00,23:59,무료,강원도 평창군청,033-330-2285
진부초교앞 주차장,공영,노외,강원도 평창군 진부면 진부새싹길 42,강원도 평창군 진부면 하진부리 206-11,24,평일+토요일+공휴일,00:00,23:59,00:00,23:59,00:00,23:59,무료,강원도 평창군청,033-330-2285
문화마을 2주차장,공영,노외,강원도 평창군 대화면 문화택지길 58,강원도 평창군 대화면 대화리 1962-1,30,평일+토요일+공휴일,00:00,23:59,00:00,23:59,00:00,23:59,무료,강원도 평창군청,033-330-2285
송정택지 주차공원,공영,노외,강원도 평창군 진부면 송정택지2길 28-20,강원도 평창군 진부면 송정리 2535-1,8,평일+토요일+공휴일,00:00,23:59,00:00,23:59,00:00,23:59,무료,강원도 평창군청,033-330-2285
문화마을 3주차장,공영,노외,강원도 평창군 대화면 문화택지길 58,강원도 평창군 대화면 대화리 1959,16,평일+토요일+공휴일,00:00,23:59,00:00,23:59,00:00,23:59,무료,강원도 평창군청,033-330-2285
하진부리(태백주유소뒤)주차장,공영,노외,강원도 평창군 진부면 진부중앙로 100-5,강원도 평창군 진부면 하진부리 1289-30,17,평일+토요일+공휴일,00:00,23:59,00:00,23:59,00:00,23:59,무료,강원도 평창군청,033-330-2285
계촌초등학교 정문 주차장,공영,노외,강원도 평창군 방림면 계촌길 61,강원도 평창군 방림면 계촌리 1486-1,5,평일+토요일+공휴일,00:00,23:59,00:00,23:59,00:00,23:59,무료,강원도 평창군청,033-330-2285
계방산 주차장,공영,노외,강원도 평창군 용평면 운두령로 743,강원도 평창군 봉평면 노동리 159,30,평일+토요일+공휴일,00:00,23:59,00:00,23:59,00:00,23:59,무료,강원도 평창군청,033-330-2285
방림복지회관 앞 주차장,공영,노외,강원도 평창군 방림면 서동로 1338-3,강원도 평창군 방림면 방림리 1269,17,평일+토요일+공휴일,00:00,23:59,00:00,23:59,00:00,23:59,무료,강원도 평창군청,033-330-2285
금당광고 앞 주차장,공영,노외,강원도 평창군 대화면 대화중앙로 52,강원도 평창군 대화면 대화리 942,29,평일+토요일+공휴일,00:00,23:59,00:00,23:59,00:00,23:59,무료,강원도 평창군청,033-330-2285
동화주차장,민영,노외,강원도 원주시 원일로 148-12,강원도 원주시 중앙동 17,15,평일+토요일+공휴일,00:00,23:59,00:00,23:59,00:00,23:59,유료,강원도 원주시청,033-737-3544
B도로 주차장,민영,노외,강원도 원주시 중앙로 68,강원도 원주시 중앙동 183,37,평일+토요일+공휴일,00:00,23:59,00:00,23:59,00:00,23:59,유료,강원도 원주시청,033-737-3544
원주 중앙동 주차장,민영,노외,강원도 원주시 평원로 55,강원도 원주시 중앙동 74-2,21,평일+토요일+공휴일,00:00,23:59,00:00,23:59,00:00,23:59,유료,강원도 원주시청,033-737-3544
원흥주차장,민영,노외,강원도 원주시 평원로 51,강원도 원주시 중앙동 81,44,평일+토요일+공휴일,00:00,23:59,00:00,23:59,00:00,23:59,유료,강원도 원주시청,033-737-3544
평원주차장,민영,노외,강원도 원주시 중앙시장길 57,강원도 원주시 평원동 189-4,14,평일+토요일+공휴일,00:00,23:59,00:00,23:59,00:00,23:59,유료,강원도 원주시청,033-737-3544
태호주차장,민영,노외,강원도 원주시 중앙시장길 51,강원도 원주시 평원동 190-23,14,평일+토요일+공휴일,00:00,23:59,00:00,23:59,00:00,23:59,유료,강원도 원주시청,033-737-3544
금성주차장,민영,노외,강원도 원주시 평원로 44,강원도 원주시 평원동 310-13,11,평일+토요일+공휴일,00:00,23:59,00:00,23:59,00:00,23:59,유료,강원도 원주시청,033-737-3544
형제주차장,민영,노외,강원도 원주시 평원로 22,강원도 원주시 평원동 349-1,48,평일+토요일+공휴일,00:00,23:59,00:00,23:59,00:00,23:59,유료,강원도 원주시청,033-737-3544
전원주차장,민영,노외,강원도 원주시 중앙시장길 54,강원도 원주시 평원동 198-1,13,평일+토요일+공휴일,00:00,23:59,00:00,23:59,00:00,23:59,유료,강원도 원주시청,033-737-3544
정지뜰주차장,민영,노외,강원도 원주시 평원로 90,강원도 원주시 학성동 202-3,34,평일+토요일+공휴일,00:00,23:59,00:00,23:59,00:00,23:59,유료,강원도 원주시청,033-737-3544
구 역파 앞,공영,노외,강원도 영월군 영월읍 영월로 2106,강원도 영월군 영월읍 덕포리 507-5,10,평일+토요일+공휴일,00:00,23:59,00:00,23:59,00:00,23:59,무료,강원도 영월군청,033-370-2356
약물내기,공영,노외,강원도 영월군 영월읍 대내길 497,강원도 영월군 영월읍 덕포리 202-1,30,평일+토요일+공휴일,00:00,23:59,00:00,23:59,00:00,23:59,무료,강원도 영월군청,033-370-2356
청령포주차장,공영,노외,강원도 영월군 영월읍 청령포로 111,강원도 영월군 영월읍 방절리 240,151,평일+토요일+공휴일,00:00,23:59,00:00,23:59,00:00,23:59,무료,강원도 영월군청,033-370-2356
청령포 다리 밑,공영,노외,강원도 영월군 영월읍 청령포로 111,강원도 영월군 영월읍 방절리 233-4,45,평일+토요일+공휴일,00:00,23:59,00:00,23:59,00:00,23:59,무료,강원도 영월군청,033-370-2356
신아아파트 앞,공영,노외,강원도 영월군 영월읍 청령포로 213,강원도 영월군 영월읍 방절리 476-2,57,평일+토요일+공휴일,00:00,23:59,00:00,23:59,00:00,23:59,무료,강원도 영월군청,033-370-2356
삼옥리 동굴민박 건너편,공영,노외,강원도 영월군 영월읍 동강로 630,강원도 영월군 영월읍 삼옥리 301,15,평일+토요일+공휴일,00:00,23:59,00:00,23:59,00:00,23:59,무료,강원도 영월군청,033-370-2356
영모전길 64-10 (동진빌라 맞은편),공영,노외,강원도 영월군 영월읍 영모전길 64-10,강원도 영월군 영월읍 영흥리 817-14,5,평일+토요일+공휴일,00:00,23:59,00:00,23:59,00:00,23:59,무료,강원도 영월군청,033-370-2356
관풍헌길 97-6 이화빌라 옆,공영,노외,강원도 영월군 영월읍 관풍헌길 97-6,강원도 영월군 영월읍 영흥리 967-12,6,평일+토요일+공휴일,00:00,23:59,00:00,23:59,00:00,23:59,무료,강원도 영월군청,033-370-2356
관풍로 16번길 9-13,공영,노외,강원도 영월군 영월읍 단종로16번길 9-13,강원도 영월군 영월읍 영흥리 965-1,2,평일+토요일+공휴일,00:00,23:59,00:00,23:59,00:00,23:59,무료,강원도 영월군청,033-370-2356
상동소방서 앞,공영,노외,강원도 영월군 상동읍 구래로 211,강원도 영월군 상동읍 구래리 103-215,25,평일+토요일+공휴일,00:00,23:59,00:00,23:59,00:00,23:59,무료,강원도 영월군청,033-370-2356
산1-37 / 약수터,공영,노외,강원도 영월군 상동읍 구래로 57-1,강원도 영월군 상동읍 구래리 95-59,8,평일+토요일+공휴일,00:00,23:59,00:00,23:59,00:00,23:59,무료,강원도 영월군청,033-370-2356
느티나무길 72-1,공영,노외,강원도 영월군 영월읍 느티나무길 70,강원도 영월군 영월읍 덕포리 555-1,15,평일+토요일+공휴일,00:00,23:59,00:00,23:59,00:00,23:59,무료,강원도 영월군청,033-370-2356
춘자슈퍼 옆,공영,노외,강원도 영월군 영월읍 단종로 179,강원도 영월군 영월읍 영흥리 1096-6,8,평일+토요일+공휴일,00:00,23:59,00:00,23:59,00:00,23:59,무료,강원도 영월군청,033-370-2356
단종로 177-11 앞,공영,노외,강원도 영월군 영월읍 단종로 177-11,강원도 영월군 영월읍 영흥리 1097-15,4,평일+토요일+공휴일,00:00,23:59,00:00,23:59,00:00,23:59,무료,강원도 영월군청,033-370-2356
단종로 34번길 45(옆),공영,노외,강원도 영월군 영월읍 단종로 34번길 45,강원도 영월군 영월읍 영흥리 1012-3,7,평일+토요일+공휴일,00:00,23:59,00:00,23:59,00:00,23:59,무료,강원도 영월군청,033-370-2356
내성길31번길 38 건너편,공영,노외,강원도 영월군 영월읍 내성길31번길 38,강원도 영월군 영월읍 영흥리 787-4,4,평일+토요일+공휴일,00:00,23:59,00:00,23:59,00:00,23:59,무료,강원도 영월군청,033-370-2356
면사무소앞 주차장(신설),공영,노외,강원도 평창군 대화면 남산2길 20,강원도 평창군 대화면 대화리 1171,30,평일+토요일+공휴일,00:00,23:59,00:00,23:59,00:00,23:59,무료,강원도 평창군청,033-330-2285
대화의원,공영,노외,강원도 평창군 대화면 대화1길 38-3,강원도 평창군 대화면 대화리 978-12,40,평일+토요일+공휴일,00:00,23:59,00:00,23:59,00:00,23:59,무료,강원도 평창군청,033-330-2285
대화전통시장 주차공원,공영,노외,강원도 평창군 대화면 대화1길 19,강원도 평창군 대화면 대화리 1000-6,40,평일+토요일+공휴일,00:00,23:59,00:00,23:59,00:00,23:59,무료,강원도 평창군청,033-330-2285
백룡동굴 주차장,공영,노외,강원도 평창군 미탄면 문희길 63,강원도 평창군 미탄면 마하리 82,49,평일+토요일+공휴일,00:00,23:59,00:00,23:59,00:00,23:59,무료,강원도 평창군청,033-330-2285
백강파크빌 옆 주차장,공영,노외,강원도 평창군 미탄면 창천변길 9,강원도 평창군 미탄면 창리 730,7,평일+토요일+공휴일,00:00,23:59,00:00,23:59,00:00,23:59,무료,강원도 평창군청,033-330-2285
효석문학관 (소형),공영,노외,강원도 평창군 봉평면 효석문학길 73-25,강원도 평창군 봉평면 창동리 548-3,23,평일+토요일+공휴일,00:00,23:59,00:00,23:59,00:00,23:59,무료,강원도 평창군청,033-330-2285
평창식당 옆 주차장,공영,노외,강원도 평창군 미탄면 새터길 6,강원도 평창군 미탄면 창리 277-4,14,평일+토요일+공휴일,00:00,23:59,00:00,23:59,00:00,23:59,무료,강원도 평창군청,033-330-2285
효석문학관 (대형),공영,노외,강원도 평창군 봉평면 효석문학길 73-25,강원도 평창군 봉평면 창동리 530-13,9,평일+토요일+공휴일,00:00,23:59,00:00,23:59,00:00,23:59,무료,강원도 평창군청,033-330-2285
면사무소옆 주차장,공영,노외,강원도 평창군 봉평면 기풍로 150-2,강원도 평창군 봉평면 창동리 362-2,38,평일+토요일+공휴일,00:00,23:59,00:00,23:59,00:00,23:59,무료,강원도 평창군청,033-330-2285
카페마커모얘 앞 주차장,공영,노외,강원도 평창군 미탄면 미탄중앙로 6,강원도 평창군 미탄면 창리 693-2,13,평일+토요일+공휴일,00:00,23:59,00:00,23:59,00:00,23:59,무료,강원도 평창군청,033-330-2285
봉평중고등학교 옆,공영,노외,강원도 평창군 봉평면 기풍3길 17,강원도 평창군 봉평면 창동리 396-38,63,평일+토요일+공휴일,00:00,23:59,00:00,23:59,00:00,23:59,무료,강원도 평창군청,033-330-2285
운교치안센터 옆 주차장,공영,노외,강원도 평창군 방림면 서동로 275,강원도 평창군 방림면 운교리 959-2,15,평일+토요일+공휴일,00:00,23:59,00:00,23:59,00:00,23:59,무료,강원도 평창군청,033-330-2285
금강정주차장,공영,노외,강원도 영월군 영월읍 금강공원길 79,강원도 영월군 영월읍 영흥리 891-3,7,평일+토요일+공휴일,00:00,23:59,00:00,23:59,00:00,23:59,무료,강원도 영월군청,033-370-2356
향교 앞,공영,노외,강원도 영월군 영월읍 영월향교길 64,강원도 영월군 영월읍 영흥리 851-2,18,평일+토요일+공휴일,00:00,23:59,00:00,23:59,00:00,23:59,무료,강원도 영월군청,033-370-2356
향교 맞은편,공영,노외,강원도 영월군 영월읍 영월향교길 64,강원도 영월군 영월읍 영흥리 884,9,평일+토요일+공휴일,00:00,23:59,00:00,23:59,00:00,23:59,무료,강원도 영월군청,033-370-2356
설원칡냉면 옆,공영,노외,강원도 영월군 영월읍 중앙로 86,강원도 영월군 영월읍 영흥리 901-68,38,평일+토요일+공휴일,00:00,23:59,00:00,23:59,00:00,23:59,무료,강원도 영월군청,033-370-2356
구 시외버스터미널부지,공영,노외,강원도 영월군 영월읍 중앙로 83,강원도 영월군 영월읍 영흥리 848-1,33,평일+토요일+공휴일,00:00,23:59,00:00,23:59,00:00,23:59,무료,강원도 영월군청,033-370-2356
영월고등학교 정문 맞은편,공영,노외,강원도 영월군 영월읍 오무개길 51,강원도 영월군 영월읍 영흥리 802-9,10,평일+토요일+공휴일,00:00,23:59,00:00,23:59,00:00,23:59,무료,강원도 영월군청,033-370-2356
영월중학교 운동장 맞은편,공영,노외,강원도 영월군 영월읍 오무개길 51,강원도 영월군 영월읍 영흥리 802-20,9,평일+토요일+공휴일,00:00,23:59,00:00,23:59,00:00,23:59,무료,강원도 영월군청,033-370-2356
영모전,공영,노외,강원도 영월군 영월읍 영모전길 148,강원도 영월군 영월읍 영흥리 1033-33,30,평일+토요일+공휴일,00:00,23:59,00:00,23:59,00:00,23:59,무료,강원도 영월군청,033-370-2356
다우빌라 앞,공영,노외,강원도 영월군 영월읍 영모전길 148,강원도 영월군 영월읍 영흥리 1033-15,20,평일+토요일+공휴일,00:00,23:59,00:00,23:59,00:00,23:59,무료,강원도 영월군청,033-370-2356
삼춘식육점 옆,공영,노외,강원도 영월군 영월읍 단종로16번길 61-3,강원도 영월군 영월읍 영흥리 832-1,6,평일+토요일+공휴일,00:00,23:59,00:00,23:59,00:00,23:59,무료,강원도 영월군청,033-370-2356
카페메이트↔영월웨딩홀 사이,공영,노외,강원도 영월군 영월읍 단종로16번길 18-6,강원도 영월군 영월읍 영흥리 971-25,10,평일+토요일+공휴일,00:00,23:59,00:00,23:59,00:00,23:59,무료,강원도 영월군청,033-370-2356
명동화원 앞(영월웨딩홀 아래),공영,노외,강원도 영월군 영월읍 중앙로 49-9,강원도 영월군 영월읍 영흥리 972-23,6,평일+토요일+공휴일,00:00,23:59,00:00,23:59,00:00,23:59,무료,강원도 영월군청,033-370-2356
삼정숯불갈비 옆,공영,노외,강원도 영월군 영월읍 하송로 120,강원도 영월군 영월읍 하송리 379-12,25,평일+토요일+공휴일,00:00,23:59,00:00,23:59,00:00,23:59,무료,강원도 영월군청,033-370-2356
웰빙주차장(보덕사 밑),공영,노외,강원도 영월군 영월읍 보덕사길 34,강원도 영월군 영월읍 영흥리 1105-10,36,평일+토요일+공휴일,00:00,23:59,00:00,23:59,00:00,23:59,무료,강원도 영월군청,033-370-2356
장릉주차장,공영,노외,강원도 영월군 영월읍 보덕사길 34,강원도 영월군 영월읍 영흥리 1112,72,평일+토요일+공휴일,00:00,23:59,00:00,23:59,00:00,23:59,무료,강원도 영월군청,033-370-2356
방절리 선돌주차장,공영,노외,강원도 영월군 영월읍 선돌길 141,강원도 영월군 영월읍 방절리 373-1,26,평일+토요일+공휴일,00:00,23:59,00:00,23:59,00:00,23:59,무료,강원도 영월군청,033-370-2356
미소가아파트 옆,공영,노외,강원도 영월군 영월읍 덕포하리5길 30,강원도 영월군 영월읍 덕포리 616-4,12,평일+토요일+공휴일,00:00,23:59,00:00,23:59,00:00,23:59,무료,강원도 영월군청,033-370-2356
덕포하리6길 43-29 인근,공영,노외,강원도 영월군 영월읍 덕포하리6길 43-29,강원도 영월군 영월읍 덕포리 659,8,평일+토요일+공휴일,00:00,23:59,00:00,23:59,00:00,23:59,무료,강원도 영월군청,033-370-2356
덕포하리1길 47(앞),공영,노외,강원도 영월군 영월읍 덕포하리1길 47,강원도 영월군 영월읍 덕포리 641-6,6,평일+토요일+공휴일,00:00,23:59,00:00,23:59,00:00,23:59,무료,강원도 영월군청,033-370-2356
"세경대 앞 주차장(대형22, 소형18)",공영,노외,강원도 영월군 영월읍 하송로 197,강원도 영월군 영월읍 하송리 432-24,40,평일+토요일+공휴일,00:00,23:59,00:00,23:59,00:00,23:59,무료,강원도 영월군청,033-370-2356
축복교회 앞,공영,노외,강원도 영월군 영월읍 봉래산로 47,강원도 영월군 영월읍 영흥리 810-12,18,평일+토요일+공휴일,00:00,23:59,00:00,23:59,00:00,23:59,무료,강원도 영월군청,033-370-2356
농협주차장 뒤,공영,노외,강원도 영월군 영월읍 단종로 10,강원도 영월군 영월읍 영흥리 975-4,29,평일+토요일+공휴일,00:00,23:59,00:00,23:59,00:00,23:59,무료,강원도 영월군청,033-370-2356
전통시장 주차장,공영,노외,강원도 영월군 영월읍 덕포시장길 53,강원도 영월군 영월읍 덕포리 486-3,23,평일+토요일+공휴일,00:00,23:59,00:00,23:59,00:00,23:59,무료,강원도 영월군청,033-370-2356
봉래초교 정문 앞,공영,노외,강원도 영월군 영월읍 중앙로 168-13,강원도 영월군 영월읍 덕포리 560-5,8,평일+토요일+공휴일,00:00,23:59,00:00,23:59,00:00,23:59,무료,강원도 영월군청,033-370-2356
서부시장 인근 주차장(동강한우타운),공영,노외,강원도 영월군 영월읍 하송안길 65,강원도 영월군 영월읍 하송리 7,56,평일+토요일+공휴일,00:00,23:59,00:00,23:59,00:00,23:59,무료,강원도 영월군청,033-370-2356
서부시장 주차장(지상),공영,노외,강원도 영월군 영월읍 하송안길 89,강원도 영월군 영월읍 하송리 11-2,42,평일+토요일+공휴일,00:00,23:59,00:00,23:59,00:00,23:59,무료,강원도 영월군청,033-370-2356
서부시장 주차장(지하),공영,노외,강원도 영월군 영월읍 하송안길 89,강원도 영월군 영월읍 하송리 11-2,26,평일+토요일+공휴일,00:00,23:59,00:00,23:59,00:00,23:59,무료,강원도 영월군청,033-370-2356
문화예술회관 주차장,공영,노외,강원도 영월군 영월읍 단종로 24,강원도 영월군 영월읍 영흥리 961-2,102,평일+토요일+공휴일,00:00,23:59,00:00,23:59,00:00,23:59,무료,강원도 영월군청,033-370-2356
금용아파트 인근(505-5외2),공영,노외,강원도 영월군 영월읍 중리1길 107,강원도 영월군 영월읍 덕포리 505-5,110,평일+토요일+공휴일,00:00,23:59,00:00,23:59,00:00,23:59,무료,강원도 영월군청,033-370-2356
군청 밑 안산공원 주차장,공영,노외,강원도 영월군 영월읍 하송로 64,강원도 영월군 영월읍 하송리 242,29,평일+토요일+공휴일,00:00,23:59,00:00,23:59,00:00,23:59,무료,강원도 영월군청,033-370-2356
제1공영주차장 (주천농협 뒤),공영,노외,강원도 영월군 주천면 주천로 68,강원도 영월군 주천면 주천리 1137-2,36,평일+토요일+공휴일,00:00,23:59,00:00,23:59,00:00,23:59,무료,강원도 영월군청,033-370-2356
제2공영주차장 (형제상회 뒤),공영,노외,강원도 영월군 주천면 주천로 76-1,강원도 영월군 주천면 주천리 1266-9,17,평일+토요일+공휴일,00:00,23:59,00:00,23:59,00:00,23:59,무료,강원도 영월군청,033-370-2356
제3공영주차장,공영,노외,강원도 영월군 주천면 주천시장길 48-2,강원도 영월군 주천면 주천리 897-17,20,평일+토요일+공휴일,00:00,23:59,00:00,23:59,00:00,23:59,무료,강원도 영월군청,033-370-2356
제4공영주차장 (주천성당 앞),공영,노외,강원도 영월군 주천면 주천로89번길 17,강원도 영월군 주천면 주천리 895-1,26,평일+토요일+공휴일,00:00,23:59,00:00,23:59,00:00,23:59,무료,강원도 영월군청,033-370-2356
주천시장 공영주차장 (주천시장),공영,노외,강원도 영월군 주천면 주천시장길 40,강원도 영월군 주천면 주천리 1232-4,19,평일+토요일+공휴일,00:00,23:59,00:00,23:59,00:00,23:59,무료,강원도 영월군청,033-370-2356
장충약수터 앞,공영,노외,강원도 영월군 주천면 장충동길 6,강원도 영월군 주천면 판운리 1370-1,15,평일+토요일+공휴일,00:00,23:59,00:00,23:59,00:00,23:59,무료,강원도 영월군청,033-370-2356
판운쉼터 앞,공영,노외,강원도 영월군 주천면 송학주천로 2141,강원도 영월군 주천면 판운리 488-5,8,평일+토요일+공휴일,00:00,23:59,00:00,23:59,00:00,23:59,무료,강원도 영월군청,033-370-2356
법장사입구 주차장,공영,노외,강원도 평창군 대화면 고대동길 168,강원도 평창군 대화면 대화리 1758-15,10,평일+토요일+공휴일,00:00,23:59,00:00,23:59,00:00,23:59,무료,강원도 평창군청,033-330-2285
흥업 공영주차장,공영,노외,강원도 원주시 흥업면 남원로 60,강원도 원주시 흥업면 흥업리 584-1,30,평일+토요일+공휴일,00:00,23:59,00:00,23:59,00:00,23:59,무료,강원도 원주시청,033-737-3544
귀래면 간이주차장,공영,노외,강원도 원주시 귀래면 미륵산길 406,강원도 원주시 귀래면 주포리 234-3,50,평일+토요일+공휴일,00:00,23:59,00:00,23:59,00:00,23:59,무료,강원도 원주시청,033-737-3544
단구동 유휴지 주차장,공영,노외,강원도 원주시 단구로 281,강원도 원주시 단구동 596-5,62,평일+토요일+공휴일,00:00,23:59,00:00,23:59,00:00,23:59,무료,강원도 원주시청,033-737-3544
단구동 간이 공영주차장,공영,노외,강원도 원주시 단관길 110-1,강원도 원주시 단구동 1669-1,20,평일+토요일+공휴일,00:00,23:59,00:00,23:59,00:00,23:59,무료,강원도 원주시청,033-737-3544
우산동 돌터5길 공영주차장,공영,노외,강원도 원주시 우산초교길 28-3,강원도 원주시 우산동 229-9,23,평일+토요일+공휴일,00:00,23:59,00:00,23:59,00:00,23:59,무료,강원도 원주시청,033-737-3544
태장2동 공영주차장,공영,노외,강원도 원주시 흥양로18번길 35,강원도 원주시 태장동 산 56-4,49,평일+토요일+공휴일,00:00,23:59,00:00,23:59,00:00,23:59,무료,강원도 원주시청,033-737-3544
태장2동 간이주차장,공영,노외,강원도 원주시 북원로2685번길 25-5,강원도 원주시 태장동 2691,36,평일+토요일+공휴일,00:00,23:59,00:00,23:59,00:00,23:59,무료,강원도 원주시청,033-737-3544
AJ파크원주단계점주차장,민영,노외,강원도 원주시 서원대로 156-1,강원도 원주시 단계동 879-6,24,평일+토요일+공휴일,00:00,23:59,00:00,23:59,00:00,23:59,유료,강원도 원주시청,033-737-3544
삼광유료주차장,민영,노외,강원도 원주시 삼광2길 16,강원도 원주시 봉산동 1194-1,30,평일+토요일+공휴일,00:00,23:59,00:00,23:59,00:00,23:59,유료,강원도 원주시청,033-737-3544
에이스주차타워,민영,노외,강원도 원주시 시청로 78,강원도 원주시 무실동 1641-12,31,평일+토요일+공휴일,00:00,23:59,00:00,23:59,00:00,23:59,유료,강원도 원주시청,033-737-3544
잠보주차타워,민영,노외,강원도 원주시 시청로 76,강원도 원주시 무실동 1641-5,42,평일+토요일+공휴일,00:00,23:59,00:00,23:59,00:00,23:59,유료,강원도 원주시청,033-737-3544
휴먼주차타워,민영,노외,강원도 원주시 만대공원길 8-10,강원도 원주시 무실동 1734-4,38,평일+토요일+공휴일,00:00,23:59,00:00,23:59,00:00,23:59,유료,강원도 원주시청,033-737-3544
에스티에프주차타워,민영,노외,강원도 원주시 만대공원길 50,강원도 원주시 무실동 1726-6,121,평일+토요일+공휴일,00:00,23:59,00:00,23:59,00:00,23:59,유료,강원도 원주시청,033-737-3544
무실동주차장,민영,노외,강원도 원주시 능라동길 60,강원도 원주시 무실동 1855-5,50,평일+토요일+공휴일,00:00,23:59,00:00,23:59,00:00,23:59,무료,강원도 원주시청,033-737-3544
원주역주차장,민영,노외,강원도 원주시 평원로 158,강원도 원주시 학성동 413-4,34,평일+토요일+공휴일,00:00,23:59,00:00,23:59,00:00,23:59,무료,강원도 원주시청,033-737-3544
학성공영주차장,공영,노외,강원도 원주시 학성길 120,강원도 원주시 학성동 223-75,115,평일,08:00,20:00,00:00,00:00,00:00,00:00,유료,강원도 원주시청,033-737-3544
문막공영주차장,공영,노외,강원도 원주시 문막읍 원문로 1890,강원도 원주시 문막읍 문막리 1044,229,평일+토요일+공휴일,00:00,23:59,00:00,23:59,00:00,23:59,무료,강원도 원주시청,033-737-3544
동화리 공영주차장,공영,노외,강원도 원주시 문막읍 동화택지길 3-7,강원도 원주시 문막읍 동화리 1539-2,26,평일+토요일+공휴일,00:00,23:59,00:00,23:59,00:00,23:59,무료,강원도 원주시청,033-737-3544
부론면 공영주차장,공영,노외,강원도 원주시 부론면 법천시장길 51-2,강원도 원주시 부론면 법천리 1449-1,60,평일+토요일+공휴일,00:00,23:59,00:00,23:59,00:00,23:59,무료,강원도 원주시청,033-737-3544
구래리 103-13번지 맞은편,공영,노외,강원도 영월군 상동읍 상동시장길 33-3,강원도 영월군 상동읍 구래리 103-13,16,평일+토요일+공휴일,00:00,23:59,00:00,23:59,00:00,23:59,무료,강원도 영월군청,033-370-2356
쌍용역 밑 공영주차장,공영,노외,강원도 영월군 한반도면 용정원길 9,강원도 영월군 한반도면 쌍용리 490-1,18,평일+토요일+공휴일,00:00,23:59,00:00,23:59,00:00,23:59,무료,강원도 영월군청,033-370-2356
쌍용복지타운 공영주차장,공영,노외,강원도 영월군 한반도면 쌍용로 203-5,강원도 영월군 한반도면 쌍용리 454-12,25,평일+토요일+공휴일,00:00,23:59,00:00,23:59,00:00,23:59,무료,강원도 영월군청,033-370-2356
쌍용중학교 입구 다리 밑 (공영),공영,노외,강원도 영월군 한반도면 쌍용삼거리길 4,강원도 영월군 한반도면 쌍용리 901-5,34,평일+토요일+공휴일,00:00,23:59,00:00,23:59,00:00,23:59,무료,강원도 영월군청,033-370-2356
면사무소 아래골목,공영,노외,강원도 영월군 한반도면 신천길 7,강원도 영월군 한반도면 신천리 461-8,27,평일+토요일+공휴일,00:00,23:59,00:00,23:59,00:00,23:59,무료,강원도 영월군청,033-370-2356
한반도지형,공영,노외,강원도 영월군 한반도면 선암길 66-9,강원도 영월군 한반도면 옹정리 산 129-6,226,평일+토요일+공휴일,00:00,23:59,00:00,23:59,00:00,23:59,무료,강원도 영월군청,033-370-2356
뗏못체험 주차장,공영,노외,강원도 영월군 한반도면 선암길 70,강원도 영월군 한반도면 옹정리 512,60,평일+토요일+공휴일,00:00,23:59,00:00,23:59,00:00,23:59,무료,강원도 영월군청,033-370-2356
쌍용감리교회 인근,공영,노외,강원도 영월군 한반도면 쌍용로 152-11,강원도 영월군 한반도면 쌍용리 450-7,30,평일+토요일+공휴일,00:00,23:59,00:00,23:59,00:00,23:59,무료,강원도 영월군청,033-370-2356
주천전통시장 주차장,공영,노외,강원도 영월군 주천면 주천시장길 33,강원도 영월군 주천면 주천리 897-17,45,평일+토요일+공휴일,00:00,23:59,00:00,23:59,00:00,23:59,무료,강원도 영월군청,033-370-2356
금마 독립만세공원,공영,노외,강원도 영월군 주천면 송학주천로 1003,강원도 영월군 주천면 금마리 산 394-1,30,평일+토요일+공휴일,00:00,23:59,00:00,23:59,00:00,23:59,무료,강원도 영월군청,033-370-2356
주천강 둔치,공영,노외,강원도 영월군 주천면 도천길 176-2,강원도 영월군 주천면 주천리 1124-3,106,평일+토요일+공휴일,00:00,23:59,00:00,23:59,00:00,23:59,무료,강원도 영월군청,033-370-2356
세창주차장,민영,노외,강원도 원주시 개봉길 12,강원도 원주시 개운동 384-22,23,평일+토요일+공휴일,00:00,23:59,00:00,23:59,00:00,23:59,유료,강원도 원주시청,033-737-3544
개운현대주차장,민영,노외,강원도 원주시 치악로 1771,강원도 원주시 개운동 124-6,25,평일+토요일+공휴일,00:00,23:59,00:00,23:59,00:00,23:59,유료,강원도 원주시청,033-737-3544
21세기유료주차장,민영,노외,강원도 원주시 남원로534번길 28,강원도 원주시 단구동 1514-1,64,평일+토요일+공휴일,00:00,23:59,00:00,23:59,00:00,23:59,유료,강원도 원주시청,033-737-3544
아울렛 주차장,민영,노외,강원도 원주시 단구로 354-17,강원도 원주시 단구동 1610-5,180,평일+토요일+공휴일,00:00,23:59,00:00,23:59,00:00,23:59,유료,강원도 원주시청,033-737-3544
양지주차장,민영,노외,강원도 원주시 무실로 25-1,강원도 원주시 일산동 12-11,16,평일+토요일+공휴일,00:00,23:59,00:00,23:59,00:00,23:59,유료,강원도 원주시청,033-737-3544
롯데주차장,민영,노외,강원도 원주시 무실로12번길 45,강원도 원주시 일산동 362,35,평일+토요일+공휴일,00:00,23:59,00:00,23:59,00:00,23:59,유료,강원도 원주시청,033-737-3544
현대주차장,민영,노외,강원도 원주시 천사로 198,강원도 원주시 일산동 193-21,17,평일+토요일+공휴일,00:00,23:59,00:00,23:59,00:00,23:59,유료,강원도 원주시청,033-737-3544
대교(신세계)주차장,민영,노외,강원도 원주시 천사로 202,강원도 원주시 일산동 193-12,16,평일+토요일+공휴일,00:00,23:59,00:00,23:59,00:00,23:59,유료,강원도 원주시청,033-737-3544
원주주차장,민영,노외,강원도 원주시 무실로12번길 39,강원도 원주시 일산동 70-8,40,평일+토요일+공휴일,00:00,23:59,00:00,23:59,00:00,23:59,유료,강원도 원주시청,033-737-3544
제일신협주차장,민영,노외,강원도 원주시 무실로 16-1,강원도 원주시 일산동 89-1,19,평일+토요일+공휴일,00:00,23:59,00:00,23:59,00:00,23:59,유료,강원도 원주시청,033-737-3544
제일주차장,민영,노외,강원도 원주시 일산로 34,강원도 원주시 일산동 119-1,50,평일+토요일+공휴일,00:00,23:59,00:00,23:59,00:00,23:59,유료,강원도 원주시청,033-737-3544
원주기독병원주차장,민영,노외,강원도 원주시 일산로 20,강원도 원주시 일산동 97-3,905,평일+토요일+공휴일,00:00,23:59,00:00,23:59,00:00,23:59,유료,강원도 원주시청,033-737-3544
원주주차타워,민영,노외,강원도 원주시 장미공원길 65,강원도 원주시 단계동 864,159,평일+토요일+공휴일,00:00,23:59,00:00,23:59,00:00,23:59,유료,강원도 원주시청,033-737-3544
해동주차장,민영,노외,강원도 원주시 서원대로 181,강원도 원주시 단계동 878-1,109,평일+토요일+공휴일,00:00,23:59,00:00,23:59,00:00,23:59,유료,강원도 원주시청,033-737-3544
시외버스터미널주차장,민영,노외,강원도 원주시 서원대로 171,강원도 원주시 단계동 877-1,817,평일+토요일+공휴일,00:00,23:59,00:00,23:59,00:00,23:59,유료,강원도 원주시청,033-737-3544
국민체육센터 주차장(일반),공영,노외,강원도 원주시 남원로 565,강원도 원주시 명륜동 561,414,평일+토요일+공휴일,00:00,23:59,00:00,23:59,00:00,23:59,무료,강원도 원주시청,033-737-3544
국민체육센터 주차장(화물),공영,노외,강원도 원주시 남원로 565,강원도 원주시 명륜동 561,30,평일+토요일+공휴일,00:00,23:59,00:00,23:59,00:00,23:59,무료,강원도 원주시청,033-737-3544
우산동 주민센터앞 주차장,공영,노외,강원도 원주시 진광길 9,강원도 원주시 우산동 102-3,124,평일+토요일+공휴일,00:00,23:59,00:00,23:59,00:00,23:59,무료,강원도 원주시청,033-737-3544
태장1동 유휴지 주차장,공영,노외,강원도 원주시 천사로 291,강원도 원주시 태장동 756-2,10,평일+토요일+공휴일,00:00,23:59,00:00,23:59,00:00,23:59,무료,강원도 원주시청,033-737-3544
북원상가 공영주차장,공영,노외,강원도 원주시 태장둔치길 11,강원도 원주시 태장동 1381-8,32,평일+토요일+공휴일,00:00,23:59,00:00,23:59,00:00,23:59,무료,강원도 원주시청,033-737-3544
치악산국립공원주차장,공영,노외,강원도 원주시 소초면 무쇠점2길 44,강원도 원주시 소초면 학곡리 890-1,693,평일+토요일+공휴일,00:00,23:59,00:00,23:59,00:00,23:59,무료,강원도 원주시청,033-737-3544
전통시장 공영주차장,공영,노외,강원도 원주시 자유시장길 52,강원도 원주시 평원동 187-3,106,평일+토요일+공휴일,00:00,23:59,00:00,23:59,00:00,23:59,무료,강원도 원주시청,033-737-3544
학성동 노상주차장,공영,노상,강원도 원주시 원일로 160,강원도 원주시 학성동 207-1,51,평일,08:00,20:00,00:00,00:00,00:00,00:00,유료,강원도 원주시청,033-737-3544
무실동 공영주차장,공영,노상,강원도 원주시 능라동길 70,강원도 원주시 무실동 1855-4,165,평일,08:00,20:00,00:00,00:00,00:00,00:00,유료,강원도 원주시청,033-737-3544
무실동 이화마을2 주차장,공영,노외,강원도 원주시 이화4길 28,강원도 원주시 단계동 920,45,평일+토요일+공휴일,00:00,23:59,00:00,23:59,00:00,23:59,무료,강원도 원주시청,033-737-3544
호저면사무소 주차장,공영,노외,강원도 원주시 호저면 호저로 429,강원도 원주시 호저면 주산리 522,29,평일+토요일+공휴일,00:00,23:59,00:00,23:59,00:00,23:59,무료,강원도 원주시청,033-737-3544
남부시장 공영주차장,공영,노외,강원도 원주시 치악로 1803,강원도 원주시 명륜동 26,52,평일+토요일+공휴일,00:00,23:59,00:00,23:59,00:00,23:59,무료,강원도 원주시청,033-737-3544
귀래면 간이주차장,공영,노외,강원도 원주시 귀래면 미륵산길 406,강원도 원주시 귀래면 주포리 234-3,50,평일+토요일+공휴일,00:00,23:59,00:00,23:59,00:00,23:59,무료,강원도 원주시청,033-737-3544
단구동 유휴지 주차장,공영,노외,강원도 원주시 단구로 281,강원도 원주시 단구동 596-5,62,평일+토요일+공휴일,00:00,23:59,00:00,23:59,00:00,23:59,무료,강원도 원주시청,033-737-3544
단구동 간이 공영주차장,공영,노외,강원도 원주시 단관길 110-1,강원도 원주시 단구동 1669-1,20,평일+토요일+공휴일,00:00,23:59,00:00,23:59,00:00,23:59,무료,강원도 원주시청,033-737-3544
우산동 돌터5길 공영주차장,공영,노외,강원도 원주시 우산초교길 28-3,강원도 원주시 우산동 229-9,23,평일+토요일+공휴일,00:00,23:59,00:00,23:59,00:00,23:59,무료,강원도 원주시청,033-737-3544
태장2동 공영주차장,공영,노외,강원도 원주시 흥양로18번길 35,강원도 원주시 태장동 산 56-4,49,평일+토요일+공휴일,00:00,23:59,00:00,23:59,00:00,23:59,무료,강원도 원주시청,033-737-3544
태장2동 간이주차장,공영,노외,강원도 원주시 북원로2685번길 25-5,강원도 원주시 태장동 2691,36,평일+토요일+공휴일,00:00,23:59,00:00,23:59,00:00,23:59,무료,강원도 원주시청,033-737-3544
봉산동 간이주차장,공영,노외,강원도 원주시 임윤지당길 31,강원도 원주시 봉산동 1144-14,25,평일+토요일+공휴일,00:00,23:59,00:00,23:59,00:00,23:59,무료,강원도 원주시청,033-737-3544
북면 제6(택시),공영,노외,강원도 인제군 북면 원통로177번길 11,강원도 인제군 북면 원통리 640-9,41,평일+토요일+공휴일,00:00,23:59,00:00,23:59,00:00,23:59,무료,강원도 인제군청,033-460-2164
고성종합운동장,공영,노외,강원도 고성군 간성읍 수성로 91,강원도 고성군 간성읍 상리500,20,평일+토요일+공휴일,00:00,00:00,00:00,00:00,00:00,00:00,무료,강원도 고성군청,033-680-3713
종합운동장 풋살장,공영,노외,강원도 고성군 간성읍 수성로 92,강원도 고성군 간성읍 상리501,295,평일+토요일+공휴일,00:00,00:00,00:00,00:00,00:00,00:00,무료,강원도 고성군청,033-680-3713
종합운동장 체육관 앞,공영,노외,강원도 고성군 간성읍 수성로 93,강원도 고성군 간성읍 상리502,25,평일+토요일+공휴일,00:00,00:00,00:00,00:00,00:00,00:00,무료,강원도 고성군청,033-680-3713
종합운동장 골프장,공영,노외,강원도 고성군 간성읍 수성로 94,강원도 고성군 간성읍 상리503,322,평일+토요일+공휴일,00:00,00:00,00:00,00:00,00:00,00:00,무료,강원도 고성군청,033-680-3713
종합운동장 금수리방향,공영,노외,강원도 고성군 간성읍 수성로 95,강원도 고성군 간성읍 상리504,49,평일+토요일+공휴일,00:00,00:00,00:00,00:00,00:00,00:00,무료,강원도 고성군청,033-680-3713
종합운동장 뒷편,공영,노외,강원도 고성군 간성읍 간성로 52번길,"강원도 고성군 간성읍 신안리 309-27, 276",158,평일+토요일+공휴일,00:00,00:00,00:00,00:00,00:00,00:00,무료,강원도 고성군청,033-680-3377
고성지역자활센터,공영,노외,강원도 고성군 간성읍 쇠롱골길 8,강원도 고성군 간성읍 상리 188-1,33,평일+토요일+공휴일,00:00,00:00,00:00,00:00,00:00,00:00,무료,강원도 고성군청,033-680-3322
간성 신안리 공원,공영,노외,강원도 고성군 간성읍 간성북로 7번길 10,"강원도 고성군 간성읍 신안리 258-6, 259-7",32,평일+토요일+공휴일,00:00,00:00,00:00,00:00,00:00,00:00,무료,강원도 고성군청,033-680-3437
거진읍사무소 광장,공영,노외,강원도 고성군 거진읍 자산천로 240,강원도 고성군 거진읍 송포리 634,158,평일+토요일+공휴일,00:00,00:00,00:00,00:00,00:00,00:00,무료,강원도 고성군청,033-680-3622
거진1리 어촌계활어회집 뒤,공영,노외,강원도 고성군 거진읍 거탄진로 209번길 19,강원도 고성군 거진읍 거진리 25-5,42,평일+토요일+공휴일,00:00,00:00,00:00,00:00,00:00,00:00,무료,강원도 고성군청,033-680-3622
거진항 부두,공영,노외,강원도 고성군 거진읍 거탄진로 194,강원도 고성군 거진읍 거진리 22-75,82,평일+토요일+공휴일,00:00,00:00,00:00,00:00,00:00,00:00,무료,강원도 고성군청,033-680-3622
거진전통시장,공영,노외,강원도 고성군 거진읍 거진시장길 14,"강원도 고성군 거진읍 거진7리 267-4, 272-7",118,평일+토요일+공휴일,00:00,00:00,00:00,00:00,00:00,00:00,무료,강원도 고성군청,033-680-3377
대화전통시장 주차장,공영,노외,강원도 평창군 대화면 대화3길 34,강원도 평창군 대화면 대화리 1001-50,9,평일+토요일+공휴일,00:00,23:59,00:00,23:59,00:00,23:59,무료,강원도 평창군청,033-330-2285
고성군청,공영,부설,강원도 고성군 간성읍 고성중앙길 9,강원도 고성군 간성읍 하리 12,311,평일+토요일+공휴일,00:00,00:00,00:00,00:00,00:00,00:00,무료,강원도 고성군청,033-680-3294
하송주차장,공영,노외,강원도 영월군 영월읍 하송로 123-4,강원도 영월군 영월읍 하송리 398-1,41,평일+토요일+공휴일,00:00,23:59,00:00,23:59,00:00,23:59,무료,강원도 영월군청,033-370-2356
주공2차-주공4차 간,공영,노외,강원도 영월군 영월읍 은행나무길 122,강원도 영월군 영월읍 하송리 90-8,32,평일+토요일+공휴일,00:00,23:59,00:00,23:59,00:00,23:59,무료,강원도 영월군청,033-370-2356
북면 제6(택시),공영,노외,강원도 인제군 북면 원통로177번길 11,강원도 인제군 북면 원통리 640-9,41,평일+토요일+공휴일,00:00,23:59,00:00,23:59,00:00,23:59,무료,강원도 인제군청,033-460-2164
오대천둔치주차장,공영,노외,강원도 평창군 진부면 경강로 3554,강원도 평창군 진부면 하진부리 1289-46,167,평일+토요일+공휴일,00:00,23:59,00:00,23:59,00:00,23:59,무료,강원도 평창군청,033-330-2285
생활체육시설,공영,노외,강원도 영월군 영월읍 제방안길 100,강원도 영월군 영월읍 하송리 56,176,평일+토요일+공휴일,00:00,23:59,00:00,23:59,00:00,23:59,무료,강원도 영월군청,033-370-2356
홍제동소주차장,공영,노외,강원도 강릉시 명주로59번길 18,강원도 강릉시 홍제동 209-3,4,평일+토요일+공휴일,00:00,23:59,00:00,23:59,00:00,23:59,무료,강원도 강릉시청 교통과,033-640-5624
극동공업사 건너편,공영,노외,강원도 영월군 영월읍 덕포우회길 54,강원도 영월군 영월읍 덕포리 574-343,59,평일+토요일+공휴일,00:00,23:59,00:00,23:59,00:00,23:59,무료,강원도 영월군청,033-370-2356
영파-영월오토바이,공영,노외,강원도 영월군 영월읍 영모전길 39,강원도 영월군 영월읍 영흥리 833-1,43,평일+토요일+공휴일,00:00,23:59,00:00,23:59,00:00,23:59,무료,강원도 영월군청,033-370-2356
산림조합 앞 주차장,공영,노외,강원도 화천군 화천읍 중앙로6길 21-2,강원도 화천군 화천읍 하리 51-6,20,평일+토요일+공휴일,00:00,00:00,00:00,00:00,00:00,00:00,무료,강원도 화천군청,033-440-2365
화천시장주차장-1,공영,노외,강원도 화천군 화천ㄴ읍 중앙로 12-10,강원도 화천군 화천읍 하리 44-40,22,평일+토요일+공휴일,00:00,00:00,00:00,00:00,00:00,00:00,무료,강원도 화천군청,033-440-2365
화천시장주차장-2,공영,노외,강원도 화천군 화천읍 중앙로4길 29-9,강원도 화천군 화천읍 하리 51-28,9,평일+토요일+공휴일,00:00,00:00,00:00,00:00,00:00,00:00,무료,강원도 화천군청,033-440-2365
하리공영주차장-1,공영,노외,강원도 화천군 화천읍 중앙로5길 8,강원도 화천군 화천읍 하리 47-12,16,평일+토요일+공휴일,00:00,00:00,00:00,00:00,00:00,00:00,무료,강원도 화천군청,033-440-2365
사창리 공영주차장(구 공인중개사),공영,노외,강원도 화천군 사내면 사창리 456-2,강원도 화천군 사내면 사창리 456-2,67,평일+토요일+공휴일,00:00,00:00,00:00,00:00,00:00,00:00,무료,강원도 화천군청,033-440-2365
사창리 공영주차장(구CU마트),공영,노외,강원도 화천군 사내면 사창리 457-6,강원도 화천군 사내면 사창리 457-6,31,평일+토요일+공휴일,00:00,00:00,00:00,00:00,00:00,00:00,무료,강원도 화천군청,033-440-2365
사창리 공영주차장(사창리 읍내안),공영,노외,강원도 화천군 사내면 사내로4길 3,강원도 화천군 사내면 사창리 454-18,61,평일+토요일+공휴일,00:00,00:00,00:00,00:00,00:00,00:00,무료,강원도 화천군청,033-440-2365
부자상회 - 영모전간,공영,노외,강원도 영월군 영월읍 영모전길 98,강원도 영월군 영월읍 영흥리 1033-10,12,평일+토요일+공휴일,00:00,23:59,00:00,23:59,00:00,23:59,무료,강원도 영월군청,033-370-2356
부자상회 - 영모전간,공영,노외,강원도 영월군 영월읍 영모전길 98,강원도 영월군 영월읍 영흥리 1033-81,5,평일+토요일+공휴일,00:00,23:59,00:00,23:59,00:00,23:59,무료,강원도 영월군청,033-370-2356
부자상회 - 영모전간,공영,노외,강원도 영월군 영월읍 영모전길 79,강원도 영월군 영월읍 영흥리 1013-18,13,평일+토요일+공휴일,00:00,23:59,00:00,23:59,00:00,23:59,무료,강원도 영월군청,033-370-2356
수정빌라 옆,공영,노외,강원도 영월군 영월읍 단종로 95,강원도 영월군 영월읍 영흥리 1053-3,29,평일+토요일+공휴일,00:00,23:59,00:00,23:59,00:00,23:59,무료,강원도 영월군청,033-370-2356
덕포보건지소 주차장,공영,노외,강원도 영월군 영월읍 중앙로 148,강원도 영월군 영월읍 덕포리 574-66,20,평일+토요일+공휴일,00:00,23:59,00:00,23:59,00:00,23:59,무료,강원도 영월군청,033-370-2356
주공아파트,공영,노외,강원도 영월군 영월읍 중앙로 4,강원도 영월군 영월읍 하송리 195-3,65,평일+토요일+공휴일,00:00,23:59,00:00,23:59,00:00,23:59,무료,강원도 영월군청,033-370-2356
장릉보리밥집 앞,공영,노외,강원도 영월군 영월읍 단종로 178-10,강원도 영월군 영월읍 영흥리 1101-21,22,평일+토요일+공휴일,00:00,23:59,00:00,23:59,00:00,23:59,무료,강원도 영월군청,033-370-2356
내성길21번길 12 앞,공영,노외,강원도 영월군 영월읍 내성길21번길 12,강원도 영월군 영월읍 영흥리 784-2,20,평일+토요일+공휴일,00:00,23:59,00:00,23:59,00:00,23:59,무료,강원도 영월군청,033-370-2356
섭새주차장,공영,노외,강원도 영월군 영월읍 동강로 836,강원도 영월군 영월읍 삼옥리 236,215,평일+토요일+공휴일,00:00,23:59,00:00,23:59,00:00,23:59,무료,강원도 영월군청,033-370-2356
문산주차장,공영,노외,강원도 영월군 영월읍 동강로 1495,강원도 영월군 영월읍 문산리 413-1,59,평일+토요일+공휴일,00:00,23:59,00:00,23:59,00:00,23:59,무료,강원도 영월군청,033-370-2356
영월초교 후문주차장,공영,노외,강원도 영월군 영월읍 하송안길 100,강원도 영월군 영월읍 영흥리 925-19,16,평일+토요일+공휴일,00:00,23:59,00:00,23:59,00:00,23:59,무료,강원도 영월군청,033-370-2356
영월장로교회 인근,공영,노외,강원도 영월군 영월읍 영월로 2079,강원도 영월군 영월읍 덕포리 486-22,67,평일+토요일+공휴일,00:00,23:59,00:00,23:59,00:00,23:59,무료,강원도 영월군청,033-370-2356
영월대교회 뒤,공영,노외,강원도 영월군 영월읍 중앙1로 35,강원도 영월군 영월읍 하송리 255-3,32,평일+토요일+공휴일,00:00,23:59,00:00,23:59,00:00,23:59,무료,강원도 영월군청,033-370-2356
백년기와 옆,공영,노외,강원도 영월군 영월읍 봉래산로 48,강원도 영월군 영월읍 영흥리 727-36,6,평일+토요일+공휴일,00:00,23:59,00:00,23:59,00:00,23:59,무료,강원도 영월군청,033-370-2356
백년기와-수원지간,공영,노외,강원도 영월군 영월읍 봉래산로 48,강원도 영월군 영월읍 영흥리 768-4,12,평일+토요일+공휴일,00:00,23:59,00:00,23:59,00:00,23:59,무료,강원도 영월군청,033-370-2356
KT&G,공영,노외,강원도 화천군 화천읍 하리 16-8,강원도 화천군 화천읍 하리 16-8,25,평일+토요일+공휴일,00:00,00:00,00:00,00:00,00:00,00:00,무료,강원도 화천군청,033-440-2365
"내성초교 진입로 방향(상,하)",공영,노상,강원도 영월군 영월읍 봉래산로 63,강원도 영월군 영월읍 영흥리 800-8,85,평일+토요일+공휴일,00:00,23:59,00:00,23:59,00:00,23:59,무료,강원도 영월군청,033-370-2356
영파회전교차로 인근(도미노 피자 우측),공영,노상,강원도 영월군 영월읍 중앙로 84,강원도 영월군 영월읍 영흥리 904-11,12,평일+토요일+공휴일,00:00,23:59,00:00,23:59,00:00,23:59,무료,강원도 영월군청,033-370-2356
주공3차-J클래식,공영,노상,강원도 영월군 영월읍 하송로 123-4,강원도 영월군 영월읍 하송리 403-4,16,평일+토요일+공휴일,00:00,23:59,00:00,23:59,00:00,23:59,무료,강원도 영월군청,033-370-2356
영월군청 앞 세무서간 도시계획도로,공영,노상,강원도 영월군 영월읍 하송안길 19-16,강원도 영월군 영월읍 하송리 185-2,46,평일+토요일+공휴일,00:00,23:59,00:00,23:59,00:00,23:59,무료,강원도 영월군청,033-370-2356
주천교 앞 노상주차장,공영,노상,강원도 영월군 주천면 주천로 41,강원도 영월군 주천면 신일리 1637,21,평일+토요일+공휴일,00:00,23:59,00:00,23:59,00:00,23:59,무료,강원도 영월군청,033-370-2356
쌍용복지타운 앞 노상,공영,노상,강원도 영월군 한반도면 무동길 16,강원도 영월군 한반도면 쌍용리 696-6,40,평일+토요일+공휴일,00:00,23:59,00:00,23:59,00:00,23:59,무료,강원도 영월군청,033-370-2356
경찰서 좌측(경찰서 관사 방면),공영,노상,강원도 영월군 영월읍 단종로15번길 14,강원도 영월군 영월읍 영흥리 949-2,15,평일+토요일+공휴일,00:00,23:59,00:00,23:59,00:00,23:59,무료,강원도 영월군청,033-370-2356
경찰서 우측(황금돼지 맞은편쪽),공영,노상,강원도 영월군 영월읍 단종로 9,강원도 영월군 영월읍 영흥리 947-2,17,평일+토요일+공휴일,00:00,23:59,00:00,23:59,00:00,23:59,무료,강원도 영월군청,033-370-2356
경찰서 후면(KT 방면),공영,노상,강원도 영월군 영월읍 단종로33번길 30,강원도 영월군 영월읍 영흥리 950-4,17,평일+토요일+공휴일,00:00,23:59,00:00,23:59,00:00,23:59,무료,강원도 영월군청,033-370-2356
통신공사 우측(중부노인회관 방면),공영,노상,강원도 영월군 영월읍 단종로9번길 38,강원도 영월군 영월읍 영흥리 951-4,13,평일+토요일+공휴일,00:00,23:59,00:00,23:59,00:00,23:59,무료,강원도 영월군청,033-370-2356
통신공사 좌측(KT담장-우체국 방면),공영,노상,강원도 영월군 영월읍 단종로33번길 30,강원도 영월군 영월읍 영흥리 950-4,24,평일+토요일+공휴일,00:00,23:59,00:00,23:59,00:00,23:59,무료,강원도 영월군청,033-370-2356
신한은행 앞,공영,노상,강원도 영월군 영월읍 관풍헌길 62-6,강원도 영월군 영월읍 영흥리 988-7,10,평일+토요일+공휴일,00:00,23:59,00:00,23:59,00:00,23:59,무료,강원도 영월군청,033-370-2356
구 읍민관 주변,공영,노상,강원도 영월군 영월읍 관풍헌길 66,강원도 영월군 영월읍 영흥리 990-2,14,평일+토요일+공휴일,00:00,23:59,00:00,23:59,00:00,23:59,무료,강원도 영월군청,033-370-2356
세무서-종합상가(양방향),공영,노상,강원도 영월군 영월읍 서부시장길 12-11,강원도 영월군 영월읍 하송리 190-8,31,평일+토요일+공휴일,00:00,23:59,00:00,23:59,00:00,23:59,무료,강원도 영월군청,033-370-2356
세무서-터미널방면(동강한우 담 밑),공영,노상,강원도 영월군 영월읍 하송안길 65,강원도 영월군 영월읍 하송리 186-2,9,평일+토요일+공휴일,00:00,23:59,00:00,23:59,00:00,23:59,무료,강원도 영월군청,033-370-2356
여성회관-서민들(한방향),공영,노상,강원도 영월군 영월읍 단종로16번길 31,강원도 영월군 영월읍 영흥리 975-2,19,평일+토요일+공휴일,00:00,23:59,00:00,23:59,00:00,23:59,무료,강원도 영월군청,033-370-2356
덕포시장 골목(입구-역전방향),공영,노상,강원도 영월군 영월읍 덕포시장길 41,강원도 영월군 영월읍 덕포리 486-28,46,평일+토요일+공휴일,00:00,23:59,00:00,23:59,00:00,23:59,무료,강원도 영월군청,033-370-2356
녹전중학교 교문 옆,공영,노상,강원도 영월군 중동면 영월동로 3081-1,강원도 영월군 중동면 녹전리 795,4,평일+토요일+공휴일,00:00,23:59,00:00,23:59,00:00,23:59,무료,강원도 영월군청,033-370-2356
선관위-레스트힐 방면,공영,노상,강원도 영월군 영월읍 은행나무3길 20,강원도 영월군 영월읍 하송리 110-68,16,평일+토요일+공휴일,00:00,23:59,00:00,23:59,00:00,23:59,무료,강원도 영월군청,033-370-2356
주공4차(아) 후면도로,공영,노상,강원도 영월군 영월읍 하송로 123-7,강원도 영월군 영월읍 하송리 394-2,12,평일+토요일+공휴일,00:00,23:59,00:00,23:59,00:00,23:59,무료,강원도 영월군청,033-370-2356
계촌주차장(계촌초교 앞),공영,노외,강원도 평창군 방림면 계촌길 63,강원도 평창군 방림면 계촌리 2070-1,45,평일+토요일+공휴일,00:00,23:59,00:00,23:59,00:00,23:59,무료,강원도 평창군청,033-330-2285
방림 1주차장(농협 옆),공영,노외,강원도 평창군 방림면 서동로 1329-3,강원도 평창군 방림면 방림리 1281,10,평일+토요일+공휴일,00:00,23:59,00:00,23:59,00:00,23:59,무료,강원도 평창군청,033-330-2285
백덕산 주차장,공영,노외,강원도 평창군 방림면 여우재1길 13-2,강원도 평창군 방림면 운교리 1604,39,평일+토요일+공휴일,00:00,23:59,00:00,23:59,00:00,23:59,무료,강원도 평창군청,033-330-2285
유현아파트 앞 주차장,공영,노외,강원도 평창군 평창읍 평창중앙로 136,강원도 평창군 평창읍 하리 179-5,14,평일+토요일+공휴일,00:00,23:59,00:00,23:59,00:00,23:59,무료,강원도 평창군청,033-330-2285
문화마을 주차장,공영,노외,강원도 평창군 대화면 문화택지길 57-1,강원도 평창군 대화면 대화리 1958,17,평일+토요일+공휴일,00:00,23:59,00:00,23:59,00:00,23:59,무료,강원도 평창군청,033-330-2285
터미널 옆 주차장,공영,노외,강원도 평창군 대화면 평창대로 894,강원도 평창군 대화면 대화리 1012-17,76,평일+토요일+공휴일,00:00,23:59,00:00,23:59,00:00,23:59,무료,강원도 평창군청,033-330-2285
면사무소 앞 주차장,공영,노외,강원도 평창군 대화면 대화중앙로 154-1,강원도 평창군 대화면 대화리 1180-4,27,평일+토요일+공휴일,00:00,23:59,00:00,23:59,00:00,23:59,무료,강원도 평창군청,033-330-2285
대화체육관 옆 주차장,공영,노외,강원도 평창군 대화면 대화1길 28-5,강원도 평창군 대화면 대화리 971-3,22,평일+토요일+공휴일,00:00,23:59,00:00,23:59,00:00,23:59,무료,강원도 평창군청,033-330-2285
대화중고등학교 앞 주차장,공영,노외,강원도 평창군 대화면 대화중앙로 32-8,강원도 평창군 대화면 대화리 857-1,26,평일+토요일+공휴일,00:00,23:59,00:00,23:59,00:00,23:59,무료,강원도 평창군청,033-330-2285
중앙로 노외(12공영),공영,노외,강원도 태백시 황지로 139-11,강원도 태백시 황지동 45-46,35,평일,00:00,23:59,00:00,00:00,00:00,00:00,유료,강원도 태백시청,033-550-2106
황지연못 뒤(13공영),공영,노상,강원도 태백시 황지연못길 15,강원도 태백시 황지동 25-90,16,평일,00:00,23:59,00:00,00:00,00:00,00:00,유료,강원도 태백시청,033-550-2107
황지고둥학교옆,공영,노상,강원도 태백시 해지개길 24,강원도 태백시 황지동 665-1,17,평일,00:00,23:59,00:00,00:00,00:00,00:00,무료,강원도 태백시청,033-550-2105
황지중앙초등학교옆,공영,노상,강원도 태백시 장수길 18,강원도 태백시 황지동 274-508,8,평일,00:00,23:59,00:00,00:00,00:00,00:00,무료,강원도 태백시청,033-550-2105
장성석공마트옆,공영,노외,강원도 태백시 석공길 24,강원도 태백시 장성동 147-1,11,평일,00:00,23:59,00:00,00:00,00:00,00:00,무료,강원도 태백시청,033-550-2105
2주공아파트옆,공영,노상,강원도 태백시 황지로 19,강원도 태백시 황지동 90-7,7,평일,00:00,23:59,00:00,00:00,00:00,00:00,무료,강원도 태백시청,033-550-2105
화전동 마을회관,공영,노외,강원도 태백시 외솔배기길 100,강원도 태백시 화전동 11-22,28,평일,00:00,23:59,00:00,00:00,00:00,00:00,무료,강원도 태백시청,033-550-2105
장성농공단지옆,공영,노외,강원도 태백시 계산8길 37,강원도 태백시 장성동 240-12,10,평일,00:00,23:59,00:00,00:00,00:00,00:00,무료,강원도 태백시청,033-550-2105
삼성화재후면,공영,노상,강원도 태백시 문화로북길 8,강원도 태백시 황지동 59-46,46,평일,00:00,23:59,00:00,00:00,00:00,00:00,무료,강원도 태백시청,033-550-2105
상장동(구)골든세차장,공영,노외,강원도 태백시 상장로 33,강원도 태백시 황지동 114-34,24,평일,00:00,23:59,00:00,00:00,00:00,00:00,무료,강원도 태백시청,033-550-2105
황지자유시장(제2주차장),공영,노외,강원도 태백시 새시장1길 40,강원도 태백시 황지동 38-280,40,평일,00:00,23:59,00:00,00:00,00:00,00:00,유료,강원도 태백시 황지자유시장조합,033-552-2634
"태백역, 황연동사무소(1공영)",공영,노외,강원도 태백시 황연길 29,강원도 태백시 황지동 274-681,28,평일,00:00,23:59,00:00,00:00,00:00,00:00,유료,강원도 태백시청,033-550-2105
국민은행옆(2공영),공영,노외,강원도 태백시 먹거리길 71,강원도 태백시 황지동 253-148,38,평일,00:00,23:59,00:00,00:00,00:00,00:00,유료,강원도 태백시청,033-550-2105
산칠록목욕탕옆(3공영),공영,노상,강원도 태백시 연지로 28,강원도 태백시 황지동 8-2,50,평일,00:00,23:59,00:00,00:00,00:00,00:00,유료,강원도 태백시청,033-550-2105
보건소앞우회도로(4공영),공영,노상,강원도 태백시 태백로 922,강원도 태백시 황지동 38-383,44,평일,00:00,23:59,00:00,00:00,00:00,00:00,유료,강원도 태백시청,033-550-2105
중앙로(5공영),공영,노상,강원도 태백시 번영로 349,강원도 태백시 황지동 42-14,34,평일,00:00,23:59,00:00,00:00,00:00,00:00,유료,강원도 태백시청,033-550-2105
한마음신협앞(6공영),공영,노상,강원도 태백시 번영로 362,강원도 태백시 황지동 29-7,26,평일,00:00,23:59,00:00,00:00,00:00,00:00,유료,강원도 태백시청,033-550-2105
한마음산부인과앞(7공영),공영,노외,강원도 태백시 서황지로 4,강원도 태백시 황지동 25-150,18,평일,00:00,23:59,00:00,00:00,00:00,00:00,유료,강원도 태백시청,033-550-2105
1주공앞(8공영),공영,노외,강원도 태백시 서황지로 4,강원도 태백시 황지동 25-150,42,평일,00:00,23:59,00:00,00:00,00:00,00:00,유료,강원도 태백시청,033-550-2105
고려의원옆(9공영),공영,노외,강원도 태백시 황지로 90,강원도 태백시 황지동 62-3,35,평일,00:00,23:59,00:00,00:00,00:00,00:00,유료,강원도 태백시청,033-550-2105
자유시장앞(10공영),공영,노상,강원도 태백시 태백로 954,강원도 태백시 황지동 33-86,18,평일,00:00,23:59,00:00,00:00,00:00,00:00,무료,강원도 태백시청,033-550-2105
대산아파트옆(11공영),공영,노외,강원도 태백시 풀미당골길 35,강원도 태백시 황지동 24,49,평일,00:00,23:59,00:00,00:00,00:00,00:00,유료,강원도 태백시청,033-550-2105
철암 삼방교위,공영,노외,강원도 태백시 삼방길 10,강원도 태백시 철암동 351-7,19,평일,00:00,23:59,00:00,00:00,00:00,00:00,무료,강원도 태백시청,033-550-2105
철암 후미끼리,공영,노외,강원도 태백시 마산등길 32,강원도 태백시 철암동 331-3,10,평일,00:00,23:59,00:00,00:00,00:00,00:00,무료,강원도 태백시청,033-550-2105
통리 의용소방대앞,공영,노상,강원도 태백시 통리길 13,강원도 태백시 통동 346-104,121,평일,00:00,23:59,00:00,00:00,00:00,00:00,무료,강원도 태백시청,033-550-2105
통리초등학교옆,공영,노상,강원도 태백시 통골길 13,강원도 태백시 통동 70-3,32,평일,00:00,23:59,00:00,00:00,00:00,00:00,무료,강원도 태백시청,033-550-2105
통리초등학교옆,공영,노상,강원도 태백시 통골길 13,강원도 태백시 통동 70-3,32,평일,00:00,23:59,00:00,00:00,00:00,00:00,무료,강원도 태백시청,033-550-2105
태백역옆,공영,노외,강원도 태백시 서황지로 79,강원도 태백시 황지동 257,46,평일,00:00,23:59,00:00,00:00,00:00,00:00,무료,강원도 태백시청,033-550-2105
3주공옆,공영,노상,강원도 태백시 고원로 279,강원도 태백시 황지동 674,28,평일,00:00,23:59,00:00,00:00,00:00,00:00,무료,강원도 태백시청,033-550-2105
절골안길,공영,노외,강원도 태백시 절골2길 28,강원도 태백시 황지동 362-47,55,평일,00:00,23:59,00:00,00:00,00:00,00:00,무료,강원도 태백시청,033-550-2105
절골 서울설비옆,공영,노외,강원도 태백시 고원로 305-5,강원도 태백시 황지동 353-23,44,평일,00:00,23:59,00:00,00:00,00:00,00:00,무료,강원도 태백시청,033-550-2105
중앙공업사옆,공영,노상,강원도 태백시 문화로2길 6,강원도 태백시 황지동 74-123,12,평일,00:00,23:59,00:00,00:00,00:00,00:00,무료,강원도 태백시청,033-550-2105
부일갈비옆,공영,노상,강원도 태백시 문화로3길 91,강원도 태백시 황지동 71-94,20,평일,00:00,23:59,00:00,00:00,00:00,00:00,무료,강원도 태백시청,033-550-2105
대현목욕탕옆,공영,노상,강원도 태백시 황지남3길 5,강원도 태백시 황지동 70-9,11,평일,00:00,23:59,00:00,00:00,00:00,00:00,무료,강원도 태백시청,033-550-2105
황지체육사옆,공영,노상,강원도 태백시 시장남1길 17,강원도 태백시 황지동 33-67,5,평일,00:00,23:59,00:00,00:00,00:00,00:00,무료,강원도 태백시청,033-550-2105
황연동주민센터위,공영,노상,강원도 태백시 황연길 19,강원도 태백시 황지동 274-498,16,평일,00:00,23:59,00:00,00:00,00:00,00:00,무료,강원도 태백시청,033-550-2105
성지사우나옆,공영,노상,강원도 태백시 금계길 28,강원도 태백시 황지동 368-254,16,평일,00:00,23:59,00:00,00:00,00:00,00:00,무료,강원도 태백시청,033-550-2105
삼성프라자옆,공영,노상,강원도 태백시 태백로 992,강원도 태백시 황지동 73-15,18,평일,00:00,23:59,00:00,00:00,00:00,00:00,무료,강원도 태백시청,033-550-2105
조화사옆,공영,노상,강원도 태백시 상장3길 3,강원도 태백시 황지동 108-35,14,평일,00:00,23:59,00:00,00:00,00:00,00:00,무료,강원도 태백시청,033-550-2105
황연동주민센터옆,공영,노상,강원도 태백시 황연3길 13,강원도 태백시 황지동 274-653,32,평일,00:00,23:59,00:00,00:00,00:00,00:00,무료,강원도 태백시청,033-550-2105
태백시외버스터미널옆,공영,노상,강원도 태백시 금계길 9-7,강원도 태백시 황지동 368-132,10,평일,00:00,23:59,00:00,00:00,00:00,00:00,무료,강원도 태백시청,033-550-2105
LA갈비옆,공영,노상,강원도 태백시 황지로 247-1,강원도 태백시 황지동 273-9,19,평일,00:00,23:59,00:00,00:00,00:00,00:00,무료,강원도 태백시청,033-550-2105
범패사 입구,공영,노외,강원도 태백시 풀미당골길 1-4,강원도 태백시 황지동 23-6,20,평일,00:00,23:59,00:00,00:00,00:00,00:00,무료,강원도 태백시청,033-550-2105
청솔아파트옆,공영,노상,강원도 태백시 해지개길 26,강원도 태백시 황지동 665-1,20,평일,00:00,23:59,00:00,00:00,00:00,00:00,무료,강원도 태백시청,033-550-2105
효성타운 뒤 주차장,공영,노외,강원도 평창군 평창읍 향교길 43,강원도 평창군 평창읍 하리 66-3,19,평일+토요일+공휴일,00:00,23:59,00:00,23:59,00:00,23:59,무료,강원도 평창군청,033-330-2285
바다회식당 옆 주차장,공영,노외,강원도 평창군 평창읍 천변길 24-7,강원도 평창군 평창읍 천변리 25-2,20,평일+토요일+공휴일,00:00,23:59,00:00,23:59,00:00,23:59,무료,강원도 평창군청,033-330-2285
할인마트 앞 주차장,공영,노외,강원도 평창군 평창읍 백오로 171,강원도 평창군 평창읍 중리 302,22,평일+토요일+공휴일,00:00,23:59,00:00,23:59,00:00,23:59,무료,강원도 평창군청,033-330-2285
평창초교 앞 (산림조합 옆),공영,노외,강원도 평창군 평창읍 송학로 59,강원도 평창군 평창읍 하리 125-5,17,평일+토요일+공휴일,00:00,23:59,00:00,23:59,00:00,23:59,무료,강원도 평창군청,033-330-2285
삼삼오식당 옆 주차장,공영,노외,강원도 평창군 평창읍 노산성길 13,강원도 평창군 평창읍 하리 152,23,평일+토요일+공휴일,00:00,23:59,00:00,23:59,00:00,23:59,무료,강원도 평창군청,033-330-2285
대원아파트 앞 주차장,공영,노외,강원도 평창군 평창읍 노성로 213-4,강원도 평창군 평창읍 중리 88-7,12,평일+토요일+공휴일,00:00,23:59,00:00,23:59,00:00,23:59,무료,강원도 평창군청,033-330-2285
평창해장국 옆 주차장,공영,노외,강원도 평창군 평창읍 백오로 178,강원도 평창군 평창읍 중리 301,37,평일+토요일+공휴일,00:00,23:59,00:00,23:59,00:00,23:59,무료,강원도 평창군청,033-330-2285
마하리 주차장,공영,노외,강원도 평창군 미탄면 마하길 42-5,"강원도 평창군 미탄면 마하리 337-1,2",42,평일+토요일+공휴일,00:00,23:59,00:00,23:59,00:00,23:59,무료,강원도 평창군청,033-330-2285
미탄 주차장,공영,노외,강원도 평창군 미탄면 미탄시장길 22,강원도 평창군 미탄면 창리 709,18,평일+토요일+공휴일,00:00,23:59,00:00,23:59,00:00,23:59,무료,강원도 평창군청,033-330-2285
올림픽시장 주차장,공영,노외,강원도 평창군 평창읍 문화길 73,강원도 평창군 평창읍 하리 137-12,18,평일+토요일+공휴일,00:00,23:59,00:00,23:59,00:00,23:59,무료,강원도 평창군청,033-330-2285
창리주차공원,공영,노외,강원도 평창군 미탄면 미탄중앙로 69,강원도 평창군 미탄면 창리 773-1,22,평일+토요일+공휴일,00:00,23:59,00:00,23:59,00:00,23:59,무료,강원도 평창군청,033-330-2285
대동목욕탕~삼성화재,공영,노상,강원도 화천군 화천읍 아리 43-3,강원도 화천군 화천읍 아리 43-3,18,평일+토요일+공휴일,00:00,00:00,00:00,00:00,00:00,00:00,무료,강원도 화천군청,033-440-2365
화천농협뒤,공영,노외,강원도 화천군 화천읍 중앙로3길 12,강원도 화천군 화천읍 하리 45-2,30,평일+토요일+공휴일,00:00,00:00,00:00,00:00,00:00,00:00,무료,강원도 화천군청,033-440-2365
청기와집 옆,공영,노외,강원도 화천군 화천읍 아리 248-2,강원도 화천군 화천읍 아리 248-2,8,평일+토요일+공휴일,00:00,00:00,00:00,00:00,00:00,00:00,무료,강원도 화천군청,033-440-2365
화천순두부집 옆,공영,노외,강원도 화천군 화천읍 아리 245-21,강원도 화천군 화천읍 아리 245-21,8,평일+토요일+공휴일,00:00,00:00,00:00,00:00,00:00,00:00,무료,강원도 화천군청,033-440-2365
경찰서뒤,공영,노외,강원도 화천군 화천읍 중리 249-20,강원도 화천군 화천읍 중리 249-20,13,평일+토요일+공휴일,00:00,00:00,00:00,00:00,00:00,00:00,무료,강원도 화천군청,033-440-2365
영진빌라앞,공영,노외,강원도 화천군 화천읍 중리 252-12,강원도 화천군 화천읍 중리 252-12,5,평일+토요일+공휴일,00:00,00:00,00:00,00:00,00:00,00:00,무료,강원도 화천군청,033-440-2365
산천어공방~지적공사,공영,노상,강원도 화천군 화천읍 중리 258,강원도 화천군 화천읍 중리 258,37,평일+토요일+공휴일,00:00,00:00,00:00,00:00,00:00,00:00,무료,강원도 화천군청,033-440-2365
화천중기 앞,공영,노외,강원도 화천군 화천읍 중리 254-9,강원도 화천군 화천읍 중리 254-9,7,평일+토요일+공휴일,00:00,00:00,00:00,00:00,00:00,00:00,무료,강원도 화천군청,033-440-2365
낙원아파트 앞,공영,노외,강원도 화천군 화천읍 아리 205-17,강원도 화천군 화천읍 아리 205-17,8,평일+토요일+공휴일,00:00,00:00,00:00,00:00,00:00,00:00,무료,강원도 화천군청,033-440-2365
화천중고동문회,공영,노외,강원도 화천군 화천읍 상승로 79-17,강원도 화천군 화천읍 하리 78-1,12,평일+토요일+공휴일,00:00,00:00,00:00,00:00,00:00,00:00,무료,강원도 화천군청,033-440-2365
화천교회 앞,공영,노외,강원도 화천군 화천읍 아리 213-4,강원도 화천군 화천읍 아리 213-4,13,평일+토요일+공휴일,00:00,00:00,00:00,00:00,00:00,00:00,무료,강원도 화천군청,033-440-2365
사창리 공영주차장,공영,노외,강원도 화천군 사내면 사창리 420-6,강원도 화천군 사내면 사창리 420-6,13,평일+토요일+공휴일,00:00,00:00,00:00,00:00,00:00,00:00,무료,강원도 화천군청,033-440-2365
무릉계곡 제2주차장,공영,노외,강원도 동해시 무릉로 538,강원도 동해시 삼화동 859-1,242,평일+토요일,00:00,23:59,00:00,23:59,00:00,00:00,유료,강원도 동해시시설관리공단,033-539-3700
무릉계곡 제3주차장,공영,노외,강원도 동해시 무릉로 538,강원도 동해시 삼화동 859-1,150,평일+토요일,00:00,23:59,00:00,23:59,00:00,00:00,유료,강원도 동해시시설관리공단,033-539-3700
공영터미널,공영,노외,강원도 동해시 동해대로 5443,강원도 동해시 평릉동 166-4,143,평일+토요일,09:00,18:00,09:00,18:00,00:00,00:00,유료,강원도 동해시시설관리공단,033-539-3820
천곡동굴주차장,공영,노외,강원도 동해시 동굴로50,강원도 동해시 천곡동1003,83,평일+토요일,09:00,18:00,09:00,18:00,00:00,00:00,혼합,강원도 동해시시설관리공단,033-539-3630
군지부옆,공영,노상,강원도 화천군 화천읍 중앙로 16,강원도 화천군 화천읍 하리 48-4,5,평일+토요일+공휴일,00:00,00:00,00:00,00:00,00:00,00:00,무료,강원도 화천군청,033-440-2365
정산고~교육청,공영,노상,강원도 화천군 화천읍 하리 28-6,강원도 화천군 화천읍 하리 28-6,71,평일+토요일+공휴일,09:00,18:00,00:00,18:00,09:00,18:00,유료,강원도 화천군청,033-440-2365
아리 경로당 앞,공영,노외,강원도 화천군 화천읍 하리 99-19,강원도 화천군 화천읍 하리 99-19,7,평일+토요일+공휴일,00:00,00:00,00:00,00:00,00:00,00:00,무료,강원도 화천군청,033-440-2365
형제사 옆,공영,노외,강원도 화천군 화천읍 하리 101-7,강원도 화천군 화천읍 하리 101-7,6,평일+토요일+공휴일,00:00,00:00,00:00,00:00,00:00,00:00,무료,강원도 화천군청,033-440-2365
마포갈비앞,공영,노외,강원도 화천군 화천읍 하리 34-6,강원도 화천군 화천읍 하리 34-6,9,평일+토요일+공휴일,00:00,00:00,00:00,00:00,00:00,00:00,무료,강원도 화천군청,033-440-2365
전광판~회전교차로,공영,노상,강원도 화천군 화천읍 하리 43-64,강원도 화천군 화천읍 하리 43-64,71,평일+토요일+공휴일,09:00,18:00,00:00,18:00,09:00,18:00,유료,강원도 화천군청,033-440-2365
속초식당~오성이발소,공영,노상,강원도 화천군 화천읍 아리 256-23,강원도 화천군 화천읍 아리 256-23,24,평일+토요일+공휴일,00:00,00:00,00:00,00:00,00:00,00:00,무료,강원도 화천군청,033-440-2365
공영버스터미널~낭천가든,공영,노상,강원도 화천군 화천읍 하리 27-16,강원도 화천군 화천읍 하리 27-16,13,평일+토요일+공휴일,00:00,00:00,00:00,00:00,00:00,00:00,무료,강원도 화천군청,033-440-2365
그린장 앞,공영,노외,강원도 화천군 화천읍 하리 52-10,강원도 화천군 화천읍 하리 52-10,7,평일+토요일+공휴일,00:00,00:00,00:00,00:00,00:00,00:00,유료,강원도 화천군청,033-442-4013
하리파출소 앞,공영,노외,강원도 화천군 화천읍 강변로 27,강원도 화천군 화천읍 하리 53-29,14,평일+토요일+공휴일,00:00,00:00,00:00,00:00,00:00,00:00,무료,강원도 화천군청,033-440-2365
하리마을회관 앞,공영,노외,강원도 화천군 화천읍 하리 53-30,강원도 화천군 화천읍 하리 53-30,12,평일+토요일+공휴일,00:00,00:00,00:00,00:00,00:00,00:00,무료,강원도 화천군청,033-440-2365
태흥~하리파출소,공영,노상,강원도 화천군 화천읍 하리 51-5,강원도 화천군 화천읍 하리 51-5,15,평일+토요일+공휴일,00:00,00:00,00:00,00:00,00:00,00:00,무료,강원도 화천군청,033-440-2365
강변-1,공영,노외,강원도 화천군 화천읍 하리 53-11,강원도 화천군 화천읍 하리 53-11,99,평일+토요일+공휴일,00:00,00:00,00:00,00:00,00:00,00:00,무료,강원도 화천군청,033-440-2365
강변-2,공영,노외,강원도 화천군 화천읍 하리 24-2,강원도 화천군 화천읍 하리 24-2,70,평일+토요일+공휴일,00:00,00:00,00:00,00:00,00:00,00:00,무료,강원도 화천군청,033-440-2365
5일장터,공영,노외,강원도 화천군 화천읍 하리 21-17,강원도 화천군 화천읍 하리 21-17,86,평일+토요일+공휴일,00:00,00:00,00:00,00:00,00:00,00:00,무료,강원도 화천군청,033-440-2365
하이랜드 옆 2주차장,공영,노외,강원도 평창군 대관령면 횡계2길 16,강원도 평창군 대관령면 횡계리 331-12,8,평일+토요일+공휴일,00:00,23:59,00:00,23:59,00:00,23:59,무료,강원도 평창군청,033-330-2285
하이랜드 옆 3주차장,공영,노외,강원도 평창군 대관령면 눈마을길 57,강원도 평창군 대관령면 횡계리 331-47,11,평일+토요일+공휴일,00:00,23:59,00:00,23:59,00:00,23:59,무료,강원도 평창군청,033-330-2285
흥일회관 앞 주차장,공영,노외,강원도 평창군 대관령면 횡계3길 3,강원도 평창군 대관령면 횡계리 665,6,평일+토요일+공휴일,00:00,23:59,00:00,23:59,00:00,23:59,무료,강원도 평창군청,033-330-2285
용평생활관 앞 주차장,공영,노외,강원도 평창군 대관령면 횡계3길 14,강원도 평창군 대관령면 횡계리 331-1,30,평일+토요일+공휴일,00:00,23:59,00:00,23:59,00:00,23:59,무료,강원도 평창군청,033-330-2285
횡계초등학교 앞 주차장,공영,노외,강원도 평창군 대관령면 꽃밭양지길 16-3,강원도 평창군 대관령면 횡계리 661-50,110,평일+토요일+공휴일,00:00,23:59,00:00,23:59,00:00,23:59,무료,강원도 평창군청,033-330-2285
제칠안식교회 뒤 주차장,공영,노외,강원도 평창군 대관령면 눈마을길 27,강원도 평창군 대관령면 횡계리 314-24,51,평일+토요일+공휴일,00:00,23:59,00:00,23:59,00:00,23:59,무료,강원도 평창군청,033-330-2285
로얄장 앞 주차장,민영,노외,강원도 평창군 평창읍 백오로 73,강원도 평창군 평창읍 하리 73-3,20,평일+토요일+공휴일,00:00,23:59,00:00,23:59,00:00,23:59,무료,강원도 평창군청,033-330-2285
장평농협뒤 주차장,민영,노외,강원도 평창군 용평면 경강로 1667,강원도 평창군 용평면 장평리 365-6,9,평일+토요일+공휴일,00:00,23:59,00:00,23:59,00:00,23:59,무료,강원도 평창군청,033-330-2285
횡계의원 뒤 1주차장,공영,노외,강원도 평창군 대관령면 축제길 40,강원도 평창군 대관령면 횡계리 321-10,28,평일+토요일+공휴일,00:00,23:59,00:00,23:59,00:00,23:59,무료,강원도 평창군청,033-330-2285
횡계의원 뒤 2주차장,공영,노외,강원도 평창군 대관령면 축제길 36,강원도 평창군 대관령면 횡계리 337-8,32,평일+토요일+공휴일,00:00,23:59,00:00,23:59,00:00,23:59,무료,강원도 평창군청,033-330-2285
오삼불고기거리 주차장,공영,노외,강원도 평창군 대관령면 횡계2길 3-3,강원도 평창군 대관령면 횡계리 325-10,17,평일+토요일+공휴일,00:00,23:59,00:00,23:59,00:00,23:59,무료,강원도 평창군청,033-330-2285
하이랜드 옆 1주차장,공영,노외,강원도 평창군 대관령면 횡계2길 331-28,강원도 평창군 대관령면 횡계리 331-28,32,평일+토요일+공휴일,00:00,23:59,00:00,23:59,00:00,23:59,무료,강원도 평창군청,033-330-2285
설악동B1주차장,공영,노외,강원도 속초시 설악산로 813,강원도 속초시 설악동 3-1,265,평일+토요일+공휴일,00:00,23:59,00:00,23:59,00:00,23:59,무료,강원도청,033-639-2663
영금정길 주차장,공영,노외,강원도 속초시 영금정로6길 3-4,강원도 속초시 동명동 1-115,32,평일+토요일+공휴일,00:00,23:59,00:00,23:59,00:00,23:59,무료,강원도 속초시청,033-639-2188
동명항길 주차장,공영,노외,강원도 속초시 동명항길 53 (동명동),강원도 속초시 동명동 1-242,32,평일+토요일+공휴일,00:00,23:59,00:00,23:59,00:00,23:59,무료,강원도 속초시청,033-639-2188
로데오제1지구 주차장,공영,노외,강원도 속초시 청초호반로 238-13 (청학동),강원도 속초시 청학동 482-258,148,평일+토요일+공휴일,00:00,23:59,00:00,23:59,00:00,23:59,무료,강원도 속초시청,033-639-2188
로데오제2지구 주차장,공영,노외,강원도 속초시 중앙로 93-1 (청학동),강원도 속초시 청학동 482-171,187,평일+토요일+공휴일,00:00,23:59,00:00,23:59,00:00,23:59,무료,강원도 속초시청,033-639-2188
영랑동 주차장,공영,노외,강원도 속초시 영랑로 8,강원도 속초시 영랑동 184-2,220,평일+토요일+공휴일,00:00,23:59,00:00,23:59,00:00,23:59,무료,강원도 속초시청,033-639-2188
소도다목적광장,공영,노외,강원도 태백시 태백산로 4725,강원도 태백시 소도동 316-48,139,평일,00:00,23:59,00:00,00:00,00:00,00:00,무료,강원도 태백시청,033-550-2105
장성어린이집옆,공영,노외,강원도 태백시 장성1길 66,강원도 태백시 장성동 150-54,37,평일,00:00,23:59,00:00,00:00,00:00,00:00,무료,강원도 태백시청,033-550-2105
장성중앙시장옆,공영,노외,강원도 태백시 장성로 44,강원도 태백시 장성동 159-8,23,평일,00:00,23:59,00:00,00:00,00:00,00:00,무료,강원도 태백시청,033-550-2105
장성동 삼미원옆,공영,노상,강원도 태백시 장성로 47-1,강원도 태백시 장성동 222-34,27,평일,00:00,23:59,00:00,00:00,00:00,00:00,무료,강원도 태백시청,033-550-2105
장성 호암동,공영,노외,강원도 태백시 장성로 91,강원도 태백시 장성동 54-151,22,평일,00:00,23:59,00:00,00:00,00:00,00:00,무료,강원도 태백시청,033-550-2105
태백교육지원청옆,공영,노상,강원도 태백시 장성로 191,강원도 태백시 장성동 55-3,65,평일,00:00,23:59,00:00,00:00,00:00,00:00,무료,강원도 태백시청,033-550-2105
수재민사택,공영,노외,강원도 태백시 비와야폭포길 7-1,강원도 태백시 장성동 44-10,17,평일,00:00,23:59,00:00,00:00,00:00,00:00,무료,강원도 태백시청,033-550-2105
자연사박물관앞,공영,노상,강원도 태백시 태백로 2249,강원도 태백시 동점동 295,5,평일,00:00,23:59,00:00,00:00,00:00,00:00,무료,강원도 태백시청,033-550-2105
동점초등학교옆,공영,노외,강원도 태백시 방터골길 27,강원도 태백시 동점동 498-101,47,평일,00:00,23:59,00:00,00:00,00:00,00:00,무료,강원도 태백시청,033-550-2105
구문소옆,공영,노외,강원도 태백시 동태백로 11,강원도 태백시 동점동 산 6-3,10,평일,00:00,23:59,00:00,00:00,00:00,00:00,무료,강원도 태백시청,033-550-2105
철암남동교,공영,노외,강원도 태백시 샛들3길 3-10,강원도 태백시 철암동 378-42,23,평일,00:00,23:59,00:00,00:00,00:00,00:00,무료,강원도 태백시청,033-550-2105
철암역옆,공영,노상,강원도 태백시 동태백로 389,강원도 태백시 철암동 370-1,15,평일,00:00,23:59,00:00,00:00,00:00,00:00,무료,강원도 태백시청,033-550-2105
철암보건지소옆,공영,노외,강원도 태백시 철암길 2,강원도 태백시 철암동 349-18,74,평일,00:00,23:59,00:00,00:00,00:00,00:00,무료,강원도 태백시청,033-550-2105
교동가로 주차장,공영,노상,강원도 속초시 번영로23번길 8-29 (교동),강원도 속초시 교동 636-14,65,평일+토요일+공휴일,00:00,23:59,00:00,23:59,00:00,23:59,무료,강원도 속초시청,033-639-2188
청학가로(번영로) 주차장,공영,노상,강원도 속초시 번영로 60,강원도 속초시 청학동 488-1,25,평일+토요일+공휴일,00:00,23:59,00:00,23:59,00:00,23:59,무료,강원도 속초시청,033-639-2188
수복로 주차장,공영,노상,강원도 속초시 중앙로 91-8,강원도 속초시 청학동 483-16,135,평일+토요일+공휴일,00:00,23:59,00:00,23:59,00:00,23:59,무료,강원도 속초시청,033-639-2188
장사동 해안도로 주차장,공영,노상,강원도 속초시 장사항해안길 2,강원도 속초시 장사동 577-42,160,평일+토요일+공휴일,00:00,23:59,00:00,23:59,00:00,23:59,무료,강원도 속초시청,033-639-2188
동명동(수복탑) 주차장,공영,노상,강원도 속초시 중앙로 214-1,강원도 속초시 동명동 398-1,44,평일+토요일+공휴일,00:00,23:59,00:00,23:59,00:00,23:59,무료,강원도 속초시청,033-639-2188
영랑동(속초의료원 앞) 주차장,공영,노상,강원도 속초시 중앙로 331,강원도 속초시 영랑동 163-72,45,평일+토요일+공휴일,00:00,23:59,00:00,23:59,00:00,23:59,무료,강원도 속초시청,033-639-2188
설악산입구 주차장,공영,노상,강원도 속초시 동해대로 3661,강원도 속초시 대포동 839-26,20,평일+토요일+공휴일,00:00,23:59,00:00,23:59,00:00,23:59,무료,강원도 속초시청,033-639-2188
설악동B2주차장,공영,노외,강원도 속초시 설악산로 787,강원도 속초시 설악동 2-2,271,평일+토요일+공휴일,00:00,23:59,00:00,23:59,00:00,23:59,무료,강원도청,033-639-2663
근로자종합복지회관,공영,노외,강원도 동해시 동굴로2,강원도 동해시 천곡동1005-12,100,평일+토요일,05:00,23:59,08:00,23:59,00:00,00:00,무료,강원도 동해시시설관리공단,033-539-3722
설악동C2주차장,공영,노외,강원도 속초시 청봉로 99,강원도 속초시 설악동 324-1,427,평일+토요일+공휴일,00:00,23:59,00:00,23:59,00:00,23:59,무료,강원도청,033-639-2663
설악동C1주차장,공영,노외,강원도 속초시 청봉로 151,강원도 속초시 설악동 302-5,866,평일+토요일+공휴일,00:00,23:59,00:00,23:59,00:00,23:59,무료,강원도청,033-639-2663
청학2지구 주차장,공영,노외,강원도 속초시 수복로143번길 58,강원도 속초시 청학동 486-183,13,평일+토요일+공휴일,00:00,23:59,00:00,23:59,00:00,23:59,무료,강원도 속초시청,033-639-2188
청학1지구 주차장,공영,노외,강원도 속초시 수복로143번길 58,강원도 속초시 청학동 486,24,평일+토요일+공휴일,00:00,23:59,00:00,23:59,00:00,23:59,무료,강원도 속초시청,033-639-2188
엑스포 해양유람선 앞 주차장,공영,노외,강원도 속초시 청초호반로 28,강원도 속초시 조양동 1557-1,178,평일+토요일+공휴일,00:00,23:59,00:00,23:59,00:00,23:59,무료,강원도 속초시청,033-639-2188
엑스포장 주차장,공영,노외,강원도 속초시 엑스포로 72,강원도 속초시 조양동 1544-3,250,평일+토요일+공휴일,00:00,23:59,00:00,23:59,00:00,23:59,무료,강원도 속초시청,033-639-2188
석봉도자기 앞 주차장,공영,노외,강원도 속초시 엑스포로2길 45,강원도 속초시 교동 1020-1,257,평일+토요일+공휴일,00:00,23:59,00:00,23:59,00:00,23:59,무료,강원도 속초시청,033-639-2188
청대로 먹거리단지 앞 주차장,공영,노상,강원도 속초시 먹거리4길 19,강원도 속초시 교동 990,30,평일+토요일+공휴일,00:00,23:59,00:00,23:59,00:00,23:59,무료,강원도 속초시청,033-639-2188
삼환아파트~속여고입구 주차장,공영,노상,강원도 속초시 동해대로 4288,강원도 속초시 교동 804-106,71,평일+토요일+공휴일,00:00,23:59,00:00,23:59,00:00,23:59,무료,강원도 속초시청,033-639-2188
법대로 주차장,공영,노상,강원도 속초시 법대로 18,강원도 속초시 동명동 299-6,92,평일+토요일+공휴일,00:00,23:59,00:00,23:59,00:00,23:59,무료,강원도 속초시청,033-639-2188
뱅뱅,공영,노상,강원도 동해시 중앙로 248,강원도 동해시 천곡동 850-1,33,평일+토요일,09:00,19:00,09:00,19:00,00:00,00:00,유료,강원도 동해시시설관리공단,033-539-3820
기업은행,공영,노상,강원도 동해시 중앙로 233,강원도 동해시 천곡동 1070,10,평일+토요일,09:00,19:00,09:00,19:00,00:00,00:00,유료,강원도 동해시시설관리공단,033-539-3820
동화주차장,민영,노외,강원도 원주시 원일로 148-12,강원도 원주시 중앙동 17,15,평일+토요일+공휴일,00:00,23:59,00:00,23:59,00:00,23:59,유료,강원도 원주시청,033-737-3544
B도로 주차장,민영,노외,강원도 원주시 중앙로 68,강원도 원주시 중앙동 183,37,평일+토요일+공휴일,00:00,23:59,00:00,23:59,00:00,23:59,유료,강원도 원주시청,033-737-3544
원주 중앙동 주차장,민영,노외,강원도 원주시 평원로 55,강원도 원주시 중앙동 74-2,21,평일+토요일+공휴일,00:00,23:59,00:00,23:59,00:00,23:59,유료,강원도 원주시청,033-737-3544
원흥주차장,민영,노외,강원도 원주시 평원로 51,강원도 원주시 중앙동 81,44,평일+토요일+공휴일,00:00,23:59,00:00,23:59,00:00,23:59,유료,강원도 원주시청,033-737-3544
평원주차장,민영,노외,강원도 원주시 중앙시장길 57,강원도 원주시 평원동 189-4,14,평일+토요일+공휴일,00:00,23:59,00:00,23:59,00:00,23:59,유료,강원도 원주시청,033-737-3544
태호주차장,민영,노외,강원도 원주시 중앙시장길 51,강원도 원주시 평원동 190-23,14,평일+토요일+공휴일,00:00,23:59,00:00,23:59,00:00,23:59,유료,강원도 원주시청,033-737-3544
금성주차장,민영,노외,강원도 원주시 평원로 44,강원도 원주시 평원동 310-13,11,평일+토요일+공휴일,00:00,23:59,00:00,23:59,00:00,23:59,유료,강원도 원주시청,033-737-3544
형제주차장,민영,노외,강원도 원주시 평원로 22,강원도 원주시 평원동 349-1,48,평일+토요일+공휴일,00:00,23:59,00:00,23:59,00:00,23:59,유료,강원도 원주시청,033-737-3544
전원주차장,민영,노외,강원도 원주시 중앙시장길 54,강원도 원주시 평원동 198-1,13,평일+토요일+공휴일,00:00,23:59,00:00,23:59,00:00,23:59,유료,강원도 원주시청,033-737-3544
정지뜰주차장,민영,노외,강원도 원주시 평원로 90,강원도 원주시 학성동 202-3,34,평일+토요일+공휴일,00:00,23:59,00:00,23:59,00:00,23:59,유료,강원도 원주시청,033-737-3544
수정유료주차장,민영,노외,강원도 원주시 감영길 20,강원도 원주시 원동 5-27,9,평일+토요일+공휴일,00:00,23:59,00:00,23:59,00:00,23:59,유료,강원도 원주시청,033-737-3544
남산주차장,민영,노외,강원도 원주시 원일로 53-1,강원도 원주시 원동 58-4,27,평일+토요일+공휴일,00:00,23:59,00:00,23:59,00:00,23:59,유료,강원도 원주시청,033-737-3544
광진주차장,민영,노외,강원도 원주시 치악로 1817,강원도 원주시 인동 183,17,평일+토요일+공휴일,00:00,23:59,00:00,23:59,00:00,23:59,유료,강원도 원주시청,033-737-3544
성지병원주차장,민영,노외,강원도 원주시 중앙로 38-2,강원도 원주시 인동 25-31,44,평일+토요일+공휴일,00:00,23:59,00:00,23:59,00:00,23:59,유료,강원도 원주시청,033-737-3544
고원예식장앞,공영,노외,강원도 태백시 짐대배기2길 12,강원도 태백시 황지동 194-60,7,평일,00:00,23:59,00:00,00:00,00:00,00:00,무료,강원도 태백시청,033-550-2105
SK부자주유소옆,공영,노외,강원도 태백시 상장로 86,강원도 태백시 황지동 108-33,31,평일,00:00,23:59,00:00,00:00,00:00,00:00,무료,강원도 태백시청,033-550-2105
문곡역옆(상장),공영,노상,강원도 태백시 상장로 61,강원도 태백시 황지동 180,17,평일,00:00,23:59,00:00,00:00,00:00,00:00,무료,강원도 태백시청,033-550-2105
함태중학교앞,공영,노상,강원도 태백시 번영로 11,강원도 태백시 황지동 166-2,34,평일,00:00,23:59,00:00,00:00,00:00,00:00,무료,강원도 태백시청,033-550-2105
문곡소도동주민센터옆,공영,노외,강원도 태백시 용담1길 9-4,강원도 태백시 소도동 78,18,평일,00:00,23:59,00:00,00:00,00:00,00:00,무료,강원도 태백시청,033-550-2105
2주공후문,공영,노상,강원도 태백시 황지로 13-1,강원도 태백시 황지동 87-36,13,평일,00:00,23:59,00:00,00:00,00:00,00:00,무료,강원도 태백시청,033-550-2105
현대아파트옆,공영,노외,강원도 태백시 해지개길 26,강원도 태백시 황지동 665-1,26,평일,00:00,23:59,00:00,00:00,00:00,00:00,무료,강원도 태백시청,033-550-2105
너와집옆,공영,노외,강원도 태백시 고원로 35,강원도 태백시 황지동 208-9,12,평일,00:00,23:59,00:00,00:00,00:00,00:00,무료,강원도 태백시청,033-550-2105
강릉인라인스케이팅장 주차장,공영,노외,강원도 강릉시 종합운동장길 72-25,강원도 강릉시 교동 369,95,평일+토요일+공휴일,00:00,23:59,00:00,23:59,00:00,23:59,무료,강원도 강릉시청 교통과,033-640-5624
강변-1,공영,노외,강원도 화천군 화천읍 하리 53-11,강원도 화천군 화천읍 하리 53-11,99,평일+토요일+공휴일,00:00,00:00,00:00,00:00,00:00,00:00,무료,강원도 화천군청,033-440-2365
강변-2,공영,노외,강원도 화천군 화천읍 하리 24-2,강원도 화천군 화천읍 하리 24-2,70,평일+토요일+공휴일,00:00,00:00,00:00,00:00,00:00,00:00,무료,강원도 화천군청,033-440-2365
5일장터,공영,노외,강원도 화천군 화천읍 하리 21-17,강원도 화천군 화천읍 하리 21-17,86,평일+토요일+공휴일,00:00,00:00,00:00,00:00,00:00,00:00,무료,강원도 화천군청,033-440-2365
군지부옆,공영,노상,강원도 화천군 화천읍 중앙로 16,강원도 화천군 화천읍 하리 48-4,5,평일+토요일+공휴일,00:00,00:00,00:00,00:00,00:00,00:00,무료,강원도 화천군청,033-440-2365
정산고~교육청,공영,노상,강원도 화천군 화천읍 하리 28-6,강원도 화천군 화천읍 하리 28-6,71,평일+토요일+공휴일,09:00,18:00,00:00,18:00,09:00,18:00,유료,강원도 화천군청,033-440-2365
공영버스터미널~낭천가든,공영,노상,강원도 화천군 화천읍 하리 27-16,강원도 화천군 화천읍 하리 27-16,13,평일+토요일+공휴일,00:00,00:00,00:00,00:00,00:00,00:00,무료,강원도 화천군청,033-440-2365
그린장 앞,공영,노외,강원도 화천군 화천읍 하리 52-10,강원도 화천군 화천읍 하리 52-10,7,평일+토요일+공휴일,00:00,00:00,00:00,00:00,00:00,00:00,유료,강원도 화천군청,033-442-4013
하리파출소 앞,공영,노외,강원도 화천군 화천읍 강변로 27,강원도 화천군 화천읍 하리 53-29,14,평일+토요일+공휴일,00:00,00:00,00:00,00:00,00:00,00:00,무료,강원도 화천군청,033-440-2365
하리마을회관 앞,공영,노외,강원도 화천군 화천읍 하리 53-30,강원도 화천군 화천읍 하리 53-30,12,평일+토요일+공휴일,00:00,00:00,00:00,00:00,00:00,00:00,무료,강원도 화천군청,033-440-2365
태흥~하리파출소,공영,노상,강원도 화천군 화천읍 하리 51-5,강원도 화천군 화천읍 하리 51-5,15,평일+토요일+공휴일,00:00,00:00,00:00,00:00,00:00,00:00,무료,강원도 화천군청,033-440-2365
대화전통시장 주차공원,공영,노외,강원도 평창군 대화면 대화1길 19,강원도 평창군 대화면 대화리 1000-6,40,평일+토요일+공휴일,00:00,23:59,00:00,23:59,00:00,23:59,무료,강원도 평창군청,033-330-2285
백룡동굴 주차장,공영,노외,강원도 평창군 미탄면 문희길 63,강원도 평창군 미탄면 마하리 82,49,평일+토요일+공휴일,00:00,23:59,00:00,23:59,00:00,23:59,무료,강원도 평창군청,033-330-2285
백강파크빌 옆 주차장,공영,노외,강원도 평창군 미탄면 창천변길 9,강원도 평창군 미탄면 창리 730,7,평일+토요일+공휴일,00:00,23:59,00:00,23:59,00:00,23:59,무료,강원도 평창군청,033-330-2285
효석문학관 (소형),공영,노외,강원도 평창군 봉평면 효석문학길 73-25,강원도 평창군 봉평면 창동리 548-3,23,평일+토요일+공휴일,00:00,23:59,00:00,23:59,00:00,23:59,무료,강원도 평창군청,033-330-2285
평창식당 옆 주차장,공영,노외,강원도 평창군 미탄면 새터길 6,강원도 평창군 미탄면 창리 277-4,14,평일+토요일+공휴일,00:00,23:59,00:00,23:59,00:00,23:59,무료,강원도 평창군청,033-330-2285
효석문학관 (대형),공영,노외,강원도 평창군 봉평면 효석문학길 73-25,강원도 평창군 봉평면 창동리 530-13,9,평일+토요일+공휴일,00:00,23:59,00:00,23:59,00:00,23:59,무료,강원도 평창군청,033-330-2285
면사무소옆 주차장,공영,노외,강원도 평창군 봉평면 기풍로 150-2,강원도 평창군 봉평면 창동리 362-2,38,평일+토요일+공휴일,00:00,23:59,00:00,23:59,00:00,23:59,무료,강원도 평창군청,033-330-2285
카페마커모얘 앞 주차장,공영,노외,강원도 평창군 미탄면 미탄중앙로 6,강원도 평창군 미탄면 창리 693-2,13,평일+토요일+공휴일,00:00,23:59,00:00,23:59,00:00,23:59,무료,강원도 평창군청,033-330-2285
봉평중고등학교 옆,공영,노외,강원도 평창군 봉평면 기풍3길 17,강원도 평창군 봉평면 창동리 396-38,63,평일+토요일+공휴일,00:00,23:59,00:00,23:59,00:00,23:59,무료,강원도 평창군청,033-330-2285
운교치안센터 옆 주차장,공영,노외,강원도 평창군 방림면 서동로 275,강원도 평창군 방림면 운교리 959-2,15,평일+토요일+공휴일,00:00,23:59,00:00,23:59,00:00,23:59,무료,강원도 평창군청,033-330-2285
계촌초등학교 정문 주차장,공영,노외,강원도 평창군 방림면 계촌길 61,강원도 평창군 방림면 계촌리 1486-1,5,평일+토요일+공휴일,00:00,23:59,00:00,23:59,00:00,23:59,무료,강원도 평창군청,033-330-2285
계방산 주차장,공영,노외,강원도 평창군 용평면 운두령로 743,강원도 평창군 봉평면 노동리 159,30,평일+토요일+공휴일,00:00,23:59,00:00,23:59,00:00,23:59,무료,강원도 평창군청,033-330-2285
방림복지회관 앞 주차장,공영,노외,강원도 평창군 방림면 서동로 1338-3,강원도 평창군 방림면 방림리 1269,17,평일+토요일+공휴일,00:00,23:59,00:00,23:59,00:00,23:59,무료,강원도 평창군청,033-330-2285
금당광고 앞 주차장,공영,노외,강원도 평창군 대화면 대화중앙로 52,강원도 평창군 대화면 대화리 942,29,평일+토요일+공휴일,00:00,23:59,00:00,23:59,00:00,23:59,무료,강원도 평창군청,033-330-2285
엄목교위,공영,노외,강원도 태백시 삼수길 25,강원도 태백시 황지동 621-63,21,평일,00:00,23:59,00:00,00:00,00:00,00:00,무료,강원도 태백시청,033-550-2105
먹거리길,공영,노상,강원도 태백시 먹거리길 36,강원도 태백시 황지동 262-77,35,평일,00:00,23:59,00:00,00:00,00:00,00:00,무료,강원도 태백시청,033-550-2105
태광주유소앞,공영,노상,강원도 태백시 태백로 892,강원도 태백시 황지동 8-71,22,평일,00:00,23:59,00:00,00:00,00:00,00:00,무료,강원도 태백시청,033-550-2105
황지연지지구,공영,노외,강원도 태백시 태백로 915,강원도 태백시 황지동 20-37,47,평일,00:00,23:59,00:00,00:00,00:00,00:00,무료,강원도 태백시청,033-550-2105
면사무소 앞 주차장,공영,노외,강원도 평창군 대화면 대화중앙로 154-1,강원도 평창군 대화면 대화리 1180-4,27,평일+토요일+공휴일,00:00,23:59,00:00,23:59,00:00,23:59,무료,강원도 평창군청,033-330-2285
대화체육관 옆 주차장,공영,노외,강원도 평창군 대화면 대화1길 28-5,강원도 평창군 대화면 대화리 971-3,22,평일+토요일+공휴일,00:00,23:59,00:00,23:59,00:00,23:59,무료,강원도 평창군청,033-330-2285
대화중고등학교 앞 주차장,공영,노외,강원도 평창군 대화면 대화중앙로 32-8,강원도 평창군 대화면 대화리 857-1,26,평일+토요일+공휴일,00:00,23:59,00:00,23:59,00:00,23:59,무료,강원도 평창군청,033-330-2285
법장사입구 주차장,공영,노외,강원도 평창군 대화면 고대동길 168,강원도 평창군 대화면 대화리 1758-15,10,평일+토요일+공휴일,00:00,23:59,00:00,23:59,00:00,23:59,무료,강원도 평창군청,033-330-2285
면사무소앞 주차장(신설),공영,노외,강원도 평창군 대화면 남산2길 20,강원도 평창군 대화면 대화리 1171,30,평일+토요일+공휴일,00:00,23:59,00:00,23:59,00:00,23:59,무료,강원도 평창군청,033-330-2285
대화의원,공영,노외,강원도 평창군 대화면 대화1길 38-3,강원도 평창군 대화면 대화리 978-12,40,평일+토요일+공휴일,00:00,23:59,00:00,23:59,00:00,23:59,무료,강원도 평창군청,033-330-2285
노성산 주차장,공영,노외,강원도 평창군 평창읍 평창중앙로 158-8,강원도 평창군 평창읍 하리 19,50,평일+토요일+공휴일,00:00,23:59,00:00,23:59,00:00,23:59,무료,강원도 평창군청,033-330-2285
청옥막국수 옆 주차장,공영,노외,강원도 평창군 평창읍 송학로 27-5,강원도 평창군 평창읍 하리 58-28,20,평일+토요일+공휴일,00:00,23:59,00:00,23:59,00:00,23:59,무료,강원도 평창군청,033-330-2285
백오아파트 뒤 주차장,공영,노외,강원도 평창군 평창읍 노람들길 18,강원도 평창군 평창읍 중리-358,16,평일+토요일+공휴일,00:00,23:59,00:00,23:59,00:00,23:59,무료,강원도 평창군청,033-330-2285
본전갈비 앞 주차장,공영,노외,강원도 평창군 평창읍 천변길 23,강원도 평창군 평창읍 하리 44-2,24,평일+토요일+공휴일,00:00,23:59,00:00,23:59,00:00,23:59,무료,강원도 평창군청,033-330-2285
효성타운 뒤 주차장,공영,노외,강원도 평창군 평창읍 향교길 43,강원도 평창군 평창읍 하리 66-3,19,평일+토요일+공휴일,00:00,23:59,00:00,23:59,00:00,23:59,무료,강원도 평창군청,033-330-2285
바다회식당 옆 주차장,공영,노외,강원도 평창군 평창읍 천변길 24-7,강원도 평창군 평창읍 천변리 25-2,20,평일+토요일+공휴일,00:00,23:59,00:00,23:59,00:00,23:59,무료,강원도 평창군청,033-330-2285
할인마트 앞 주차장,공영,노외,강원도 평창군 평창읍 백오로 171,강원도 평창군 평창읍 중리 302,22,평일+토요일+공휴일,00:00,23:59,00:00,23:59,00:00,23:59,무료,강원도 평창군청,033-330-2285
평창초교 앞 (산림조합 옆),공영,노외,강원도 평창군 평창읍 송학로 59,강원도 평창군 평창읍 하리 125-5,17,평일+토요일+공휴일,00:00,23:59,00:00,23:59,00:00,23:59,무료,강원도 평창군청,033-330-2285
삼삼오식당 옆 주차장,공영,노외,강원도 평창군 평창읍 노산성길 13,강원도 평창군 평창읍 하리 152,23,평일+토요일+공휴일,00:00,23:59,00:00,23:59,00:00,23:59,무료,강원도 평창군청,033-330-2285
대원아파트 앞 주차장,공영,노외,강원도 평창군 평창읍 노성로 213-4,강원도 평창군 평창읍 중리 88-7,12,평일+토요일+공휴일,00:00,23:59,00:00,23:59,00:00,23:59,무료,강원도 평창군청,033-330-2285
평창해장국 옆 주차장,공영,노외,강원도 평창군 평창읍 백오로 178,강원도 평창군 평창읍 중리 301,37,평일+토요일+공휴일,00:00,23:59,00:00,23:59,00:00,23:59,무료,강원도 평창군청,033-330-2285
마하리 주차장,공영,노외,강원도 평창군 미탄면 마하길 42-5,"강원도 평창군 미탄면 마하리 337-1,2",42,평일+토요일+공휴일,00:00,23:59,00:00,23:59,00:00,23:59,무료,강원도 평창군청,033-330-2285
미탄 주차장,공영,노외,강원도 평창군 미탄면 미탄시장길 22,강원도 평창군 미탄면 창리 709,18,평일+토요일+공휴일,00:00,23:59,00:00,23:59,00:00,23:59,무료,강원도 평창군청,033-330-2285
올림픽시장 주차장,공영,노외,강원도 평창군 평창읍 문화길 73,강원도 평창군 평창읍 하리 137-12,18,평일+토요일+공휴일,00:00,23:59,00:00,23:59,00:00,23:59,무료,강원도 평창군청,033-330-2285
창리주차공원,공영,노외,강원도 평창군 미탄면 미탄중앙로 69,강원도 평창군 미탄면 창리 773-1,22,평일+토요일+공휴일,00:00,23:59,00:00,23:59,00:00,23:59,무료,강원도 평창군청,033-330-2285
계촌주차장(계촌초교 앞),공영,노외,강원도 평창군 방림면 계촌길 63,강원도 평창군 방림면 계촌리 2070-1,45,평일+토요일+공휴일,00:00,23:59,00:00,23:59,00:00,23:59,무료,강원도 평창군청,033-330-2285
방림 1주차장(농협 옆),공영,노외,강원도 평창군 방림면 서동로 1329-3,강원도 평창군 방림면 방림리 1281,10,평일+토요일+공휴일,00:00,23:59,00:00,23:59,00:00,23:59,무료,강원도 평창군청,033-330-2285
백덕산 주차장,공영,노외,강원도 평창군 방림면 여우재1길 13-2,강원도 평창군 방림면 운교리 1604,39,평일+토요일+공휴일,00:00,23:59,00:00,23:59,00:00,23:59,무료,강원도 평창군청,033-330-2285
유현아파트 앞 주차장,공영,노외,강원도 평창군 평창읍 평창중앙로 136,강원도 평창군 평창읍 하리 179-5,14,평일+토요일+공휴일,00:00,23:59,00:00,23:59,00:00,23:59,무료,강원도 평창군청,033-330-2285
문화마을 주차장,공영,노외,강원도 평창군 대화면 문화택지길 57-1,강원도 평창군 대화면 대화리 1958,17,평일+토요일+공휴일,00:00,23:59,00:00,23:59,00:00,23:59,무료,강원도 평창군청,033-330-2285
터미널 옆 주차장,공영,노외,강원도 평창군 대화면 평창대로 894,강원도 평창군 대화면 대화리 1012-17,76,평일+토요일+공휴일,00:00,23:59,00:00,23:59,00:00,23:59,무료,강원도 평창군청,033-330-2285
엄목교삼거리,공영,노상,강원도 태백시 오투로 15,강원도 태백시 황지동 274-229,35,평일,00:00,23:59,00:00,00:00,00:00,00:00,무료,강원도 태백시청,033-550-2105
송학로 노상주차장,공영,노상,강원도 평창군 평창읍 송학로 71,강원도 평창군 평창읍 하리 210-10,28,평일+토요일+공휴일,00:00,23:59,00:00,23:59,00:00,23:59,무료,강원도 평창군청,033-330-2285
중앙로 노상주차장,공영,노상,강원도 평창군 평창읍 평창중앙로 66,강원도 평창군 평창읍 하리 165-1,53,평일+토요일+공휴일,00:00,23:59,00:00,23:59,00:00,23:59,무료,강원도 평창군청,033-330-2285
백오로 노상주차장,공영,노상,강원도 평창군 평창읍 백오로 6,강원도 평창군 평창읍 하리 76-3,64,평일+토요일+공휴일,00:00,23:59,00:00,23:59,00:00,23:59,무료,강원도 평창군청,033-330-2285
군청앞 노상주차장,공영,노상,강원도 평창군 평창읍 군청길 77,강원도 평창군 평창읍 하리 210-2,35,평일+토요일+공휴일,00:00,23:59,00:00,23:59,00:00,23:59,무료,강원도 평창군청,033-330-2285
유존빌라앞 노상주차장,공영,노상,강원도 평창군 평창읍 백오로 205,강원도 평창군 평창읍 중리 282-1,13,평일+토요일+공휴일,00:00,23:59,00:00,23:59,00:00,23:59,무료,강원도 평창군청,033-330-2285
강변아파트 뒤 노상주차장,공영,노상,강원도 평창군 평창읍 서동로 2543-6,강원도 평창군 평창읍 중리 270-9,18,평일+토요일+공휴일,00:00,23:59,00:00,23:59,00:00,23:59,무료,강원도 평창군청,033-330-2285
남산로 노상주차장,공영,노상,강원도 평창군 대화면 대화중앙로 112,강원도 평창군 대화면 대화리 990-1,18,평일+토요일+공휴일,00:00,23:59,00:00,23:59,00:00,23:59,무료,강원도 평창군청,033-330-2285
kt앞 노상 주차장,공영,노상,강원도 평창군 대화면 남산2길 5,강원도 평창군 대화면 대화리 1169-1,17,평일+토요일+공휴일,00:00,23:59,00:00,23:59,00:00,23:59,무료,강원도 평창군청,033-330-2285
중앙로 노상주차장,공영,노상,강원도 평창군 진부면 진부중앙로 94,강원도 평창군 진부면 하진부리 90-6,187,평일+토요일+공휴일,00:00,23:59,00:00,23:59,00:00,23:59,무료,강원도 평창군청,033-330-2285
금파정 옆 노상주차장,공영,노상,강원도 평창군 미탄면 미탄중앙로 54,강원도 평창군 미탄면 창리 778-12,15,평일+토요일+공휴일,00:00,23:59,00:00,23:59,00:00,23:59,무료,강원도 평창군청,033-330-2285
메달플라자 주차장,공영,노상,강원도 평창군 대관령면 해당화3길 24,강원도 평창군 대관령면 횡계리 707,39,평일+토요일+공휴일,00:00,23:59,00:00,23:59,00:00,23:59,무료,강원도 평창군청,033-330-2285
대관령성당앞 주차장,공영,노상,강원도 평창군 대관령면 눈마을길 47,강원도 평창군 대관령면 횡계리 339-1,6,평일+토요일+공휴일,00:00,23:59,00:00,23:59,00:00,23:59,무료,강원도 평창군청,033-330-2285
천변리 주차장,공영,노외,강원도 평창군 평창읍 천변길 56,강원도 평창군 평창읍 천변리 46,230,평일+토요일+공휴일,00:00,23:59,00:00,23:59,00:00,23:59,무료,강원도 평창군청,033-330-2285
우체국 뒤 주차장,공영,노외,강원도 평창군 평창읍 평창중앙로 66,강원도 평창군 평창읍 하리 428,23,평일+토요일+공휴일,00:00,23:59,00:00,23:59,00:00,23:59,무료,강원도 평창군청,033-330-2285
평창 중리 주차장,공영,노외,강원도 평창군 평창읍 노성로 266,강원도 평창군 평창읍 중리 105-2,25,평일+토요일+공휴일,00:00,23:59,00:00,23:59,00:00,23:59,무료,강원도 평창군청,033-330-2285
문화복지센터 주차장,공영,노외,강원도 평창군 평창중앙로 67,강원도 평창군 평창읍 하리 113-1,44,평일+토요일+공휴일,00:00,23:59,00:00,23:59,00:00,23:59,무료,강원도 평창군청,033-330-2285
터미널 뒤 주차장,공영,노외,강원도 평창군 평창읍 백오1길 14,강원도 평창군 평창읍 하리 434-2,43,평일+토요일+공휴일,00:00,23:59,00:00,23:59,00:00,23:59,무료,강원도 평창군청,033-330-2285
군청 앞 주차장,공영,노외,강원도 평창군 평창읍 군청길 77,강원도 평창군 평창읍 하리 220-1,80,평일+토요일+공휴일,00:00,23:59,00:00,23:59,00:00,23:59,무료,강원도 평창군청,033-330-2285
방범대 앞 주차장,공영,노외,강원도 평창군 평창읍 백오로 150,강원도 평창군 평창읍 중리 334-2,18,평일+토요일+공휴일,00:00,23:59,00:00,23:59,00:00,23:59,무료,강원도 평창군청,033-330-2285
소방서 앞 주차장,공영,노외,강원도 평창군 노성로 145,강원도 평창군 평창읍 중리 340,9,평일+토요일+공휴일,00:00,23:59,00:00,23:59,00:00,23:59,무료,강원도 평창군청,033-330-2285
평창교회 앞 주차장,공영,노외,강원도 평창군 평창읍 노산성길 56,강원도 평창군 평창읍 중리 361,13,평일+토요일+공휴일,00:00,23:59,00:00,23:59,00:00,23:59,무료,강원도 평창군청,033-330-2285
시청사앞,공영,노상,강원도 태백시 태붐로 21,강원도 태백시 황지동 244-3,21,평일,00:00,23:59,00:00,00:00,00:00,00:00,무료,강원도 태백시청,033-550-2105
조양마을길 14-8 앞,공영,노외,강원도 영월군 남면 조양마을길 14-8,강원도 영월군 남면 연당리 937,6,평일+토요일+공휴일,00:00,23:59,00:00,23:59,00:00,23:59,무료,강원도 영월군청,033-370-2356
두레아트빌 옆 주차장,공영,노외,강원도 평창군 평창읍 노성2길 60,강원도 평창군 평창읍 중리 102,16,평일+토요일+공휴일,00:00,23:59,00:00,23:59,00:00,23:59,무료,강원도 평창군청,033-330-2285
송정택지 2주차장,공영,노외,강원도 평창군 진부면 송정택지2길 33-10,강원도 평창군 진부면 송정리 2529-2,5,평일+토요일+공휴일,00:00,23:59,00:00,23:59,00:00,23:59,무료,강원도 평창군청,033-330-2285
송정택지 3주차장,공영,노외,강원도 평창군 진부면 송정택지1길 52-9,강원도 평창군 진부면 송정리 2540,36,평일+토요일+공휴일,00:00,23:59,00:00,23:59,00:00,23:59,무료,강원도 평창군청,033-330-2285
송정택지 4주차장,공영,노외,강원도 평창군 진부면 송정택지1길 52-9,강원도 평창군 진부면 송정리 2516-1,9,평일+토요일+공휴일,00:00,23:59,00:00,23:59,00:00,23:59,무료,강원도 평창군청,033-330-2285
진부방앗간 앞 주차장,공영,노외,강원도 평창군 진부면 진부시장뒷길 15,강원도 평창군 진부면 하진부리 145-14,19,평일+토요일+공휴일,00:00,23:59,00:00,23:59,00:00,23:59,무료,강원도 평창군청,033-330-2285
송정택지 5주차장,공영,노외,강원도 평창군 진부면 송정택지2길 31-9,강원도 평창군 진부면 송정리 2540,25,평일+토요일+공휴일,00:00,23:59,00:00,23:59,00:00,23:59,무료,강원도 평창군청,033-330-2285
진부주공아파트 앞 주차장,공영,노외,강원도 평창군 진부면 경강로 3587,강원도 평창군 진부면 하진부리 123-1,166,평일+토요일+공휴일,00:00,23:59,00:00,23:59,00:00,23:59,무료,강원도 평창군청,033-330-2285
대관령파출소 뒤 주차장,공영,노외,강원도 평창군 대관령면 대관령로 91-8,강원도 평창군 대관령면 횡계리 665,25,평일+토요일+공휴일,00:00,23:59,00:00,23:59,00:00,23:59,무료,강원도 평창군청,033-330-2285
하진부리(구터미널)주차장,공영,노외,강원도 평창군 진부면 진부시장뒷길 66,강원도 평창군 진부면 하진부리 206-131,35,평일+토요일+공휴일,00:00,23:59,00:00,23:59,00:00,23:59,무료,강원도 평창군청,033-330-2285
대화면 공원주차장,공영,노외,강원도 평창군 대화면 대화중앙로 95,강원도 평창군 대화면 대화리 967-1,29,평일+토요일+공휴일,00:00,23:59,00:00,23:59,00:00,23:59,무료,강원도 평창군청,033-330-2285
진부초교앞 주차장,공영,노외,강원도 평창군 진부면 진부새싹길 42,강원도 평창군 진부면 하진부리 206-11,24,평일+토요일+공휴일,00:00,23:59,00:00,23:59,00:00,23:59,무료,강원도 평창군청,033-330-2285
문화마을 2주차장,공영,노외,강원도 평창군 대화면 문화택지길 58,강원도 평창군 대화면 대화리 1962-1,30,평일+토요일+공휴일,00:00,23:59,00:00,23:59,00:00,23:59,무료,강원도 평창군청,033-330-2285
송정택지 주차공원,공영,노외,강원도 평창군 진부면 송정택지2길 28-20,강원도 평창군 진부면 송정리 2535-1,8,평일+토요일+공휴일,00:00,23:59,00:00,23:59,00:00,23:59,무료,강원도 평창군청,033-330-2285
문화마을 3주차장,공영,노외,강원도 평창군 대화면 문화택지길 58,강원도 평창군 대화면 대화리 1959,16,평일+토요일+공휴일,00:00,23:59,00:00,23:59,00:00,23:59,무료,강원도 평창군청,033-330-2285
하진부리(태백주유소뒤)주차장,공영,노외,강원도 평창군 진부면 진부중앙로 100-5,강원도 평창군 진부면 하진부리 1289-30,17,평일+토요일+공휴일,00:00,23:59,00:00,23:59,00:00,23:59,무료,강원도 평창군청,033-330-2285
한답모퉁이 주차장,공영,노외,강원도 평창군 봉평면 평촌리 602,강원도 평창군 봉평면 평촌리 산1-5,10,평일+토요일+공휴일,00:00,23:59,00:00,23:59,00:00,23:59,무료,강원도 평창군청,033-330-2285
횡계천둔치주차장,공영,노외,강원도 평창군 대관령면 사부랑길 7,강원도 평창군 대관령면 횡계리 661,46,평일+토요일+공휴일,00:00,23:59,00:00,23:59,00:00,23:59,무료,강원도 평창군청,033-330-2285
봉평전통시장 주차장,공영,노외,강원도 평창군 봉평면 애강나무길 109,강원도 평창군 봉평면 창동리 413,57,평일+토요일+공휴일,00:00,23:59,00:00,23:59,00:00,23:59,무료,강원도 평창군청,033-330-2285
황태회관앞주차장,공영,노외,강원도 평창군 대관령면 눈마을길 9,강원도 평창군 대관령면 횡계리 348-1,44,평일+토요일+공휴일,00:00,23:59,00:00,23:59,00:00,23:59,무료,강원도 평창군청,033-330-2285
남안교위 둔치 주차장,공영,노외,강원도 평창군 봉평면 기풍3길 3,강원도 평창군 봉평면 창동리 435-1,420,평일+토요일+공휴일,00:00,23:59,00:00,23:59,00:00,23:59,무료,강원도 평창군청,033-330-2285
장터주차장,공영,노외,강원도 평창군 봉평면 기풍3길 19,강원도 평창군 봉평면 창동리 396-38,170,평일+토요일+공휴일,00:00,23:59,00:00,23:59,00:00,23:59,무료,강원도 평창군청,033-330-2285
면사무소 앞 주차장,공영,노외,강원도 평창군 봉평면 기풍4길 10,강원도 평창군 봉평면 창동리 345,19,평일+토요일+공휴일,00:00,23:59,00:00,23:59,00:00,23:59,무료,강원도 평창군청,033-330-2285
봉평축협 앞 주차장,공영,노외,강원도 평창군 봉평면 동이장터길 26,강원도 평창군 봉평면 창동리 379-1,5,평일+토요일+공휴일,00:00,23:59,00:00,23:59,00:00,23:59,무료,강원도 평창군청,033-330-2285
고려회관 앞 주차장,공영,노외,강원도 평창군 용평면 금송1길 19-7,강원도 평창군 용평면 장평리 349-3,18,평일+토요일+공휴일,00:00,23:59,00:00,23:59,00:00,23:59,무료,강원도 평창군청,033-330-2285
장평장로교회 앞 주차장,공영,노외,강원도 평창군 용평면 금송2길 20-6,강원도 평창군 용평면 장평리 375-3,34,평일+토요일+공휴일,00:00,23:59,00:00,23:59,00:00,23:59,무료,강원도 평창군청,033-330-2285
진부주공아파트 뒤 주차장,공영,노외,강원도 평창군 진부면 진부중앙로 46,강원도 평창군 진부면 하진부리 13-7,20,평일+토요일+공휴일,00:00,23:59,00:00,23:59,00:00,23:59,무료,강원도 평창군청,033-330-2285
제일교회 앞 주차장,공영,노외,강원도 평창군 평창읍 노성2길 10,강원도 평창군 평창읍 중리 298-4,20,평일+토요일+공휴일,00:00,23:59,00:00,23:59,00:00,23:59,무료,강원도 평창군청,033-330-2285
진부전통시장 주차장,공영,노외,강원도 평창군 진부면 진부시장뒷길 27,강원도 평창군 진부면 하진부리 206-17,50,평일+토요일+공휴일,00:00,23:59,00:00,23:59,00:00,23:59,무료,강원도 평창군청,033-330-2285
진부고등학교 앞 주차장,공영,노외,강원도 평창군 진부면 청송로 64,강원도 평창군 진부면 하진부리 164-12,8,평일+토요일+공휴일,00:00,23:59,00:00,23:59,00:00,23:59,무료,강원도 평창군청,033-330-2285
면사무소앞주차장,공영,노외,강원도 평창군 진부면 석두산2길 13,강원도 평창군 진부면 하진부리 171-3,30,평일+토요일+공휴일,00:00,23:59,00:00,23:59,00:00,23:59,무료,강원도 평창군청,033-330-2285
대화전통시장입구주차장,공영,노외,강원도 평창군 대화면 대화시장2길 23-3,강원도 평창군 대화면 대화리 1001-215,12,평일+토요일+공휴일,00:00,23:59,00:00,23:59,00:00,23:59,무료,강원도 평창군청,033-330-2285
