시장명,소재지도로명주소,소재지지번주소,사용가능상품권,공중화장실 보유여부,주차장 보유여부
중앙시장,강원도 강릉시 금성로 21,강원 강릉시 성남동 50번지 ,온누리상품권,Y,Y
강릉동부시장,강원도 강릉시 옥천로 48,강원 강릉시 옥천동 223번지 ,없음,Y,N
강릉서부시장,강원도 강릉시 임영로 155번길 6,강원 강릉시 용강동 29번지 ,온누리상품권,Y,Y
주문진종합시장,강원도 강릉시 주문진읍 구 시장길,강원 강릉시 주문진읍 주문리 321-52번지 ,온누리상품권,Y,Y
주문진수산시장,강원도 강릉시 주문진읍 시장1길 4-1,강원 강릉시 주문진읍 주문리 312-91번지 ,온누리상품권,Y,Y
주문진건어물시장,강원도 강릉시 주문진읍 주문리 해안로 1740,강원 강릉시 주문진읍 주문리 312-56번지 ,온누리상품권,Y,Y
강릉성남시장,강원도 강릉시 중앙시장길 16,강원 강릉시 성남동 53-8번지 ,온누리상품권,Y,Y
간성시장,강원도 고성군 간성시장 2길 11-1,강원 고성군 간성읍 신안리 262번지 ,온누리상품권,Y,Y
거진시장,강원도 고성군 거진읍 거진시장길 15,강원 고성군 거진읍 거진리 272번지 ,온누리상품권,Y,Y
북평민속시장,강원도 동해시 북평 오일장길 32,강원 동해시 구미동 497-11번지 일원 ,온누리상품권,Y,Y
동쪽바다중앙시장,강원도 동해시 중앙시장길 12,강원 동해시 발한동 12-2번지 일원 ,온누리상품권,Y,Y
동해남부재래시장,강원도 동해시 청운1길 29,강원 동해시 동희동 442번지 ,온누리상품권,Y,Y
도계중앙시장,강원도 삼척시 도계읍 도계로 4길 20,강원 삼척시 도계읍 도계리 390-1,없음,Y,Y
도계전두시장,강원도 삼척시 도계읍 전두리 83번지,강원 삼척시 도계읍 전두리 83-2,온누리상품권,Y,Y
삼척번개시장,강원도 삼척시 중앙로 10,강원 삼척시 사직동 50-2,온누리상품권,Y,N
삼척중앙시장,강원도 삼척시 진주로 12-21,강원 삼척시 남양동 55-4,온누리상품권,Y,Y
속초중앙전통시장,강원도 속초시 중앙로 129번길 33,강원 속초시 중앙동 493-3 외 127번지 ,온누리상품권,Y,Y
속초종합중앙시장,강원도 속초시 중앙로 471-4,강원 속초시 중앙동 471-4번지 ,온누리상품권,Y,Y
양구중앙시장,강원도 양구군 양구읍 중앙길 68,강원 양구군 양구읍 상리 235번지 ,온누리상품권,Y,Y
양양전통시장,강원도 양양군 양양읍 남문로 5길 4-1,강원 양양군 양양읍 남문리 57-1번지 ,온누리상품권,Y,Y
서부공설시장,강원도 영월군 영월읍 서부 시장길 8-1,강원 영월군 영월읍 하송리 5-11번지 일원 ,온누리상품권,Y,Y
영월서부시장,강원도 영월군 영월읍 중앙로 30-1,강원 영월군 영월읍 영흥리 947-57번지 일원 ,온누리상품권,Y,Y
영월종합상가시장,강원도 영월군 영월읍 하송안길 8-9,강원 영월군 영월읍 하송리 11-1번지 ,온누리상품권,Y,Y
원주남부시장,강원도 원주시 명륜동 26번지,강원 원주시 명륜1동 26번지 ,온누리상품권,Y,Y
문막시장,강원도 원주시 문막읍 문막시장 1길 52-10,강원 원주시 문막읍 문막리 240-1번지 ,온누리상품권,Y,N
중앙시민전통시장,강원도 원주시 자유 시장길 26,강원 원주시 중앙동 42-3번지 ,온누리상품권,Y,Y
자유시장,강원도 원주시 중앙 시장길,강원 원주시 중앙동 57번지 ,온누리상품권,Y,Y
중앙시장,강원도 원주시 중앙시장길 6,강원 원주시 중앙동 62-55번지 ,온누리상품권,Y,Y
북원상가시장,강원도 원주시 태장 2동 1379-23,강원 원주시 태장동 1379-4번지 외 ,온누리상품권,Y,Y
민속풍물시장,강원도 원주시 평원동 풍물시장길 30,강원 원주시 평원동 134-1번지 ,온누리상품권,Y,N
원통시장,강원도 인제군 북면 원통리 647-5,강원 인제군 북면 원통리 647-6번지 ,온누리상품권,Y,N
인제시장,강원도 인제군 인제읍 비봉로 6번길 10,강원 인제군 인제읍 296-2번지 ,온누리상품권,N,N
고한시장,강원도 정선군 고한읍 고한리 430,강원 정선군 고한읍 고한리 62-430번지 ,온누리상품권,Y,Y
사북시장,강원도 정선군 사북읍 사북2길 6-1,강원 정선군 사북읍 사북리 366-59번지 ,온누리상품권,Y,Y
"임계시장(구,송계시장)",강원도 정선군 임계면 송계5길 10,강원 정선군 임계면 송계5길 10 ,없음,Y,Y
정선아리랑시장,강원도 정선군 정선읍,강원 정선군 정선읍 봉양리 349-20번지 ,온누리상품권,Y,N
신철원시장,강원도 철원군 갈말읍 삼부연로 18번길 8-3,강원 철원군 갈말읍 신철원리 679번지 외  ,온누리상품권,Y,Y
동송전통시장,강원도 철원군 동송읍 이평 680-1,강원 철원군 동송읍 이평 4리 678-7번지 ,온누리상품권,Y,Y
동송시장,강원도 철원군 동송읍 이평4리,강원 철원군 동송읍 이평리 680-1번지 ,온누리상품권,Y,Y
외수시장,강원도 철원군 서면 와수로 184번길 6-3,강원 철원군 서면 와수리 1171-21번지 ,온누리상품권,Y,Y
춘천남부시장,강원도 춘천시 공지로 367,강원 춘천시 효자1동 684-11번지 ,온누리상품권,Y,Y
춘천동부시장,강원도 춘천시 동부시장길8,강원 춘천시 운교동 183번지 ,온누리상품권,Y,Y
춘천서부시장,강원도 춘천시 서부대성로 12,강원 춘천시 소양로2가 172-1번지 ,온누리상품권,Y,Y
춘천번개시장,강원도 춘천시 소양로 1가 번개 시장길,강원 춘천시 소양로 1가,온누리상품권,Y,N
제일종합시장,강원도 춘천시 약사고개길 13,강원 춘천시 죽림동 32번지 ,온누리상품권,Y,Y
춘천풍물시장,강원도 춘천시 영서로 2352-28,강원 춘천시 온의동 29-3번지 일원 ,온누리상품권,Y,Y
춘천중앙시장,강원도 춘천시 중앙로2가 81-3,강원 춘천시 중앙로2가 42-18번지 ,온누리상품권,Y,N
후평일단지시장,강원도 춘천시 효평길 104(후평동),강원 춘천시 후평2동 692-24번지 일원 ,온누리상품권,Y,Y
황지자유시장,강원도 태백시 시장안1길 18-1,강원 태백시 황지동 38번지 ,온누리상품권,Y,Y
장성중앙시장,강원도 태백시 장성1길 190,강원 태백시 장성동 159-2번지 ,온누리상품권,Y,Y
대화전통시장,강원도 평창군 대화면 대화시장 2길 6,강원 평창군 대화면 대화리 1001-5번지 외 ,없음,Y,Y
봉평전통시장,강원도 평창군 봉평면 허생원 장터길 15,강원 평창군 봉평면 창동리 353-1번지 외 ,온누리상품권,Y,N
진부전통시장,강원도 평창군 진부면 진부 중앙로 61,강원 평창군 진부면 하진부리 138-1번지 외 ,온누리상품권,Y,Y
"평창올림픽시장(구,평창전통시장)",강원도 평창군 평창읍,강원 평창군 평창읍 하리 139-1 ,온누리상품권,Y,Y
홍천중앙시장,강원도 홍천군 홍천읍 신장대리 5-3,강원 홍천군 홍천읍 신장대리 5-3번지 ,온누리상품권,Y,N
홍천시장,강원도 홍천군 홍천읍 홍천로8길 13 ,강원 홍천군 홍천읍 신장대리 8-130번지 ,온누리상품권,Y,N
화천재래시장,강원도 화천군 중앙로 24길 12,강원 화천군 화천읍 하리 44-41번지 외 ,온누리상품권,Y,Y
횡성시장,강원도 횡성군 읍상서로 5번길 26,강원 횡성군 횡성읍 읍하리 277-3번지 ,온누리상품권,Y,Y
가평잣고을전통시장,경기도 가평군 가평읍 가화로 116-1,경기 가평군 가평읍 읍내리 473-15 일원 ,온누리상품권,Y,Y
능곡시장,경기도 고양시 덕양구 능곡로 12-9,경기 고양시 덕양구토당동 383-10,온누리상품권,Y,N
원당시장,경기도 고양시 덕양구 성사동 697-14,경기 고양시 덕양구성사동 697-14,온누리상품권,N,N
일산시장,경기도 고양시 일산서구 일청로 12번길 9,경기 고양시 일산서구일산동 617-20,온누리상품권,Y,Y
덕이동패션1번지,경기도 고양시 일산서구 탄중로 101번길 13,경기 고양시 일산서구덕이동 384-1,온누리상품권,Y,Y
과천새서울프라자시장,경기도 과천시 별양 상가 2로 20,경기 과천시 별양동 1-18,온누리상품권,Y,Y
제일쇼핑시장,경기도 과천시 별양동 1-13,경기 과천시 별양동 1-13,온누리상품권,Y,Y
광명새마을시장,경기도 광명시 광명로 831번길,경기 광명시 광명동 290,온누리상품권,Y,Y
광명시장,경기도 광명시 오리로 971,경기 광명시 광명동 158,온누리상품권,Y,N
경안시장,경기도 광주시 경안로 25번길 14-1,경기 광주시 경안동 33-16,온누리상품권,Y,Y
구리전통시장,경기도 구리시 검배로 6번길 31,경기 구리시 수택동 417,온누리상품권,Y,Y
군포역전시장,경기도 군포시 군포로 540,경기 군포시 당동 749,온누리상품권,Y,N
산본시장,경기도 군포시 산본천로 1790번길 21,경기 군포시 산본동 221-5,온누리상품권,Y,Y
김포중앙시장,경기도 김포시 북변중로 55-1,경기 김포시 북변동 382-11,온누리상품권,Y,N
양곡시장,경기도 김포시 양촌읍 양곡로 537,경기 김포시 양촌읍 414-3,온누리상품권,Y,N
통진시장(마송5일장시장),경기도 김포시 통진읍 서암로 84번길 29,경기 김포시 통진읍 서암리 721,온누리상품권,N,N
동두천큰시장,경기도 동두천시 생연로 97-1,경기 동두천시 생연동 698-1 ,온누리상품권,Y,Y
동두천제일시장,경기도 동두천시 정장로 12-11,경기 동두천시 생연동 823-22 ,온누리상품권,Y,Y
중앙시장,경기도 동두천시 중앙로 285번길 9,경기 동두천시 생연동 604 ,온누리상품권,Y,Y
세아프라자상가,경기도 동두천시 큰시장로 64,경기 동두천시 생연동 809 ,온누리상품권,Y,Y
역곡남부시장,경기도 부천시 소사구 경인로 498번길 26,경기 부천시 괴안동 108-4 ,온누리상품권,N,N
조공시장,경기도 부천시 소사구 경인옛로 118번길 27,경기 부천시 괴안동 38-10 ,온누리상품권,N,N
청과물시장,경기도 부천시 소사구 심곡로 15번길 42,경기 부천시 심곡본동 660-2,온누리상품권,Y,N
부천한신시장,경기도 부천시 소사구 운성로 68번길 46,경기 부천시 소사본동 196-9,온누리상품권,Y,N
부천자유시장,경기도 부천시 소사구 자유로 33,경기 부천시 심곡본동 543,온누리상품권,Y,N
소사종합시장,경기도 부천시 소사구 호현로 472-1,경기 부천시 소사본동 77,온누리상품권,N,N
고강시장,경기도 부천시 오정구 고리울로 64번길 27,경기 부천시 고강동 407 ,온누리상품권,N,N
오정시장,경기도 부천시 오정구 부천로 470번길,경기 부천시 오정동 582-30,온누리상품권,N,N
원종시장,경기도 부천시 오정구 삼작로 400,경기 부천시 원종동 367,온누리상품권,Y,Y
원종중앙시장,경기도 부천시 오정구 성오로 124번길 47,경기 부천시 원종동 209-5,온누리상품권,Y,Y
부천제일시장,경기도 부천시 오정구 원종동 296,경기 부천시 원종동 202-2,온누리상품권,N,Y
원종종합시장,경기도 부천시 오정구 원종동 372-2,경기 부천시 원종동 367-1,온누리상품권,Y,N
신흥시장,경기도 부천시 오정구 평천로 721번길 14-2,경기 부천시 삼정동 315,온누리상품권,Y,Y
역곡북부시장,경기도 부천시 원미구 역곡1동 84-7,경기 부천시 역곡1동 83-5,온누리상품권,Y,N
강남시장,경기도 부천시 원미구 옥산로 154번길 20,경기 부천시 도당동 275-9,온누리상품권,Y,Y
원미종합시장,경기도 부천시 원미구 원미동 97-12,경기 부천시 원미동 97-12,온누리상품권,Y,N
부천중동시장,경기도 부천시 원미구 장말로 199번길 33,경기 부천시 중동 734-13,온누리상품권,Y,Y
부천상동시장,경기도 부천시 원미구 장말로 200번길 48,경기 부천시 상동 244-3,온누리상품권,N,N
원미부흥시장,경기도 부천시 원미구 조종로 48,경기 부천시 원미동 117-12,온누리상품권,N,N
금호시장,경기도 성남시 분당구 내정로 165,경기 성남시 수내동 32,온누리상품권,Y,Y
코끼리시장,경기도 성남시 분당구 내정로 166번길 7-6,경기 성남시 수내동 56,온누리상품권,Y,Y
돌고래시장,경기도 성남시 분당구 내정로 174번길 42,경기 성남시 수내동 53,온누리상품권,Y,Y
분당종합시장,경기도 성남시 분당구 돌마로 366번길 42,"경기 성남시 수내동 83-1,2번지",온누리상품권,Y,Y
미래타운제2종합시장,경기도 성남시 분당구 불정로 376번지,경기 성남시 서현동 311,없음,Y,Y
미래타운제1종합시장,경기도 성남시 분당구 불정로 386번길 10,경기 성남시 서현동 307,없음,Y,Y
코코프라자시장,경기도 성남시 분당구 서현동 248-5,"경기 성남시 서현동 248-5,6",온누리상품권,Y,Y
현대프라자시장,경기도 성남시 분당구 수내동 79-2,경기 성남시 수내동 79-2,온누리상품권,Y,Y
동신종합시장,경기도 성남시 분당구 수내동 들마로 361,경기 성남시 수내동 63-2,온누리상품권,Y,Y
야탑에이스코아시장,"경기도 성남시 분당구 야탑로 64, 3층",경기 성남시 야탑동 502,없음,Y,Y
분당우성시장,경기도 성남시 분당구 중앙공로 40번길42,경기 성남시 서현동 94-3,없음,Y,Y
현대시장(분당),경기도 성남시 분당구 중앙공원로40번길 8,경기 성남시 서현동 94,온누리상품권,Y,Y
현대시장,경기도 성남시 수정구 수정복로 18,경기 성남시 태평3동 3683,온누리상품권,Y,Y
신흥시장,경기도 성남시 수정구 신흥3동 436-10,경기 성남시 신흥동 3436-10,온누리상품권,Y,Y
중앙시장,경기도 성남시 수정구 제일로 168,경기 성남시 태평동 3681,온누리상품권,Y,Y
단대전통시장,경기도 성남시 중원구 광명로 289,경기 성남시 금광동 10,온누리상품권,Y,Y
모란시장,경기도 성남시 중원구 둔촌대로 79 2층(성남동),경기 성남시 성남동 4214,온누리상품권,Y,Y
하대원시장,경기도 성남시 중원구 마지로 118,경기 성남시 하대원동 266-1~3,온누리상품권,Y,Y
금광시장,경기도 성남시 중원구 산성대로 426번길 5(금광동),경기 성남시 금광동 4622,없음,Y,N
은행시장,경기도 성남시 중원구 산성대로 526,경기 성남시 은행동 1553,온누리상품권,Y,Y
성남남한산성시장(구은행골목시장),경기도 성남시 중원구 은행2동 1565-1 2층,경기 성남시 은행동 1553,온누리상품권,N,N
상대원시장,경기도 성남시 중원구 희망로 344,경기 성남시 상대원동 2985-1,온누리상품권,Y,Y
권선종합시장,경기도 수원시 권선구 세권로 185,경기 수원시 권선동 1029-1,온누리상품권,Y,Y
구매탄시장,경기도 수원시 영통구 매여울로 53번길 28,경기 수원시 매탄동 176,온누리상품권,Y,Y
조원시장,경기도 수원시 장안구 송정로 187번길 35-1,경기 수원시 조원동 742-23,온누리상품권,Y,N
정자시장,경기도 수원시 장안구 수성로 261,경기 수원시 정자동 73-10,온누리상품권,Y,N
장안문거북시장,경기도 수원시 장안구 수성로 350번길 52,경기 수원시 영화동 273-5,온누리상품권,Y,N
연무시장,경기도 수원시 장안구 월드컵로 428번길 10(연무동),경기 수원시 연무동 232-17,온누리상품권,N,N
파장시장,경기도 수원시 장안구 파장로 82번길 9,경기 수원시 파장동 580-11,온누리상품권,N,Y
매산시장,경기도 수원시 팔달구 권선로 477 대우아파트 상가 2층,경기 수원시 매산로1가 46-7,온누리상품권,N,N
화서시장,경기도 수원시 팔달구 동말로 72,경기 수원시 화서동 97-1,온누리상품권,Y,Y
역전시장,경기도 수원시 팔달구 매산로 2-10(매산로 1가),경기 수원시 매산로1가 57-1,온누리상품권,Y,Y
구천동공구상가,경기도 수원시 팔달구 수원천로 100번길 5,경기 수원시 구천동 46-23,온누리상품권,N,N
못골종합시장,경기도 수원시 팔달구 수원천로 258번길 10-12,경기 수원시 지동 388-3,온누리상품권,Y,N
미나리광시장,경기도 수원시 팔달구 수원천로 266,경기 수원시 지동 400-1,온누리상품권,N,N
시민상가시장,경기도 수원시 팔달구 영동 10-18,경기 수원시 영동 10-18,온누리상품권,Y,N
남문패션1번가시장,경기도 수원시 팔달구 영동 43-5,경기 수원시 영동 43-5,온누리상품권,N,N
영동시장,경기도 수원시 팔달구 영동 8 9번지,경기 수원시 영동 8,온누리상품권,Y,Y
팔달문시장,경기도 수원시 팔달구 팔달로 2가 39-1,경기 수원시 팔달로2가 39,온누리상품권,Y,N
지동시장,경기도 수원시 팔달구 팔달분로 19,경기 수원시 지동 402,온누리상품권,Y,Y
남문로데오시장,경기도 수원시 팔달구 행궁로 88,경기 수원시 교동 3-11,온누리상품권,Y,N
시흥삼미시장,경기도 시흥시 삼미 시장 2길 35,경기 시흥시 신천동 738-4번지 일원,온누리상품권,Y,N
정왕시장,경기도 시흥시 정왕동 1203,경기 시흥시 정왕동 1202,없음,Y,Y
오이도종합어시장,경기도 시흥시 정왕동 2004-3,경기 시흥시 정왕동 2004-3번지 일원,없음,Y,Y
중앙상가,경기도 시흥시 정왕시장길 52,경기 시흥시 정왕동 1203번지,없음,Y,Y
안산시시민시장,경기도 안산시 단원구 화랑로 149,경기 안산시 초지동 604-4,온누리상품권,Y,Y
안성시장,경기도 안성시 서인동 13-43,경기 안성시 서인동 13-1,온누리상품권,Y,N
중앙시장,경기도 안성시 장기로 45번길 30,경기 안성시 서인동 81,온누리상품권,Y,N
죽산시장,경기도 안성시 죽산면 죽주로 257-5,경기 안성시 죽산면 438-1,온누리상품권,Y,N
호계종합시장,경기도 안양시 동안구 경수대로 556번길 38,경기 안양시 호계1동 988-1,온누리상품권,Y,Y
안양관양시장,경기도 안양시 동안구 관양동 1406-43,경기 안양시 관양1동 1406-43,온누리상품권,Y,N
호계시장,경기도 안양시 동안구 흥안대로 133번길 34 (호계동 청도A),경기 안양시 호계1동 997,온누리상품권,Y,Y
중앙시장,경기도 안양시 만안구 냉천로 196,경기 안양시 안양4동 676-44,온누리상품권,Y,N
박달시장,경기도 안양시 만안구 박달우회로 124번길 41,경기 안양시 박달1동 52-1,온누리상품권,Y,Y
안양중앙인정시장,경기도 안양시 만안구 범천로 196,경기 안양시 안양4동 676,온누리상품권,Y,N
석수시장,경기도 안양시 만안구 석수2동 288,경기 안양시 석수2동 387-288,온누리상품권,Y,Y
육동시장,경기도 안양시 만안구 안양동 434-3,경기 안양시 안양6동 434-3,온누리상품권,Y,N
안양남부시장,경기도 안양시 만안구 장내로 140번길 51,경기 안양시 안양1동 622-378,온누리상품권,Y,Y
"양수리전통시장(구,양서시장)",경기도 양평군 양서로 150번길,경기 양평군 양서면 양수리 1060,온누리상품권,Y,Y
양평물맑은시장,경기도 양평군 양평읍 양평시장길 15,경기 양평군 양평읍 양근리 409,온누리상품권,Y,Y
용문전통시장,경기도 양평군 용문면 다문시장 2길 308,경기 양평군 용문면 다문리 390,온누리상품권,Y,N
제일시장,경기도 여주시 여흥로 57번길 20,경기 여주시 여주읍 하리 180-11,없음,Y,Y
전곡재래시장,경기도 연천군 전곡읍 전곡로 172번길,경기 연천군 전곡읍 전곡리 479,온누리상품권,Y,Y
오산오색시장,경기도 오산시 오산로 272번지,경기 오산시 오산동 862,온누리상품권,Y,Y
죽전로데오상점가전통시장,경기도 용인시 수지구 죽전동1003,경기 용인시 수지구죽전동 1003-53번지~931번지 일원,온누리상품권,Y,Y
용인중앙시장,경기도 용인시 처인구 금령로 99번길 9,경기 용인시 김량장동 137-1,온누리상품권,Y,Y
부곡재래시장,경기도 의왕시 부곡 시장길 18,경기 의왕시 부곡시장길 18,온누리상품권,N,N
의정부청과야채시장,경기도 의정부시 시민로 157번길 8,경기 의정부시 의정부동 30-8번지외 14필지,온누리상품권,Y,Y
의정부시장,경기도 의정부시 의정부1동 148-5,경기 의정부시 의정부동 149-19외 20필지,온누리상품권,N,N
의정부제일시장,경기도 의정부시 의정부동 160번지,경기 의정부시 의정부동 160,온누리상품권,Y,Y
사기막골도자기시장,경기도 이천시 사음동 536번지,경기 이천시 사음동 536,온누리상품권,Y,Y
관고전통시장,경기도 이천시 중리동,경기 이천시 관고동 10-13,온누리상품권,Y,N
광탄시장,경기도 파주시 광탄면 헤음로 1120길,경기 파주시 광탄면 신산리 226번지 일원,온누리상품권,Y,Y
금촌전통시장,경기도 파주시 금정24길 18-6,경기 파주시 금촌동 320,온누리상품권,Y,Y
금촌명동로시장,경기도 파주시 명동길 57,경기 파주시 금촌 325-11,온누리상품권,N,N
문산자유시장,경기도 파주시 문산읍 문산리 10-23,경기 파주시 문산읍 문산리 10-31 일원,온누리상품권,Y,N
금촌문화로시장,경기도 파주시 문화로 89-1,경기 파주시 금촌 66-4,온누리상품권,N,N
적성전통시장,경기도 파주시 적성면 마지리 46-8,경기 파주시 적성면 마지리 46-8 일원,온누리상품권,Y,Y
통복시장,경기도 평택시 동복 시장로 25번길 10,경기 평택시 통복동 70-29,온누리상품권,Y,Y
서정시장,경기도 평택시 서정동 317,경기 평택시 서정동 317,온누리상품권,Y,Y
안중시장,경기도 평택시 안중읍 안현로서3길,경기 평택시 안중읍 안중리 267-1,온누리상품권,Y,Y
중앙시장(평택),경기도 평택시 중앙시장로 16-7,경기 평택시 신장동 317-6,온누리상품권,Y,Y
송북시장,경기도 평택시 탄현로 346번길 24 다목적회관 3층,경기 평택시 지산동 745-14,온누리상품권,Y,Y
운천전통시장,경기도 포천시 영북면 영북로 177번길,경기 포천시 영북면 운천리 513,온누리상품권,Y,Y
일동전통시장,경기도 포천시 일동면 화동로 1033번길 13-1,경기 포천시 일동면 기산리89,온누리상품권,Y,N
덕풍전통시장,경기도 하남시 신장로 154번길 57,경기 하남시 덕풍동 326-9,온누리상품권,Y,Y
신장전통시장,경기도 하남시 하남대로 801번길 65,경기 하남시 신장동 429-1,온누리상품권,Y,Y
남양시장,경기도 화성시 남양시장로 55번길,경기 화성시 남양동 1165,온누리상품권,Y,N
사강시장,경기도 화성시 송산면 사강시장길66,경기 화성시 송산면 사강리 682-3,온누리상품권,Y,N
조암시장,경기도 화성시 우정읍 조암남로 28,경기 화성시 우정읍 조암리 270,온누리상품권,Y,N
발안시장,경기도 화성시 향남읍 평2길 14,경기 화성시 향남읍 평리 115-1,온누리상품권,N,N
한라프라자,경상남도 거제시 고현동 961-153,경남 거제시 고현동 961-153번지,온누리상품권,Y,Y
고현종합시장,경상남도 거제시 고현동 98-27,경남 거제시 고현동 98-27번지,온누리상품권,Y,Y
회원프라자,경상남도 거제시 고현로 11길 18,경남 거제시 고현동 961-59,온누리상품권,Y,Y
옥수시장,경상남도 거제시 능포동 633-215,경남 거제시 능포동 633-215번지,없음,Y,Y
옥수동새시장,경상남도 거제시 능포동 680-7,경남 거제시 능포동 680-7번지,없음,Y,N
옥현상가,경상남도 거제시 옥포동 1293-1,경남 거제시 옥포동 1293-1번지,온누리상품권,Y,Y
옥포시장,경상남도 거제시 옥포동 529-1,경남 거제시 옥포동 529-1번지,온누리상품권,Y,N
옥포중앙시장,경상남도 거제시 옥포동 529-8,경남 거제시 옥포동 529-8번지,온누리상품권,Y,N
신부시장,경상남도 거제시 장승포동 283-38,경남 거제시 장승포동 283-38번지,온누리상품권,Y,N
장평종합시장,경상남도 거제시 장평동 56-1,경남 거제시 장평동 56-1번지,온누리상품권,Y,Y
거창시장,경상남도 거창군 거창읍 중앙리 154-12,경남 거창군 거창읍 중앙리 122-1,온누리상품권,Y,Y
고성시장,경상남도 고성군 고성읍 서외리 1-6,경남 고성군 고성읍 서외리 1-6번지,온누리상품권,Y,Y
"고성공룡시장(구,고성중앙시장)",경상남도 고성군 고성읍 성내리 212-3,경남 고성군 고성읍 성내리 212-3번지,온누리상품권,Y,Y
영오시장,경상남도 고성군 영오면 영희로 527-9,경남 고성군 영오면 영산리 232-3번지,없음,Y,N
배둔시장,경상남도 고성군 회화면 배둔리 826-2,경남 고성군 회화면 배둔리 825-46번지,없음,Y,N
장유전통시장(장유중앙시장),경상남도 김해시 무계동 189-3,경남 김해시 장유면 무계리 189-3번지,온누리상품권,Y,Y
삼방전통시장,경상남도 김해시 삼방동 669-1,경남 김해시 삼방동 673-6번지,온누리상품권,N,Y
외동전통시장,경상남도 김해시 외동 1254-2,경남 김해시 외동 1252-1번지,온누리상품권,N,Y
진례전통시장,경상남도 김해시 진례면 송정리 239-3,경남 김해시 진례면 송정리 239-3번지,온누리상품권,Y,Y
진영전통시장,경상남도 김해시 진영읍 진영리 235-16,경남 김해시 진영읍 진영리 235-16번지,온누리상품권,Y,Y
김해전통시장(김해동상시장),경상남도 김해시 호계로 517번길 5-13,경남 김해시 동상동 881번지,온누리상품권,Y,Y
고현공설시장,경상남도 남해군 고현면 탑동로 68-2,경남 남해군 고현면 대사리 768 ,없음,Y,N
남면공설시장,경상남도 남해군 남면 당항리 1381-5,경남 남해군 남면 당항리 1381-5번지,없음,Y,Y
남해전통시장,경상남도 남해군 남해읍 화전로 110,경남 남해군 남해읍 북변리 282-11번지,온누리상품권,Y,Y
이동시장(이동공설시장),경상남도 남해군 이동면 무림로 63번길 9,경남 남해군 이동면 무림리 1038-3번지,없음,Y,Y
내일전통시장,경상남도 밀양시 내일동 174-9,경남 밀양시 내일동 174-9번지,온누리상품권,Y,Y
밀양아리랑시장,경상남도 밀양시 내일동 583-1,경남 밀양시 내일동 583-1번지,온누리상품권,Y,Y
무안시장(무안임시시장),경상남도 밀양시 무안리 910-1,경남 밀양시 무안면 무안리 910-1번지,온누리상품권,Y,N
송백시장,경상남도 밀양시 산내면 산내로 350,경남 밀양시 산내읍 송백리 1330-1번지,온누리상품권,Y,N
송지시장,경상남도 밀양시 삼랑진읍 송지리 359-15,경남 밀양시 삼랑진읍 송지리 359-15번지,온누리상품권,Y,Y
수산시장,경상남도 밀양시 하남읍 수산리 815-16,경남 밀양시 하남읍 수산리 815-16번지,온누리상품권,N,N
완사시장,경상남도 사천시 곤명면 완사1길 33-11,경남 사천시 곤명면 정곡리 842,없음,Y,Y
곤양종합시장,경상남도 사천시 곤양면 남문외리 48-4,경남 사천시 곤양면 남문외리 48-4번지,없음,Y,Y
삼천포종합시장,경상남도 사천시 동금동 88-4,경남 사천시 동금동 88-4번지,온누리상품권,Y,Y
"삼천포용궁수산시장(구,삼천포서부시장))",경상남도 사천시 동동 485-2,경남 사천시 동동 485-2번지,온누리상품권,Y,Y
사천읍시장,경상남도 사천시 사천읍 장의리 393-2,경남 사천시 사천읍 정의리 392-2번지,온누리상품권,Y,Y
서포시장,경상남도 사천시 서포면 구평리 644-3,경남 사천시 서포면 구평리 644-3번지,없음,Y,Y
삼천포중앙시장,경상남도 사천시 선구동 17-4,경남 사천시 선구동 17-4번지,온누리상품권,Y,Y
단성시장,경상남도 산청군 단성면 상대리 178,경남 산청군 단성면 성내리 178번지 외 ,없음,Y,Y
덕산시장,경상남도 산청군 사천면 931-3,경남 산청군 시천면 사리 931-3번지,온누리상품권,Y,Y
산청시장,경상남도 산청군 산천읍 산청리 251-2,경남 산청군 산청읍 산청리 251-2번지 ,온누리상품권,Y,Y
생초시장,경상남도 산청군 생초면 어서리 259-14,경남 산청군 생초면 어서리 259-14번지 ,온누리상품권,Y,Y
단계시장,경상남도 산청군 신등면 단계리 784,경남 산청군 신등면 단계리 784번지,없음,Y,Y
덕계종합상설시장,경상남도 양산시 덕계동 754-1,경남 양산시 덕계동 754-1번지,온누리상품권,Y,Y
양산북부시장,경상남도 양산시 북부동 148-19,경남 양산시 북부동 148-19번지,온누리상품권,Y,Y
서창시장,경상남도 양산시 삼호동 524,경남 양산시 삼호동 524번지,온누리상품권,Y,Y
석계시장,경상남도 양산시 상북면 석계리 34-9,경남 양산시 상북면 석계리 34-9번지,없음,Y,N
양산남부시장상가,경상남도 양산시 중부동 420-11,경남 양산시 중부동 420-11번지,온누리상품권,Y,Y
양산남부시장,경상남도 양산시 중부동 423-5,경남 양산시 중부동 423-5번지,온누리상품권,Y,Y
신평시장,경상남도 양산시 하북면 순지리 575,경남 양산시 하북면 순지리 575번지,없음,Y,N
신반시장,경상남도 의령군 의령읍 신반리 519-3,경남 의령군 부림면 신반리 519-3,없음,Y,Y
의령시장,경상남도 의령군 의령읍 중동 386,경남 의령군 의령면 중동 386,온누리상품권,Y,Y
금곡시장,경상남도 진주시 금곡면 두문리 632,경남 진주시 월아산로 115번길 26,없음,Y,N
대곡시장,경상남도 진주시 대곡면 광서리 321번지,경남 진주시 대곡면 광석리 321번지,없음,Y,N
진주중앙시장,경상남도 진주시 대안동 8-600,경남 진주시 대안동 8-600번지,온누리상품권,Y,Y
문산시장,경상남도 진주시 문산읍 소문리 112,경남 진주시 문산읍 소문리 112번지,온누리상품권,Y,Y
서부시장,경상남도 진주시 봉곡동 31번지,경남 진주시 봉곡동 31번지,온누리상품권,Y,N
동부종합상가,경상남도 진주시 상대동 193-1,경남 진주시 상대동 193-1번지,없음,Y,N
자유시장,경상남도 진주시 상대동 276-17,경남 진주시 상대동 276-9번지,온누리상품권,Y,Y
평거한보하이타운,경상남도 진주시 순환로 553번길 7,경남 진주시 평거동 301-1번지,없음,Y,Y
이현종합상가,경상남도 진주시 이현동 21-3,경남 진주시 이현동 21-3번지,없음,Y,Y
일반성상가(일반성시장),경상남도 진주시 일반성면 창촌리 92번지,경남 진주시 일반성면 창촌리 92번지,없음,Y,Y
진주장대시장,경상남도 진주시 장대동 58-8,경남 진주시 장대동 58-8번지,온누리상품권,Y,N
진주동성상가,경상남도 진주시 진주대로 901,경남 진주시 강남동 219번지,온누리상품권,Y,Y
천전시장,경상남도 진주시 칠암동 306-1,경남 진주시 칠암동 306-1번지,없음,Y,N
남지시장,경상남도 창녕군 남지읍 본동길 4,경남 창녕군 남지읍 남지리 531,없음,Y,Y
영산시장,경상남도 창녕군 영산면 신영산로56,경남 창녕군 영산면 성내리 516-4,온누리상품권,Y,Y
이방정기시장,경상남도 창녕군 이방면 이방대합로351,경남 창녕군 이방면 거남리 430-5,없음,Y,N
창녕상설시장,경상남도 창녕군 창녕읍 164-38,경남 창녕군 창녕읍 45-1,없음,Y,N
창녕시장,경상남도 창녕군 창녕읍 술정리 44-1,경남 창녕군 창녕읍 술정리 44-1,없음,Y,N
정우새어시장,경상남도 창원시 마산 합포구 동성동 313,경남 창원시 마산합포구동성동 313번지,온누리상품권,Y,Y
마산어시장,경상남도 창원시 마산합포구 동성동 314,경남 창원시 마산합포구동성동 314번지,온누리상품권,Y,Y
신마산반월시장(반월시장),경상남도 창원시 마산합포구 반월동 85,경남 창원시 마산합포구반월동 85번지,온누리상품권,Y,N
부림시장,경상남도 창원시 마산합포구 부림동 32,경남 창원시 마산합포구부림동 32번지,온누리상품권,Y,Y
부림상시장,경상남도 창원시 마산합포구 부림동 83,경남 창원시 마산합포구부림동 83번지,온누리상품권,Y,Y
산호시장,경상남도 창원시 마산합포구 산호동 28-28,경남 창원시 마산합포구산호동 28-28번지,온누리상품권,Y,Y
북마산중앙시장,경상남도 창원시 마산합포구 상남동 40-1,경남 창원시 마산합포구상남동 40-1번지,온누리상품권,Y,N
기산프라자,경상남도 창원시 마산합포구 오동동 14길 29,경남 창원시 마산합포구오동동 18-61번지,온누리상품권,Y,Y
진동시장,경상남도 창원시 마산합포구 진동리237-11,경남 창원시 마산합포구진동면 진동리 237-11번지,없음,Y,Y
진동전통시장,경상남도 창원시 마산합포구 진동면 진동시장길 62,경남 창원시 마산합포구진동면 진동리 264-3번지,없음,Y,N
대동씨코아상가시장,경상남도 창원시 마산합포구 해운동 37-4,경남 창원시 마산합포구해운동 37-4번지,온누리상품권,Y,Y
신마산시장,경상남도 창원시 마산합포구 해운동64,경남 창원시 마산합포구해운동 64번지,온누리상품권,Y,Y
구암현대시장,경상남도 창원시 마산회원구 구암1동 18-2번지,경남 창원시 마산회원구구암1동 18-1번지,온누리상품권,Y,N
구암시장,경상남도 창원시 마산회원구 구암2동 88-2,경남 창원시 마산회원구구암2동 88-2번지,온누리상품권,Y,Y
코오롱타운상가,경상남도 창원시 마산회원구 내서읍 호계리 10,경남 창원시 마산회원구내서읍 호계리 10번지,온누리상품권,Y,Y
석전시장,경상남도 창원시 마산회원구 석전 2동 257-1,경남 창원시 마산회원구석전2동 257-1번지,온누리상품권,Y,Y
역전통합시장,경상남도 창원시 마산회원구 석전2동 226-2,경남 창원시 마산회원구석전2동 226-2번지,온누리상품권,Y,Y
마산역번개시장,경상남도 창원시 마산회원구 석전2동 227-1,경남 창원시 마산회원구석전2동 227-1번지,온누리상품권,Y,N
서마산시장,경상남도 창원시 마산회원구 석전동 155-9,경남 창원시 마산회원구석전동 155-9번지,온누리상품권,Y,N
양덕중앙시장,경상남도 창원시 마산회원구 양덕1동 15-1,경남 창원시 마산회원구양덕1동 15-1번지,온누리상품권,Y,N
경민인터빌상가,경상남도 창원시 마산회원구 양덕1동 15-27,경남 창원시 마산회원구양덕동 양덕1동 15-27,온누리상품권,Y,Y
합성동상가,경상남도 창원시 마산회원구 합성2동 125-3,경남 창원시 마산회원구합성2동 125-3번지,온누리상품권,Y,N
동마산시장,경상남도 창원시 마산회원구 항성2동 326-1,경남 창원시 마산회원구합성2동 326-1번지,온누리상품권,Y,Y
회성종합시장,경상남도 창원시 마산회원구 회성동 450-2,경남 창원시 마산회원구화성동 450-2번지,온누리상품권,Y,Y
가음정시장,경상남도 창원시 성산구 가음성동 21-24,경남 창원시 성산구가음정동 21-24번지,온누리상품권,Y,Y
성원3차상가,경상남도 창원시 성산구 대방동 355,경남 창원시 성산구대방동 355번지,온누리상품권,Y,N
대동훼미리코아상가,경상남도 창원시 성산구 대정로 138(대방동358),경남 창원시 성산구대방동 358번지,온누리상품권,Y,N
대방덕산1차상가,경상남도 창원시 성산구 대정로131 (대방동),경남 창원시 성산구대방동 356번지,온누리상품권,Y,N
성원그랜드쇼핑,경상남도 창원시 성산구 동산로 124,경남 창원시 성산구상남동 45-1번지,온누리상품권,Y,Y
상남시장(상남시장(상설+5일장)),경상남도 창원시 성산구 마디미로28,경남 창원시 성산구상남동 16번지,온누리상품권,Y,Y
반송시장,경상남도 창원시 성산구 만림동 17-13,경남 창원시 성산구반림동 17-13번지,온누리상품권,Y,Y
대동그린코아상가,경상남도 창원시 성산구 만지동 23,경남 창원시 성산구반지동 23번지,온누리상품권,Y,Y
사파동성종합상가,경상남도 창원시 성산구 사파동 93,경남 창원시 성산구사파동 93번지,온누리상품권,Y,Y
창원코아상가,경상남도 창원시 성산구 상남 73-4,경남 창원시 성산구상남동 73-4번지,온누리상품권,Y,Y
경창상가,경상남도 창원시 성산구 상남로 67(상남ㄴ동),경남 창원시 성산구상남동 73-5번지,온누리상품권,Y,Y
양곡시장,경상남도 창원시 성산구 신촌동 33-2,경기 김포시 양촌읍 414-3,온누리상품권,Y,Y
유신종합상가,경상남도 창원시 성산구 신촌로 21,경남 창원시 성산구신촌동 15-6번지,온누리상품권,Y,Y
가음시장대상가,경상남도 창원시 성산구 원이대로 883번길 15-24,경남 창원시 성산구가음동 21-20번지,온누리상품권,Y,Y
창원캔버라상가,경상남도 창원시 성산구 중앙대로 61번길 4,경남 창원시 성산구중앙동 97-6번지,없음,Y,Y
중앙시장(구창원중앙시장),경상남도 창원시 성산구 중앙동 69-1,경남 창원시 성산구중앙동 69-1번지,없음,Y,N
동성올림픽타운,경상남도 창원시 성산구 중앙동 97-2,경남 창원시 성산구중앙동 97-2번지,없음,Y,Y
그린피아상가,경상남도 창원시 성산구 중앙동 981-6,경남 창원시 성산구중앙동 98-6번지,없음,Y,Y
명곡종합상가,경상남도 창원시 의창구 명서동 75-16,경남 창원시 의창구명서동 75-16번지,온누리상품권,Y,Y
봉곡시장,경상남도 창원시 의창구 봉곡동 145-1,경남 창원시 의창구봉곡동 145-1번지,온누리상품권,Y,Y
봉곡진보프라자(봉곡진보프라자상가),경상남도 창원시 의창구 봉곡동 61-10,경남 창원시 의창구봉곡동 61-10번지,온누리상품권,Y,Y
소답시장,경상남도 창원시 의창구 북동 246-6,경남 창원시 의창구북동 246-6,온누리상품권,Y,N
소계시장,경상남도 창원시 의창구 소계로 83-6,경남 창원시 의창구소계동 724-4번지,온누리상품권,Y,N
토월복합상가,경상남도 창원시 의창구 신월동 68-1,경남 창원시 의창구신월동 68-1번지,없음,Y,Y
롯데종합상가,경상남도 창원시 의창구 용지로 225번지,경남 창원시 의창구용호동 63번지,없음,Y,Y
도계시장,경상남도 창원시 의창구 원의대로 69번길 20,경남 창원시 의창구도계동 400-1번지,온누리상품권,Y,N
명서시장,경상남도 창원시 의창구 원이대로 189번길 37-3,경남 창원시 의창구명서동 48-9번지,온누리상품권,Y,Y
북동공설시장,경상남도 창원시 의창구 의안로 49번길 30,경남 창원시 의창구북동 249-1번지,없음,Y,Y
대동중앙상가,경상남도 창원시 의창구 팔용동 124-2,경남 창원시 의창구팔용동 124-2번지,온누리상품권,Y,Y
창원기계공구상가,경상남도 창원시 의창구 팔용동 16-1,경남 창원시 의창구팔용동 16-1번지,없음,Y,Y
진해중부시장,경상남도 창원시 진해구 경화동 1164-1번지,경남 창원시 진해구경화동 1164-1번지,온누리상품권,Y,Y
경화시장,경상남도 창원시 진해구 경화동 906,경남 창원시 진해구경화동 906번지,온누리상품권,Y,Y
웅천시장,경상남도 창원시 진해구 성내동 327번지,경남 창원시 진해구성내동 327번지,없음,Y,N
마천시장,경상남도 창원시 진해구 웅동로 57번가길 7(마천동),경남 창원시 진해구마천동 134-6번지,없음,Y,Y
진해중앙시장,경상남도 창원시 진해구 화천동 60,경남 창원시 진해구화천동 60번지,온누리상품권,Y,Y
합성옛길시장,경상남도 창원시 합성옛길 81,경남 창원시 합성동 732-7 ,없음,N,N
북신시장,경상남도 통영시 북신동 665-16,경남 통영시 북신동 665-16,온누리상품권,Y,Y
서호시장,경상남도 통영시 서호동 177-417,경남 통영시 서호동 177-417,온누리상품권,Y,N
중앙전통시장,경상남도 통영시 중앙동 139-71,경남 통영시 중앙동 38-4,온누리상품권,Y,N
계천공설시장(계천시장),경상남도 하동군 금남면 계천리 355-3,경남 하동군 금남면 계천리 355-3,없음,Y,Y
북천공설시장,경상남도 하동군 북천면 직전리 597-1,경남 하동군 북천면 직전리 597-1,없음,Y,Y
악양공설시장,경상남도 하동군 악양동로 368,경남  하동군 악양면 정서리 271-7,없음,Y,N
옥종공설시장,경상남도 하동군 옥종면 옥종 시장길5,경남 하동군 옥종면 청룡리 124-15,없음,Y,N
하동공설시장(구하동시장),경상남도 하동군 윤내리 249,경남 하동군 하동읍 읍내리 249,온누리상품권,Y,Y
진교공설시장,경상남도 하동군 진교면 진교리302-4,경남 하동군 진교면 진교리 302-4,온누리상품권,Y,Y
화개장터,경상남도 하동군 화개면 쌍계로 21,경남 하동군 화개면 탑리 726-8,온누리상품권,Y,Y
횡천공설시장(횡천시장),경상남도 하동군 황천면 황천리 507-2,경남 하동군 횡천면 횡천리 507-2,없음,Y,N
가야상설시장(구가야시장),경상남도 함안군 가야읍 가야8길 8,경남 함안군 가야읍 말산리 470-1,온누리상품권,Y,Y
군복공설시장,경상남도 함안군 군복면 중암리 83-10,경남 함안군 군북면 중암리 83-10,없음,Y,Y
대산공설시장,경상남도 함안군 대산면 구혜리 221-3,경남 함안군 대산면 구혜리 221-3,온누리상품권,Y,Y
칠원공설시장,경상남도 함안군 칠원면 서남3길 14,경남 함안군 칠원면 구성리 732,온누리상품권,Y,Y
마천전통시장,경상남도 함양군 마천면 가흥리 609-2,경남 함양군 마천면 가흥리 609-2,없음,Y,Y
서상전통시장(서상시장),경상남도 함양군 서상면 도천리 1074-5,경남 함양군 서상면 도천리 1074-5,없음,Y,Y
안의시장,경상남도 함양군 안외면 석천리 243,경남 함양군 안의면 석천리 243,없음,Y,Y
함양토종약초시장,경상남도 함양군 안의면 이전리 15,경남 함양군 안의면 이전리 15번지,없음,Y,Y
함양중앙상설시장,경상남도 함양군 함양읍 용평리 607-104,경남 함양군 함양읍 용평리 607-104,온누리상품권,Y,Y
가야시장,경상남도 합천군 가야면 환산리 279-11,경남 합천군 가야면 황산리 279-11번지 외 3필지,없음,Y,Y
삼가시장,경상남도 합천군 삼가면 일부리 921-1,경남 합천군 삼가면 일부리 921-1,없음,Y,Y
야로시장,경상남도 합천군 야도면 구정리 273-4,경남 합천군 야로면 구정리 273-4,없음,Y,Y
초계시장,경상남도 합천군 초계면 초계리 50-1,경남 합천군 초계면 초계리 50-1번지 외 4필지,없음,Y,Y
합천시장,경상남도 합천군 합천읍 합천리 473-1,경남 합천군 합천읍 합천리 473-1번지,온누리상품권,Y,Y
경산공설시장,경상북도 경산시 경안로 31길 19,경북 경산시 서상동 10,온누리상품권,Y,Y
자인공설시장,경상북도 경산시 자인면 자인시장길 7-1,경북 경산시 자인면 서부리 254,온누리상품권,Y,Y
하양공설시장,경상북도 경산시 하양읍 금각리 35-6,경북 경산시 하양읍 금락리35-6,온누리상품권,Y,Y
감포시장,경상북도 경주시 감포읍 감포리,경북 경주시 감포읍 감포리436-1,온누리상품권,Y,Y
경주중심상가시장,경상북도 경주시 계림로 99,경북 경주시 노동동 140-1,온누리상품권,Y,Y
경주중앙시장,경상북도 경주시 금성로 295,경북 경주시 성건동 399-2,온누리상품권,Y,Y
북부상가시장,경상북도 경주시 금성로 396번길 7,경북 경주시 성진동 629-10,없음,Y,Y
북정로중심상가시장,경상북도 경주시 북정로 15,경북 경주시 황오동 242-4 ,없음,N,N
불국시장,경상북도 경주시 불국장터리 24,경북 경주시 구정동 430,없음,Y,N
산내시장,경상북도 경주시 산내면 미곡중앙길 27,경북 경주시 산내동 의곡리155-10,없음,Y,N
서면시장,경상북도 경주시 서면 내서로 401-5,경북 경주시 서면 아화리240-2,없음,Y,Y
안강공설시장,경상북도 경주시 안강읍 비화중로 3길 26-3,경북 경주시 안강읍 양월리 1350-1,온누리상품권,Y,Y
양남시장,경상북도 경주시 양남면 해변공원길 73,경북 경주시 양남면 하서리1644-2,온누리상품권,Y,Y
양북시장,경상북도 경주시 양북면 감은로 53-1,경북 경주시 양북면 어일리1295-180,온누리상품권,Y,Y
경주성동공설시장,경상북도 경주시 원화로 281번길 11,경북 경주시 성동 51-1,온누리상품권,Y,Y
제2경주중심상가시장,경상북도 경주시 원효로 89,경북 경주시 노동동 230,온누리상품권,N,N
외동시장,경상북도 경주시 의동읍 입실 시장길 8-3,경북 경주시 외동 임실리1020,없음,Y,Y
불국사상가시장,경상북도 경주시 진현로 1길 59-9,경북 경주시 진현동 66-5,없음,Y,N
고령대가야시장,경상북도 고령군 대가야읍 시장3길 29,경북 고령군 고령읍 시장길29(지산리222-2),온누리상품권,Y,Y
구미공단종합시장,경상북도 구미시 공단동 107,경북 구미시 공단동 107,온누리상품권,Y,Y
제일시장상가,경상북도 구미시 공단동 264-18,경북 구미시 공단동 264-18,온누리상품권,Y,Y
구미파크시장,경상북도 구미시 도량동 77,경북 구미시 도량동 77,온누리상품권,Y,Y
선산종합시장,경상북도 구미시 선산읍 완전리 253,경북 구미시 선산읍 완전리253,온누리상품권,Y,Y
금오시장,경상북도 구미시 원평동 1028-2,경북 구미시 원평동 1028-2 ,온누리상품권,Y,Y
구미중앙시장,경상북도 구미시 원평동 117-20,경북 구미시 원평동 117-20 ,온누리상품권,Y,Y
종합제일시장,경상북도 구미시 원평동 118-31,경북 구미시 원평동 118-31 ,온누리상품권,Y,N
현대유통쇼핑센타,경상북도 구미시 원평동 119-2,경북 구미시 원평동 119-2 ,온누리상품권,Y,Y
구미종합상가,경상북도 구미시 월평동 119-15,경북 구미시 원평동 119-15,온누리상품권,Y,N
구미산업유통단지,경상북도 구미시 임수동 92-9,경북 구미시 임수동 92-9 ,온누리상품권,Y,Y
장천시장,경상북도 구미시 장천면 상장4길 14-3,경북 구미시 장천면 상장리 919-24,온누리상품권,Y,N
신평전통시장,경상북도 구미시 칠성로 6길 48,경북 구미시 신평동 150-4,온누리상품권,Y,N
해평공설시장,경상북도 구미시 해평면 낙성리 149-4,경북 구미시 해평면 낙성리 149-4,온누리상품권,Y,N
형곡시장프라자,경상북도 구미시 형곡동 147-1,경북 구미시 형곡동 147-1,온누리상품권,Y,Y
형곡중앙시장,경상북도 구미시 형곡동 321,경북 구미시 형곡동 321,온누리상품권,Y,Y
인동시장,경상북도 구미시 황상동 307-42,경북 구미시 황상동 307-42,온누리상품권,Y,Y
군위전통시장,경상북도 군위군 서부리 군위읍 중앙5길 12-8,경북 군위군 군위읍 서부리16-5,온누리상품권,Y,Y
소보시장,경상북도 군위군 소보면 송원32길 34,경북 군위군 소보면 송원리722,없음,Y,N
우보시장,경상북도 군위군 우보면 이화3길 6-15,경북 군위군 우보면 이화리1282,없음,Y,N
의흥시장,경상북도 군위군 의흥면 읍내5길 7,경북 군위군 의흥면 읍내리594-1,없음,Y,Y
평화시장,경상북도 김천시 평화동 334-6,경북 김천시 평화동 259-1,온누리상품권,Y,Y
황금시장,경상북도 김천시 황금동31-1,경북 김천시 황금동 황금동 19-7,온누리상품권,Y,Y
가은아자개시장,경상북도 문경시 가은읍 가은5길 7,경북 문경시 가은읍 왕능리 275-26,온누리상품권,Y,Y
문경시장,경상북도 문경시 문경읍 문희로 41-15,경북 문경시 문경읍 하리 88-2,온누리상품권,Y,Y
신흥시장,경상북도 문경시 신흥시장길 19,경북 문경시 흥덕동 794-1,온누리상품권,Y,Y
(유)중앙시장,경상북도 문경시 중앙로 87,경북 문경시 점촌동 197-14,온누리상품권,Y,Y
중앙시장,경상북도 문경시 중앙시장1길 12,경북 문경시 점촌동 159-2,온누리상품권,Y,Y
봉화상설시장,경상북도 봉화군 봉화읍 신시장 1길 4,경북 봉화군 봉화읍 내성리 394-1,온누리상품권,Y,Y
춘양시장,경상북도 봉화군 춘양면 의양로 2길 18,경북 봉화군 춘양면 의양리 361-18,온누리상품권,Y,N
공성시장,경상북도 상주시 공성면 옥산4길 14,경북 상주시 공성면 옥산리 177-1,없음,Y,Y
은척시장,경상북도 상주시 은척 면 봉중 1길 16-4,경북 상주시 은척면 봉중리383-2,온누리상품권,Y,Y
상주중앙시장,경상북도 상주시 중앙시장 길 15,경북 상주시 남성동 85-10,온누리상품권,Y,Y
풍물시장,경상북도 상주시 풍물시장길 16,경북 상주시 남성동 113-28 ,온누리상품권,N,Y
함창시장,경상북도 상주시 함창읍 합창 시장 1길 45-14,경북 상주시 함창읍 구향리 122,온누리상품권,Y,Y
화령시장,경상북도 상주시 화서면 화령남 6길 20,경북 상주시 화서면 신봉리 128-7,온누리상품권,Y,Y
벽진시장,경상북도 성주군 벽진면 수촌길 12,경북 성주군 벽진면 수촌리810-1 ,없음,Y,Y
성주시장,경상북도 성주군 성주읍 시장길 27-10,경북 성주군 성주읍 경산리 718 ,온누리상품권,Y,Y
용상공설시장,경상북도 안동시 경동로 862,경북 안동시 용상동 1242 ,온누리상품권,Y,Y
온혜공설시장,경상북도 안동시 도산면 퇴계로 2616,경북 안동시 도산면 온혜리566-1 ,없음,Y,Y
안동구시장,경상북도 안동시 번영길 30,경북 안동시 서부동 184-4 ,온누리상품권,Y,Y
안동서부시장,경상북도 안동시 서부 시장길 22,경북 안동시 태화동 62-1 ,온누리상품권,Y,N
정산공설시장,경상북도 안동시 예안면 정산2길 17,경북 안동시 예안면 정산리629-21 ,없음,Y,N
운산공설시장,경상북도 안동시 일직면 중앙동길 21-3,경북 안동시 일직면 운산리76-1 ,없음,Y,Y
중앙신시장,경상북도 안동시 중앙시장길 56,경북 안동시 옥야동 285-1 ,온누리상품권,Y,Y
풍산공설시장,경상북도 안동시 풍산면읍 하리들길7-1,경북 안동시 풍산읍 안교리 59-5 ,온누리상품권,Y,Y
구담공설시장,경상북도 안동시 풍천면 섬마길 7-7,경북 안동시 풍천면 구담리494 ,없음,Y,Y
강구시장,경상북도 영덕군 강구면 강구시장1길 8-2,경북 영덕군 강구면 오포리 534-2 ,온누리상품권,Y,Y
남정시장,경상북도 영덕군 남정면 장사리 356,경북 영덕군 남정면 장사리365,없음,Y,Y
영덕시장,경상북도 영덕군 영덕읍 남석리 26-50,경북 영덕군 영덕읍 남석리 23-1,온누리상품권,Y,Y
영해시장,경상북도 영덕군 영해면 성내리 468-1,경북 영덕군 영해면 성내리468-1,온누리상품권,Y,Y
영양시장,경상북도 영양군 영양읍 시장 5길 4,경북 영양군 영양읍 서부리 288-3,온누리상품권,Y,Y
선비골전통시장,경상북도 영주시 구성로 360번길,경북 영주시 영주동 318-7,없음,Y,N
영주공설시장,경상북도 영주시 번영로 123-8,경북 영주시 하망동 362-4,온누리상품권,Y,Y
후생시장,경상북도 영주시 번영로 173번길 30,경북 영주시 영주동 334-9,없음,N,Y
영주종합시장,경상북도 영주시 선비로 79번길 40-12,경북 영주시 휴천동 305,온누리상품권,Y,Y
신영주번개시장,경상북도 영주시 선비로 79번길 5,경북 영주시 휴천2동 도로가변,온누리상품권,Y,Y
골목시장,경상북도 영주시 영주로 192번길 46,경북 영주시 영주동 548-8,온누리상품권,Y,Y
영주중앙시장,경상북도 영주시 영주로 192번지 10-1,경북 영주시 영주동 547,온누리상품권,Y,Y
영주소백쇼핑몰,경상북도 영주시 중앙로 80번길 33-12,경북 영주시 하망동 364-30,온누리상품권,Y,N
영주문화시장,경상북도 영주시 중앙로 83번길 32,경북 영주시 영주동 376-1,온누리상품권,N,N
풍기중앙시장,경상북도 영주시 풍기읍 동성로 73,경북 영주시 풍기읍 성내리1-4,없음,N,Y
풍기토종인삼시장,경상북도 영주시 풍기읍 인삼로 40,경북 영주시 풍기읍 성내리148,온누리상품권,Y,Y
풍기인삼시장,경상북도 영주시 풍기읍 인삼로 8,경북 영주시 풍기읍 서부리145-3,온누리상품권,Y,Y
금호공설시장,경상북도 영천시 금호읍 금호로 101,경북 영천시 금호읍 교대리167-35,온누리상품권,Y,Y
영천공설시장,경상북도 영천시 시장4길 52,경북 영천시 완산동 982-3,온누리상품권,Y,Y
신녕공설시장,경상북도 영천시 신녕면 본관시장길3,경북 영천시 신녕면 화성리866-1,온누리상품권,Y,Y
예천맛고을시장,경상북도 예천군 예천읍 맛고을길 19,경북 예천군 예천읍 남본리 222-66 ,없음,N,Y
예천시장,경상북도 예천군 예천읍 시간로 50,경북 예천군 예천읍 남본리245-30,온누리상품권,Y,Y
예천상설시장,경상북도 예천군 예천읍 시장로 109,경북 예천군 예천읍 동본리553,온누리상품권,Y,Y
예천중앙시장,경상북도 예천군 예천읍 시장로 109,경북 예천군 예천읍 동본리 533,온누리상품권,N,N
용궁시장,경상북도 예천군 용궁면 읍부리 160,경북 예천군 용궁면 읍부리 160,온누리상품권,Y,N
풍양시장,경상북도 예천군 풍양면 낙산2길 37-13,경북 예천군 풍양면 낙상리 157-7,없음,Y,Y
척산시장,경상북도 울진군 기성면 척산길 46,경북 울진군 기성면 척산리211-6,없음,Y,Y
흥부시장,경상북도 울진군 북면 장터길 104,경북 울진군 북변면 부구리135,온누리상품권,Y,Y
울진시장,경상북도 울진군 울진읍 읍내1길 18,경북 울진군 울진읍 읍내리 60-1,온누리상품권,Y,Y
죽변시장,경상북도 울진군 죽변면 죽변리 36-8,경북 울진군 죽변면 죽변리36-8,온누리상품권,Y,Y
평해시장,경상북도 울진군 평해면 평해리 78-1,경북 울진군 평해면 평해리87-1,온누리상품권,Y,Y
후포시장,경상북도 울진군 후포면 삼율리 126,경북 울진군 후포면 삼율리126,온누리상품권,Y,Y
금성시장,경상북도 의성군 금성면 탑리1길 39,경북 의성군 금성면 산운리 644-2,없음,Y,Y
다인시장,경상북도 의성군 다인면 다인장길 21-4,경북 의성군 서릉리 167-1,없음,Y,Y
단촌정기시장,경상북도 의성군 단촌면 장터길 15,경북 의성군 단촌면 하화리 1097-9,없음,Y,N
봉양시장,경상북도 의성군 봉양면 도리원 6길 4,경북 의성군 봉양면 화전리 95-4,온누리상품권,Y,N
의성염매시장,경상북도 의성군 의성읍 염매시장길 11,경북 의성군 의성읍 후죽리 628-10,온누리상품권,Y,Y
의성공설재래시장,경상북도 의성군 의성읍 전통시장 2길 11-9,경북 의성군 의성읍 도동리 966,온누리상품권,Y,Y
안계공설시장,경상북도 의성군안계면용기2길7-4,경북 의성군 안계면 용기리 467-1,온누리상품권,Y,Y
동곡공설시장,경상북도 청도군 금천면 금천로 41-2,경북 청도군 금천면 동곡리776,없음,Y,Y
이서공설시장,경상북도 청도군 이서면 학산1길 51,경북 청도군 이서면 학산리 579-2,없음,Y,Y
청도공설시장,경상북도 청도군 청도읍 청도시장1길 23-12,경북 청도군 청도읍 고수리778,온누리상품권,Y,Y
풍각공설시장,경상북도 청도군 풍각면 송서7길 5,경북 청도군 풍각면 송서리552,온누리상품권,Y,Y
부남시장,경상북도 청송군 부남면 대전로 146-5,경북 청송군 부남면 대전리64,온누리상품권,Y,N
진보시장,경상북도 청송군 진보면 진안남2길 16-16,경북 청송군 진보면 진안리113-1,온누리상품권,Y,Y
청송시장,경상북도 청송군 청송읍 현충로106,경북 청송군 청송읍 월막리423-1외 18필지,온누리상품권,Y,Y
도평시장,경상북도 청송군 현동면 도평2길 19,경북 청송군 현동면 도평리839-3,온누리상품권,Y,N
화목시장,경상북도 청송군 현서면 구신북로57,경북 청송군 현서면 구산리100-14,없음,Y,N
약목시장,경상북도 칠곡군 약목면 약목리길 5-1,경북 칠곡군 약목면 복성리 949-1,없음,Y,N
왜관시장,경상북도 칠곡군 왜관읍 중앙로 3길 6-5,경북 칠곡군 왜관읍 왜관리211,온누리상품권,Y,Y
구룡포시장,경상북도 포항시 남구 구룡포읍 호미로 221번길 15,경북 포항시 구룡포읍 구룡포리 963-2,온누리상품권,Y,N
해도5(형산)시장,경상북도 포항시 남구 대도동 143-1,경북 포항시 대도동 143-1 ,없음,Y,N
영남시장,경상북도 포항시 남구 동해면 일월로 150,경북 포항시 동해면 약전리 436-3,온누리상품권,Y,N
도구시장(구동해시장),경상북도 포항시 남구 동해면 일월로 56번길 13,경북 포항시 동해면 도구리668-1,없음,Y,N
남부시장,경상북도 포항시 남구 상노동629,경북 포항시 상도동 629,온누리상품권,Y,Y
송도시장,경상북도 포항시 남구 송림로35,경북 포항시 송도동 440-6,없음,Y,Y
상대종합시장,경상북도 포항시 남구 양학천로 76번길 13,경북 포항시 상도동 1-12,없음,Y,N
연일전통시장,경상북도 포항시 남구 연일읍 연일로 159번길 46,경북 포항시 연일읍 생지리 194-1,온누리상품권,N,N
오천삼광시장,경상북도 포항시 남구 오천읍 정몽주로 679번길 3,경북 포항시 오천읍 구정리34-5,온누리상품권,Y,N
오천시장,경상북도 포항시 남구 오천읍 해병로 307번길 26-3,경북 포항시 남구오천읍 세계리 823-4,온누리상품권,Y,Y
포항운하송림시장,경상북도 포항시 남구 운하로 36번길 7,경북 포항시 송도동 493-11,온누리상품권,Y,N
장기시장,경상북도 포항시 남구 장기면 읍내길 61번길 247,경북 포항시 장기면 임중리 333-2,없음,Y,Y
동해종합시장,경상북도 포항시 남구 중앙로 134번길 27,경북 포항시 해도동 435-2,온누리상품권,Y,Y
큰동해시장,경상북도 포항시 남구 중앙로 146번길 30,경북 포항시 해도동 435-31 ,온누리상품권,Y,Y
대해종합시장,경상북도 포항시 남구 해노동288-56,경북 포항시 해도동 79-1,없음,Y,Y
효자시장,경상북도 포항시 남구 효자동길 8번길 10,경북 포항시 효자동 253-94,온누리상품권,Y,Y
기계시장,경상북도 포항시 북구 기계면 현내리 1동,경북 포항시 기계면 현내리386-2,없음,Y,N
북부시장,경상북도 포항시 북구 대신동 63-16,경북 포항시 대신동 63-16,온누리상품권,Y,N
한라종합시장,경상북도 포항시 북구 대안길 57,경북 포항시 북구 용흥동 357-1,온누리상품권,Y,N
중앙상가,경상북도 포항시 북구 불종로 44,경북 포항시 대흥동 732-14,온누리상품권,N,Y
장성종합시장,경상북도 포항시 북구 성실로 16,경북 포항시 북구 장성동 866-301,없음,Y,N
신광시장,경상북도 포항시 북구 신광면 토성리 337,경북 포항시 신광면 토성리337,없음,N,N
용흥시장,경상북도 포항시 북구 용흥동 366,경북 포항시 용흥동 366,없음,Y,N
그린종합시장,경상북도 포항시 북구 장성1352-1,경북 포항시 장성동 1352-1,없음,Y,Y
장량시장,경상북도 포항시 북구 장성동 866-302,경북 포항시 장성동 866-302,온누리상품권,Y,N
죽도농산물시장,경상북도 포항시 북구 죽도시장7길 7-4,경북 포항시 죽도동 5-22 ,온누리상품권,Y,Y
죽도시장,경상북도 포항시 북구 죽도시장길 4-7,경북 포항시 북구죽도동 2-586 ,온누리상품권,Y,Y
죽도어시장,경상북도 포항시 북구 죽도시장길 4-7,경북 포항시 죽도동 568-8,온누리상품권,Y,Y
죽장시장,경상북도 포항시 북구 죽장면 임암리 새마을로 3619-4,경북 포항시 죽장면 입암리 858-34,없음,Y,N
두호1시장,경상북도 포항시 북구 창포동 630,경북 포항시 창포동 630,온누리상품권,Y,Y
청하시장,경상북도 포항시 북구 청하면 미남리 382-3,경북 포항시 청하면 미남리382-3,없음,Y,N
양학시장,경상북도 포항시 북구 학잠동 83,경북 포항시 학잠동 83,온누리상품권,Y,N
환호그린빌시장,경상북도 포항시 북구 환호공원길 15,경북 포항시 북구 환호동 377-5,온누리상품권,Y,Y
흥해시장,경상북도 포항시 북구 흥해읍 성내리 63,경북 포항시 흥해읍 성내리 61-2,온누리상품권,Y,Y
비아5일시장,광주광역시 광산구 비아 충앙로 26-1,광주 광산구 비아동 83-5,온누리상품권,Y,Y
송정매일시장,광주광역시 광산구 송정동 813-1,광주 광산구 송정동 813-1,온누리상품권,Y,Y
송정5일시장,광주광역시 광산구 송정동 884-1,광주 광산구 송정동 884-1,온누리상품권,Y,Y
송정역전매일시장,광주광역시 광산구 송정로 8번길 13,광주 광산구 송정동 990-18,온누리상품권,Y,Y
우산매일시장,광주광역시 광산구 우산동,"광주 광산구 우산동 1577-2~6, 1578-1~6번지 일원",온누리상품권,Y,N
월곡시장,광주광역시 광산구 월곡동 687-3,광주 광산구 월곡동 687-3,온누리상품권,Y,Y
무등시장,광주광역시 남구 군분로 27(주월동),광주 남구 주월동 971-107,온누리상품권,Y,Y
봉선시장,광주광역시 남구 봉선 중앙로 91번길,광주 남구 봉선동 997-1,온누리상품권,Y,Y
남광주해뜨는시장,광주광역시 동구 제봉로 17번길 13-6,광주 동구 학동 74-14,온누리상품권,Y,Y
대인시장,광주광역시 동구 제봉로 194번길 10,광주 동구 대인동 310-9,온누리상품권,Y,Y
산수시장,광주광역시 동구 필문대로 206번길 6-38,광주 동구 산수동 560-1,온누리상품권,N,N
두암시장,광주광역시 북구 금녕길 23,광주 북구 두암동 856-5,온누리상품권,Y,Y
운암시장,광주광역시 북구 대자로 87,광주 북구 운암2동 94-7,온누리상품권,Y,Y
서방시장,광주광역시 북구 동문대로 14,광주 북구 풍향동 602-10,온누리상품권,Y,N
말바우시장,광주광역시 북구 서방로 81번길 27,광주 북구 우산동 190-1,온누리상품권,Y,Y
동부시장,광주광역시 북구 중문로 9번길 39,광주 북구 중흥 272-6,온누리상품권,Y,N
중흥시장,광주광역시 북구 중흥로 154,광주 북구 중흥동 684,없음,Y,N
양동경열로시장,광주광역시 서구 경열로 144,광주 서구 양동 307-46,온누리상품권,Y,Y
양동수산전통시장,광주광역시 서구 양동 5-254,광주 서구 양동 5-254,온누리상품권,Y,Y
양동복개상가,광주광역시 서구 양동 복개상가,광주 서구 양동 441,온누리상품권,Y,Y
광주양동시장,광주광역시 서구 천변좌로 238,광주 서구 양동 5-101,온누리상품권,Y,Y
양동건어물시장,광주광역시 서구 천변좌로 254번길 6,광주 서구 양동 5-41,온누리상품권,Y,Y
양동닭전길시장,광주광역시 서구 천변좌로 262번길 4(양동),광주 서구 양동 5,온누리상품권,Y,Y
양동산업용품시장,광주광역시 서구 천변좌로 294,광주 서구 양동 135-1,온누리상품권,Y,Y
화정동서부시장,광주광역시 서구 화운로 156번길 24-1,광주 서구 화정동 783-5,온누리상품권,N,N
남광주시장,광주광역시 제봉로17번길 13-6,광주  동구 학동 55-57,온누리상품권,Y,Y
대명중앙시장,대구광역시 남구 대명동 1040,대구 남구 봉덕동 1040,온누리상품권,Y,N
관문상가시장,대구광역시 남구 대명동 1157-10,대구 남구 대명동 1157-10,온누리상품권,Y,Y
관문시장,대구광역시 남구 대명동 1157-10,대구 남구 대명동 1160,없음,Y,Y
대명신시장,대구광역시 남구 대명동 1374-54,대구 남구 대명동 2282-2,온누리상품권,Y,Y
명덕시장,대구광역시 남구 대명동 139-1,대구 남구 대명동 139-1,온누리상품권,Y,N
대명시장,대구광역시 남구 대명동 1395-56,대구 남구 대명동 2276-5,온누리상품권,Y,N
영선신시장,대구광역시 남구 대명동 2014-204,대구 남구 대명동 2014-204,온누리상품권,Y,N
성당시장,대구광역시 남구 대명동 3023-23,대구 남구 대명동 3023-23,온누리상품권,Y,Y
광덕시장,대구광역시 남구 대명동 460,대구 남구 대명동 460,온누리상품권,Y,N
남부시장,대구광역시 남구 대명동 797,대구 남구 대명동 797,온누리상품권,Y,N
안지랑시장,대구광역시 남구 대명동 872,대구 남구 대명동 872,온누리상품권,Y,Y
봉덕시장,대구광역시 남구 봉덕동 961,대구 남구 봉덕동 961,온누리상품권,Y,Y
봉덕신시장,대구광역시 남구 봉덕동 97-80,대구 남구 봉덕동 955-80,온누리상품권,Y,N
성서보성화성상가,대구광역시 달서구 계대동문로 99,대구 달서구 이곡동 1191,없음,Y,N
달서송림시장,대구광역시 달서구 구마로 176,대구 달서구 본동 225-1,없음,Y,Y
용산종합큰시장,대구광역시 달서구 달구벌대로 301길 187-11,대구 달서구 용산동 933,온누리상품권,Y,N
서남시장,대구광역시 달서구 달구벌대로 329길 17,대구 달서구 감삼동 55-5,온누리상품권,Y,N
서남신시장,대구광역시 달서구 달구벌대로9길 32,대구 달서구 감삼동 56-18,온누리상품권,Y,Y
두류종합시장,대구광역시 달서구 당산동길 9,대구 달서구 성당동 704-5,온누리상품권,Y,Y
달서시장,대구광역시 달서구 당산로 35,대구 달서구 본리동 145-2,온누리상품권,Y,N
도원시장,대구광역시 달서구 도원도동길 8,대구 달서구 도원동 1437-1,온누리상품권,Y,N
대곡시장,대구광역시 달서구 도원로 24,대구 달서구 도원동 1432,온누리상품권,Y,N
서대구시장,대구광역시 달서구 명덕로2길 30,대구 달서구 두류동 1216-1,온누리상품권,Y,N
대구대동시장,대구광역시 달서구 상원로 22-24,대구 달서구 상인동 1472-1,온누리상품권,Y,N
상원시장,대구광역시 달서구 상인로 9,대구 달서구 상인동 1582-4,온누리상품권,N,N
상인영남상가,대구광역시 달서구 상인서로 76,대구 달서구 상인동 1517,없음,Y,N
성서와룡시장,대구광역시 달서구 성서서로 347-1,대구 달서구 신당동 1763-9,온누리상품권,Y,N
송현주공시장,대구광역시 달서구 송현로 12안길 38,대구 달서구 송현동 1948-3,온누리상품권,Y,Y
송경종합시장,대구광역시 달서구 앞산순환로 49길 73,대구 달서구 송현동 1941-3,없음,Y,N
신내당시장,대구광역시 달서구 야외음악당로 39길 62,대구 달서구 두류동 486-1,없음,Y,N
대구예전우시장,대구광역시 달서구 야외음악당로 47길 111,대구 달서구 두류동 136-6,없음,Y,N
성서용산시장,대구광역시 달서구 용산동 442-8,대구 달서구 용산동 421-1,온누리상품권,N,N
보성은하상가,대구광역시 달서구 월곡로 320,대구 달서구 상인동 42,없음,Y,Y
월배시장,대구광역시 달서구 월배로 24길 13,대구 달서구 진천동 241-3,온누리상품권,Y,Y
월배신시장,대구광역시 달서구 월배로 28안길 54,대구 달서구 진천동 239-23 외13필지,온누리상품권,Y,N
월성청구시장,대구광역시 달서구 학산로 17,대구 달서구 월성동 89-2,온누리상품권,Y,Y
논공중앙시장,대구광역시 달성군 논공읍 용호로 2길 12,대구 달성군 논공읍 북리 824-35,온누리상품권,Y,N
현풍공설시장,대구광역시 달성군 현풍면 현풍로 6길 5,대구 달성군 현풍면 원교리12-1,온누리상품권,Y,Y
화원시장,대구광역시 달성군 화원읍 버슬로 512길 58-5,대구 달성군 화원읍 천내리892-1,온누리상품권,Y,Y
송라시장,대구광역시 동구 동부로 5길,대구 동구 신천1.2동 537-13,온누리상품권,Y,N
방촌시장,대구광역시 동구 방촌동 1067-2,대구 동구 방촌동 1067-2,온누리상품권,Y,Y
현대시장,대구광역시 동구 방촌동 902-7,대구 동구 방촌동 902-7,없음,Y,N
불로전통시장,대구광역시 동구 불로동 449-1,대구 동구 불로동 449-1,온누리상품권,Y,N
반야월종합시장,대구광역시 동구 신기동 174-4,대구 동구 신기동 174-1,온누리상품권,Y,N
목련시장,대구광역시 동구 신기동 271-2,대구 동구 신기동 271-2,온누리상품권,Y,N
평화시장,대구광역시 동구 신암1동 597-1,대구 동구 신암1동 597-1,온누리상품권,Y,N
동서시장,대구광역시 동구 신암5동 95-15,대구 동구 신암5동 96-161,온누리상품권,Y,N
성동시장,대구광역시 동구 신암동 327-1,대구 동구 신암동 327-1,온누리상품권,Y,Y
동대구역전시장,대구광역시 동구 신천3동 278,대구 동구 신천3동 278,온누리상품권,Y,N
신암시장,대구광역시 동구 아양로 8길 11,대구 동구 신암동 211,온누리상품권,Y,Y
공항시장,대구광역시 동구 지저동 694-42,대구 동구 지저동 694-42,온누리상품권,Y,N
효목시장,대구광역시 동구 효목1동 139-5,대구 동구 효목1동 139-5,온누리상품권,Y,Y
동구시장,대구광역시 동구 효목2동 533,대구 동구 효목2동 533,온누리상품권,Y,N
효신시장,대구광역시 동구 효신로 5길 40(신천동),대구 동구 신천4동 415-1,온누리상품권,Y,Y
복현전통신시장,대구광역시 북구 경지로 78,대구 북구 복현동 493-9,없음,Y,N
복현종합시장,대구광역시 북구 경진로1길 78,대구 북구 복현동 462,없음,Y,Y
관음시장,대구광역시 북구 관음중앙로 28길 1,대구 북구 관음동 1284,온누리상품권,Y,N
팔달신시장,대구광역시 북구 노원3가750,대구 북구 노원3가 876,온누리상품권,Y,Y
산격종합시장,대구광역시 북구 대동로 1길 34,대구 북구 산격동 1258,없음,Y,N
동대구시장,대구광역시 북구 대현동 20길 30,대구 북구 대현동 390,온누리상품권,Y,Y
동대구신시장,대구광역시 북구 대현동 390번지 일원,대구 북구 대현동 272,온누리상품권,N,Y
칠곡시장,대구광역시 북구 칠곡 중앙대로 526,대구 북구 읍내동 1201-1 ,온누리상품권,Y,Y
대성시장,대구광역시 북구 칠성2가 302-95,대구 북구 칠성 302-95,온누리상품권,Y,Y
대구능금시장,대구광역시 북구 칠성남로 197-15,대구 북구 칠성1가 250-1,온누리상품권,Y,N
칠성시장,대구광역시 북구 칠성남로 227,대구 북구 칠성1가 276-165,온누리상품권,Y,N
칠성진시장,대구광역시 북구 칠성시장로 19,대구 북구 칠성동1가  96-2,온누리상품권,Y,N
대구청과시장,대구광역시 북구 칠성시장로 34,대구 북구 칠성1가 276-102,온누리상품권,Y,N
삼성시장,대구광역시 북구 칠성시장로 42,대구 북구 칠성1가 276-108,온누리상품권,Y,N
경명시장,대구광역시 북구 칠성시장로 5길 22,대구 북구 칠성동 89,온누리상품권,Y,N
칠성원시장,대구광역시 북구 칠성시장로 5길 22,대구 북구 칠성1가 81,온누리상품권,Y,N
구암시장,대구광역시 북구 태암남로 11길 18,대구 북구 구암동 693,온누리상품권,Y,N
중앙시장,대구광역시 북구 태전로 15,대구 북구 태전동 156-1,온누리상품권,Y,Y
팔달시장,대구광역시 북구 팔달로 37길 11,대구 북구 노원2가 375,없음,Y,N
서변중앙시장,대구광역시 북구 호국로 43길 27,대구 북구 서변동 1751,온누리상품권,Y,N
중리시장,대구광역시 서구 국채보상로 31길,대구 서구 평리동 1538-3,온누리상품권,Y,N
신평리시장,대구광역시 서구 국채보상로 52길 33,대구 서구 평리동 1205,온누리상품권,Y,N
서부시장,대구광역시 서구 달서로 26길 7-2,대구 서구 비산동 434,온누리상품권,Y,N
새길시장,대구광역시 서구 달서로 4길 17-7,대구 서구 내당동 968,온누리상품권,Y,N
원대신시장,대구광역시 서구 달서로 54길 6,대구 서구 원대동 1434-4,온누리상품권,Y,N
서구시장,대구광역시 서구 면리동 1085-1,대구 서구 평리동 1085-1,온누리상품권,Y,N
이현시장,대구광역시 서구 문화로 33길 24,대구 서구 평리동 606-8,온누리상품권,Y,N
대평리시장,대구광역시 서구 문화로 49길 25,대구 서구 평리동 676-7,온누리상품권,Y,N
중평시장,대구광역시 서구 서대로길 17길 16,대구 서구 평리동 1437-5,없음,Y,N
원고개시장,대구광역시 서구 통학로 46길 48,대구 서구 비산동 569-2,온누리상품권,Y,N
태백시장,대구광역시 수성2가 39-4,대구 수성구 수성동2가 39-4,온누리상품권,Y,Y
청구시장,대구광역시 수성구 만촌동 984-1,대구 수성구 만촌동 984-1,온누리상품권,Y,Y
신천시장,대구광역시 수성구 범어천로 208-24,대구 수성구 범어동 1004-1,온누리상품권,Y,N
수성현대시장,대구광역시 수성구 수성1가 649-76,대구 수성구 수성동1가 649-76,온누리상품권,Y,Y
동성시장,대구광역시 수성구 수성2가 39-1,대구 수성구 수성동2가 39-2,온누리상품권,Y,N
수성시장,대구광역시 수성구 수성2가 39-3,대구 수성구 수성동2가 39-4,온누리상품권,Y,Y
신매시장,대구광역시 수성구 신매로 16길 24,대구 수성구 신매동 576번지,온누리상품권,N,N
"지산목련시장(구,지산종합시장)",대구광역시 수성구 지산동 1199-10,대구 수성구 지산동 1199-10,온누리상품권,Y,Y
황금시장,대구광역시 수성구 황금동 764,대구 수성구 황금동 764,온누리상품권,Y,Y
중앙시장,대구광역시 중구 경상감영길 101,대구 중구 포정동 21-3 ,없음,Y,Y
교동시장활성화구역,대구광역시 중구 교동길 40,대구 중구 교동 67-12,온누리상품권,Y,N
동부시장,대구광역시 중구 국채보상로 749,대구 중구 동인동 470-2 ,온누리상품권,Y,N
보성황실시장,대구광역시 중구 낙산로 13길 17,대구 중구 남산4동 2466-1,없음,Y,N
염매시장,대구광역시 중구 남성로 48(덕산동),대구 중구 덕산동 38 ,온누리상품권,Y,N
방천시장,대구광역시 중구 달구,대구 중구 대봉동 12-37 일대 ,온누리상품권,Y,N
서문시장제1지구포목시장,대구광역시 중구 대신동 큰장로 28길 10,대구 중구 대신동 115-379 ,온누리상품권,Y,N
남문시장,대구광역시 중구 명륜로 70,대구 중구 남산동 698-22,온누리상품권,Y,N
서문시장2지구종합상가,대구광역시 중구 큰장로 26길 25,대구 중구 대신동 2105,온누리상품권,Y,Y
서문시장5지구,대구광역시 중구 큰장로 26길 6(대신동 115-400),대구 중구 대신동 115-400 ,온누리상품권,Y,N
동산상가,대구광역시 중구 큰장로 26길 65(대신동),대구 중구 대신동 115-30 ,온누리상품권,Y,Y
서문시장건해산물상가,대구광역시 중구 큰장로 26안길 5,대구 중구 대신동 265-5 ,온누리상품권,Y,N
서문시장제1지구직물시장,대구광역시 중구 큰장로 28길 10,대구 중구 대신동 115-379 ,온누리상품권,Y,N
명품프라자상가,대구광역시 중구 큰장로 28길 27,대구 중구 대신동 115-112 ,온누리상품권,Y,Y
서문시장제4지구,대구광역시 중구 큰장로 28길 28,대구 중구 대신동 115-377 ,온누리상품권,Y,N
번개시장,대구광역시 중구 태평로 177-2,대구 중구 태펑로1가 1-186 ,온누리상품권,Y,N
법동시장,대전광역시 대덕구 법동 199,대전 대덕구 법동 199번지 일원,온누리상품권,Y,N
신탄진시장,대전광역시 대덕구 석봉로 37번길 46-16,대전 대덕구 석봉동 417번지 일원,온누리상품권,Y,N
송촌시장,대전광역시 대덕구 송촌동 476,대전 대덕구 송촌동 476번지 일원,온누리상품권,Y,N
중리시장,대전광역시 대덕구 중리 북로 31번길 26,대전 대덕구 중리동 370번지 일원,온누리상품권,Y,N
대전도매시장,대전광역시 동구 대전로 785번길 10번지,대전 동구 중동 76번지,온누리상품권,Y,N
전통중앙도매상가,대전광역시 동구 대전로 785번길 16(중동),대전 동구 중동 76-1번지,온누리상품권,Y,Y
중앙상가시장,대전광역시 동구 대전로 797번길 37,대전 동구 중동 28,온누리상품권,Y,N
인동시장,대전광역시 동구 대전천동로 450(인동),대전 동구 인동 53-1,온누리상품권,Y,Y
가양시장,대전광역시 동구 매봉로 18,대전 동구 가양동 434,온누리상품권,Y,Y
용운시장,대전광역시 동구 용운로 164번길 9,대전 동구 용운동 351-1,온누리상품권,Y,Y
중앙메가프라자,대전광역시 동구 원동 42-1,대전 동구 원동 42-1,온누리상품권,Y,N
중앙종합시장,대전광역시 동구 원동 65-1(동구 중교로 119),대전 동구 원동 65-1번지,온누리상품권,Y,N
신중앙시장,대전광역시 동구 월동 40-1,대전 동구 원동 40-1,온누리상품권,Y,N
자유도매시장,대전광역시 동구 중앙로 200번길 40,대전 동구 원동 64-1,온누리상품권,Y,Y
중앙도매시장,대전광역시 동구 중앙로 200번지,대전 동구 원동 38-1,온누리상품권,Y,N
대전상가시장,대전광역시 동구 충무로 185,대전 동구 인동 52-1번지,온누리상품권,Y,N
신도시장,대전광역시 동구 흥룡로 37번길 12,대전 동구 가양동 38-5,온누리상품권,Y,Y
한민시장,대전광역시 서구 가장로 94,대전 서구 괴정 88-6번지,온누리상품권,Y,N
도마큰시장,대전광역시 서구 도마2길 39,대전 서구 도마 133-4번지,온누리상품권,Y,Y
송강시장,대전광역시 유성구 구즉로 74-7,대전 유성구 송강동 49-10번지,온누리상품권,Y,Y
문창전통시장,대전광역시 중구 문창동 보문로 20길 22번지,대전 중구 문창동 116-8번지,온누리상품권,Y,Y
유천전통시장,대전광역시 중구 문화로 105번길 113,대전 중구 유천동 303-10번지,온누리상품권,Y,N
부사전통시장,대전광역시 중구 부사동 148-6,대전 중구 부사동 148-6번지,온누리상품권,Y,Y
산성전통시장,대전광역시 중구 산성동 285-1,대전 중구 산성동 282-5번지,온누리상품권,Y,Y
오류전통시장,대전광역시 중구 오류동88길 72,대전 중구 오류동 164-12번지,온누리상품권,Y,N
용두전통시장,대전광역시 중구 용두동 13-18,대전 중구 용두동 12-2,없음,N,N
태평전통시장,대전광역시 중구 태평1동(수림로 55번길 56),대전 중구 태평동 333-8번지,온누리상품권,Y,Y
가야벽산상가,부산광역시 부산진구 엄광로 68,부산 진구 가야2동 669-9번지,없음,Y,Y
명지시장,부산광역시 강서구 명지동 1-377,부산 강서구 명지동 1-377,온누리상품권,Y,Y
구서오시게시장,부산광역시 금정구 구서로 12,부산 금정구 구서동 87-9,온누리상품권,Y,N
금사제일상가시장,부산광역시 금정구 금사동 68-14,부산 금정구 금사동 68-14,온누리상품권,Y,N
부곡상가시장,부산광역시 금정구 부곡동 304-1,부산 금정구 부곡동 304-1,온누리상품권,Y,N
서동향토시장,부산광역시 금정구 서동 194-1,부산 금정구 서동 194-1,온누리상품권,Y,N
서동시장,부산광역시 금정구 서동 302,부산 금정구 서동 302,온누리상품권,Y,Y
서동전통골목시장,부산광역시 금정구 서동 339-1,부산 금정구 서동 339-1,온누리상품권,Y,N
장성시장,부산광역시 금정구 수림로 61번길 53 ,부산 금정구 장전동 155-17,없음,Y,N
장전상가시장,부산광역시 금정구 장전동 421-7번지,부산 금정구 장전동 421-7,온누리상품권,Y,N
기장시장,부산광역시 기장군 기장읍 대라리 72-1,부산 기장군 기장읍 대라리 72-1,온누리상품권,Y,Y
새감만종합시장,부산광역시 남구 감만1동 163-2,부산 남구 감만1동 163-2,온누리상품권,Y,Y
감만시장,부산광역시 남구 감만1동 171-9번지,부산 남구 감만1동 171-9번지 일원,온누리상품권,N,N
대연삼익상가시장,부산광역시 남구 대연3동 1808번지,부산 남구 대연3동 1808,없음,Y,Y
못골골목시장,부산광역시 남구 대연5동 1416-23,부산 남구 대연5동 1416-23,온누리상품권,N,Y
대연시장,부산광역시 남구 대연5동 1760-1번지,부산 남구 대연5동 1760-1,온누리상품권,Y,N
용호삼성시장,부산광역시 남구 용호1동 126-4번지,부산 남구 용호1동 128-1,온누리상품권,Y,N
용호시장,부산광역시 남구 용호2동 316-10번지,부산 남구 용호2동 516-10,온누리상품권,Y,Y
용호골목시장,부산광역시 남구 용호3동 494-19번지,부산 남구 용호3동 494-19,온누리상품권,Y,N
용호1동골목시장,부산광역시 남구 용희동 126-4,부산 남구 용호1동 126-4,온누리상품권,Y,N
우암골목시장,부산광역시 남구 우암2동 189-671,부산 남구 우암2동 189-671,없음,N,N
동성하이타운시장,부산광역시 남구 천제등로 11,부산 남구 대연2동 1756-9,없음,Y,Y
성북시장,부산광역시 동구 범일4동 1430-53,부산 동구 범일4동 1430-53,온누리상품권,N,N
부산진시장,부산광역시 동구 범일동 290-1번지,부산 동구 범일동 290,온누리상품권,Y,Y
부산진남문시장,부산광역시 동구 범일동 290-3,부산 동구 범일동 291,온누리상품권,Y,Y
수정시장,부산광역시 동구 수정2동 170-1번지,부산 동구 수정2동 170-1,온누리상품권,Y,Y
수정재래시장,부산광역시 동구 수정동 248-3,부산 동구 수정동 248-3,온누리상품권,N,N
부산자유시장,부산광역시 동구 조방로 48(범일동),부산 동구 범일동 830-24,온누리상품권,Y,Y
초량전통시장,부산광역시 동구 초량동 308-1,부산 동구 초량동 308-1,온누리상품권,N,N
초량상가시장,부산광역시 동구 초량로 15 초량상가시장,부산 동구 초량동 200,온누리상품권,Y,N
동래시장,부산광역시 동래구 복천동 229-28,부산 동래구 복천동 229-28,온누리상품권,Y,Y
국민시장,부산광역시 동래구 사직북로 33번길 31,부산 동래구 사직2동 44-1,온누리상품권,Y,N
사직시장,부산광역시 동래구 사직북로 34번길 48,부산 동래구 사직1동 49-1번지 외 57필지,온누리상품권,Y,N
수안인정시장,부산광역시 동래구 수안동 275-2,부산 동래구 수안동 275-2외 58필지,온누리상품권,Y,Y
서원시장,부산광역시 동래구 안락1동 425-51,부산 동래구 안락1동 425-51,온누리상품권,Y,N
안락상가시장,부산광역시 동래구 안락2동 603-1,부산 동래구 안락2동 603-1,온누리상품권,Y,N
충렬상가시장,부산광역시 동래구 안락동 464-21,부산 동래구 안락2동 464-21,온누리상품권,Y,Y
명장시장,부산광역시 동래구 영감1동 145-9,부산 동래구 명장1동 145-9,온누리상품권,Y,N
금강시장,부산광역시 동래구 온천 3동 1376-7,부산 동래구 온천3동 1376-7,온누리상품권,Y,N
온천인정시장,부산광역시 동래구 온천동147-7,부산 동래구 온천1동 147-7 외 71필지,온누리상품권,N,N
금성상가시장,부산광역시 동래구 은천동 1407-2,부산 동래구 온천2동 1407-2,온누리상품권,Y,N
온천시장,부산광역시 동래구 은천장로 119번길 48,부산 동래구 온천1동 147-6,온누리상품권,Y,N
동아종합시장,부산광역시 부산진구 가야대로 497,부산 부산진구 개금동 156-2,없음,Y,N
양정전통시장,부산광역시 부산진구 동평로 420번길,부산 부산진구 동평로 420번길,온누리상품권,N,N
새당감시장,부산광역시 부산진구 동평로 44번길 46,부산 부산진구 당감3동 479-9,없음,Y,N
정이있는구포시장,부산광역시 북구 구포1동 599-15,부산 북구 구포동 599,온누리상품권,Y,Y
구포축산물도매시장,부산광역시 북구 구포2동 1186-24번지,부산 북구 구포2동 1186-24,온누리상품권,Y,Y
새구포종합상가시장,부산광역시 북구 덕천2동 355-4,부산 북구 덕천2동 355-4,온누리상품권,Y,Y
덕천시장,부산광역시 북구 덕천동 411-5,부산 북구 덕천1동 411-5,온누리상품권,Y,Y
만덕시장,부산광역시 북구 만덕1동 829,부산 북구 만덕1동 829,온누리상품권,Y,N
만덕2동제일상가시장,부산광역시 북구 만덕2동 845-2,부산 북구 만덕2동 845-2,없음,Y,N
감전제일상가시장,부산광역시 사상구 감전동 121-12,부산 사상구 감전동 121-12,온누리상품권,Y,N
르네시떼,부산광역시 사상구 광장로 7(괘법동),부산 사상구 괘법동 529-1,온누리상품권,Y,Y
부산산업용품상협동조합,부산광역시 사상구 괘감로 37,부산 사상구 괘법동 578,온누리상품권,Y,Y
모라전통시장,부산광역시 사상구 모라로 46번길 일원,부산 사상구 모라동 1019-18,없음,N,N
우신종합상가,부산광역시 사상구 백양대로 884,부산 사상구 모라동 1362,없음,Y,Y
북부산시장,부산광역시 사상구 사상로 285번길 8-3,부산 사상구 덕포1동 422-16,없음,Y,N
복이있는덕포시장,부산광역시 사상구 사상로 293번길 12,부산 사상구 덕포1동 421-13,온누리상품권,Y,N
부산산업용재유통상가,부산광역시 사상구 새벽로 133,부산 사상구 감전동 152-2,없음,Y,Y
부산새벽시장,부산광역시 사상구 새벽로 141,부산 사상구 감전동 143-12,온누리상품권,Y,Y
주례현대무지개상가,부산광역시 사상구 주례3동 530-5번지,부산 사상구 주례동 530-5,없음,Y,N
주례럭키종합상가,부산광역시 사상구 주례동 595,부산 사상구 가야대로 284번길 2,없음,Y,Y
구덕대림상가,부산광역시 사상구 학감대로 49번길 62,부산 사상구 학장동 167-3,없음,Y,Y
영해종합시장,부산광역시 사상구 학장동 570-2,부산 사상구 학장동 570-2,온누리상품권,Y,Y
학장반도보라상가,부산광역시 사상구 학장동 573-1,부산 사상구 학장동 573-1,온누리상품권,Y,Y
감천2동시장,부산광역시 사하구 감천 2동 13-13,부산 사하구 감천2동 13-13,온누리상품권,Y,N
감천시장,부산광역시 사하구 감천1동 471,부산 사하구 감천1동 471,온누리상품권,Y,N
사하시장,부산광역시 사하구 괴정4동 552-14,부산 사하구 괴정4동 552-14,온누리상품권,Y,N
다대씨-파크,부산광역시 사하구 다대동 680-2,부산 사하구 다대1동 680-2,온누리상품권,Y,Y
신평골목시장,부산광역시 사하구 다대로134번길 180,부산 사하구 신평1동 82-9,온누리상품권,Y,Y
당리시장,부산광역시 사하구 당리동 143-1,부산 사하구 당리동 143-1,온누리상품권,Y,Y
하단시장,부산광역시 사하구 당리동 302-7,부산 사하구 당리동 302-7,온누리상품권,Y,N
괴정골목시장,부산광역시 사하구 사하로 198,부산 사하구 괴정동 1011-26,온누리상품권,N,Y
신평종합시장,부산광역시 사하구 신평동 111-213,부산 사하구 신평1동 111-213,온누리상품권,Y,N
장림시장,부산광역시 사하구 장림동 792-7,부산 사하구 장림1동 792-7,온누리상품권,Y,Y
장림골목시장,부산광역시 사하구 장림시장 5길 95,부산 사하구 장림동 641-268,온누리상품권,N,Y
가락타운상가시장,부산광역시 사하구 하단1동 1176,부산 사하구 하단1동 1176,온누리상품권,Y,Y
하단오일상설시장,부산광역시 사하구 하단1동 620-8,부산 사하구 하단1동 620-8,온누리상품권,Y,N
에덴시장,부산광역시 사하구 하단2동 487-6,부산 사하구 하단2동 487-6,온누리상품권,Y,N
에덴골목시장,부산광역시 사하구 하단2동 500-29,부산 사하구 하단2동 500-29,온누리상품권,N,N
대신시장,부산광역시 서구 대영로 78 (동대신동1가 113-1번지),부산 서구 동대신동 외113,온누리상품권,Y,N
동대신1동골목시장,부산광역시 서구 동대신동의 129,부산 서구 동대신동 외 129,없음,Y,N
서대신1동골목시장,부산광역시 서구 서대신동 1가 159-6,부산 서구 서대신동 1가 159-6,온누리상품권,N,N
서대신동골목시장,부산광역시 서구 서대신동 2가 108번지 일원,부산 서구 서대신동 2가 108,온누리상품권,Y,N
아미시장,부산광역시 서구 아미동 2가 96-11,부산 서구 아미동 2가 96-11,온누리상품권,N,N
송남시장,부산광역시 서구 충무대로 34(암남동),부산 서구 암남동 346-2,온누리상품권,Y,Y
충무동해안시장,부산광역시 서구 충무동1가 1-75,부산 서구 충무동 1가 1-75,온누리상품권,Y,N
충무동골목시장,부산광역시 서구 충무시장길 38,부산 서구 충무동 1가 29,온누리상품권,N,N
충무동새벽시장,부산광역시 서구 해안새벽시장길 68,부산 서구 남부민1동 684,온누리상품권,Y,Y
광안종합시장,부산광역시 수영구 광안동 343-35,부산 수영구 광안동 94-1,없음,Y,N
광안시장,부산광역시 수영구 광안동 559-2,부산 수영구 광안동 559-2번지 외,온누리상품권,Y,N
세흥시장,부산광역시 수영구 남천대로 16,부산 수영구 남천동 26-5,없음,Y,N
삼익비치B상가시장,부산광역시 수영구 남천동 148-5,부산 수영구 남천동 148-5,온누리상품권,Y,Y
삼익비치A상가시장,부산광역시 수영구 남천동 148-9,부산 수영구 남천동 148-9,온누리상품권,Y,Y
남천해변시장,부산광역시 수영구 남천동 556,부산 수영구 남천동 556,온누리상품권,Y,Y
망미중앙시장,부산광역시 수영구 망미동 431-6,부산 수영구 망미동 431-6번지 외,온누리상품권,Y,N
망미삼성상가시장,부산광역시 수영구 망미동 777,부산 수영구 망미구 777,없음,Y,Y
망미종합시장,부산광역시 수영구 망미동 804-1,부산 수영구 망미동 804-1,없음,Y,N
망미새상가시장,부산광역시 수영구 망미동 831-13,부산 수영구 망미동 831-13,온누리상품권,Y,N
동방시장,부산광역시 수영구 민락동 161-7,부산 수영구 민락동 161-7,없음,Y,N
민락씨랜드시장,부산광역시 수영구 민락동 181-228,부산 수영구 민락동 181-228,온누리상품권,Y,N
광안어패류시장,부산광역시 수영구 민락동 181-72,부산 수영구 민락동 181-72,온누리상품권,Y,Y
민락어패류시장,부산광역시 수영구 민락동 181-8,부산 수영구 민락동 181-8,온누리상품권,Y,Y
민락회타운시장,부산광역시 수영구 민락동 181-84,부산 수영구 민락동 181-84,온누리상품권,Y,Y
민락골목시장,부산광역시 수영구 민락동 190-1,부산 수영구 민락동 190-1번지 외,온누리상품권,Y,Y
수영팔도상가시장,부산광역시 수영구 수영동 305-3,부산 수영구 수영동 305-3번지 외,온누리상품권,Y,Y
사단법인수영건설시장,부산광역시 수영구 수영동 466-20,부산 수영구 수영동 466-20,없음,Y,N
현대종합상가시장,부산광역시 수영구 수영동 541,부산 수영구 수영동 541,없음,Y,N
거성시장,부산광역시 연제구 거제1동 987-10,부산 연제구 거제동 987-10,없음,Y,N
거제시장,부산광역시 연제구 거제동 486-1,부산 연제구 거제동 486-1,온누리상품권,Y,N
연미새시장,부산광역시 연제구 연산동 2124-16,부산 연제구 연산동 2124-16,온누리상품권,Y,N
연동시장,부산광역시 연제구 연산동 312-18,부산 연제구 연산동 312-18,온누리상품권,Y,Y
연천시장,부산광역시 연제구 연산동 364-1,부산 연제구 연산동 364-1,온누리상품권,Y,N
연일시장,부산광역시 연제구 연산동 636-28,부산 연제구 연산동 636-28,온누리상품권,Y,N
영남종합시장,부산광역시 연제구 중앙대로 1030-1,부산 연제구 연산동 1328-15,없음,Y,Y
영도봉래시장,부산광역시 영도구 봉래동3가 13-3,부산 영도구 봉래동 3가 13-3,온누리상품권,Y,Y
남항시장,부산광역시 영도구 절영로 49번길 73-5,부산 영도구 영선동 2가 64-6,온누리상품권,Y,Y
청학시장,부산광역시 영도구 태종로 316번길 1,부산 영도구 청학동 297-1,온누리상품권,Y,Y
자갈치시장,부산광역시 중구 가갈치 해안토 52번길,부산 중구 남포동 37-1,온누리상품권,Y,Y
아리랑거리,부산광역시 중구 광복로 35번길 13,부산 중구 신창동 3가 26,없음,N,N
만물의거리시장,부산광역시 중구 국제시장 2길 16-1,부산 중구 신창동 4가 15-3,온누리상품권,Y,N
창선상가,부산광역시 중구 국제시장2길 5,부산 중구 창선동 2가 27,온누리상품권,Y,N
건어물시장,부산광역시 중구 남포동 1가 62,부산 중구 남포동 1가 62,온누리상품권,Y,N
영주시장,부산광역시 중구 대영로 242번길 3 영주시장,부산 중구 영주동 601,없음,Y,N
월드밸리,부산광역시 중구 대청로 60,부산 중구 부평동 2가 2,온누리상품권,Y,Y
보수종합시장,부산광역시 중구 보수대로 94,부산 중구 보수동 3가 46,온누리상품권,Y,Y
새영주시장,부산광역시 중구 영주1동 20-15번지,부산 중구 영주동 20-15,온누리상품권,N,N
신천지시장,부산광역시 중구 자갈치로 33,부산 중구 남포동 6가 3,온누리상품권,Y,Y
신동아수산물종합시장,부산광역시 중구 자갈치로 42(남포동5가),부산 중구 남포동 5가 92,온누리상품권,Y,Y
부산자갈밭시장,"부산광역시 중구 자갈치로 52, 3층",부산 중구 남포동 107-1 ,온누리상품권,N,N
부평깡통시장,부산광역시 중구 중구로 39번길 32,부산 중구 부평동 2가 68-9,온누리상품권,Y,Y
국제시장,부산광역시 중구 중구로 42,부산 중구 신창동 4가 38,온누리상품권,Y,N
부산데파트,부산광역시 중구 중앙대로 21,부산 중구 동광동 1가 1,온누리상품권,Y,N
가야시장,부산광역시 부산진구 가야동 420-74,부산 부산진구 가야동 3-11,없음,Y,N
개금골목시장,부산광역시 부산진구 개금동 171-115,부산 부산진구 개금동 171-115,온누리상품권,N,N
개금큰시장,부산광역시 부산진구 개금동 615-20,부산 부산진구 개금동 615-20,없음,Y,N
당감시장,부산광역시 부산진구 당감동 238-89,부산 부산진구 당감동 238-89,온누리상품권,Y,N
동평새시장,부산광역시 부산진구 당감동 282-68,부산 진구 당감동 282-68,온누리상품권,N,N
당감새시장,부산광역시 부산진구 당감동 292-118,부산 부산진구 당감동 292-118,온누리상품권,Y,N
국제상가,부산광역시 부산진구 당감동 791,부산 진구 당감동 791,없음,Y,Y
당감골목시장,부산광역시 부산진구 당감로 295-4,부산 부산진구 당감동 295-4,온누리상품권,Y,N
골드테마거리,부산광역시 부산진구 범천1동 836-1,부산 부산진구 범천동 636-1,온누리상품권,Y,N
부산평화시장,부산광역시 부산진구 범천1동 839-52,부산 부산진구 범천동 839-52,온누리상품권,Y,Y
부전상가,부산광역시 부산진구 부전1동 265-25,부산 부산진구 부전동 265-25,온누리상품권,Y,Y
부전농수산물새벽시장,부산광역시 부산진구 부전1동 347-1,부산 부산진구 부전동 347-1,온누리상품권,Y,N
서면종합시장,부산광역시 부산진구 부전1동 347-40,부산 부산진구 부전동 347-40,온누리상품권,Y,Y
부산전자종합시장,부산광역시 부산진구 부전동 29번지,부산 부산진구 부전동 29,온누리상품권,Y,Y
서면시장,부산광역시 부산진구 서면로 56,부산 부산진구 부전동 256-6,온누리상품권,Y,Y
양정시장,부산광역시 부산진구 양정동 390,부산 부산진구 양정동 390,온누리상품권,Y,Y
연지시장,부산광역시 부산진구 연지동 연지로 7-1,부산 부산진구 연지동 179-5,온누리상품권,N,N
서면중앙시장,부산광역시 부산진구 전길동 608-1,부산 부산진구 전포동 608-1,없음,Y,Y
전포놀이터시장,부산광역시 부산진구 전포동 197-6,부산 부산진구 전포동 197-6,온누리상품권,Y,N
부전인삼시장,부산광역시 부산진구 중앙대로 573-26,부산 부산진구 부전동 573-26,온누리상품권,Y,N
부전기장골목시장,부산광역시 부산진구 중앙대로 775번길 21,부산 부산진구 부전동 341-70,온누리상품권,Y,N
부전시장,부산광역시 부산진구 중앙대로 783번길 23,부산 부산진구 부전동 573,온누리상품권,Y,N
초읍시장,부산광역시 부산진구 초읍동 225,부산 부산진구 초읍동 225,온누리상품권,Y,N
창곡종합시장,부산광역시 부산진구 초읍동 271-1,부산 부산진구 초읍동 271-1,없음,Y,Y
성곡종합시장,부산광역시 부산진구 초읍동 271-6,부산 부산진구 초읍동 271-6,없음,Y,N
반송시장,부산광역시 해운대구 반송1동 709-12,부산 해운대구 반송1동 709-12,온누리상품권,Y,Y
반송2동시장,부산광역시 해운대구 반송2동 40-762,부산 해운대구 반송2동 40-762,온누리상품권,Y,Y
반여3동골목시장,부산광역시 해운대구 반여 3동 1607-2,부산 해운대구 반여3동 1607-2,온누리상품권,Y,N
반여2동상가시장,부산광역시 해운대구 반여2동 1291-1425,부산 해운대구 반여2동 1291-1425,온누리상품권,Y,N
반여시장,부산광역시 해운대구 반여2동 1291-918,부산 해운대구 반여2동 1291-918,온누리상품권,Y,N
반송골목시장,부산광역시 해운대구 아랫반송로39번길 18-12,부산 해운대구 반송3동 250-410,온누리상품권,Y,N
우동종합상가시장,부산광역시 해운대구 우2동 1092-16,부산 해운대구 우2동 1092-16,온누리상품권,Y,N
재송시장,부산광역시 해운대구 재송로 60번길 16,부산 해운대구 재송1동 1080-5,온누리상품권,Y,Y
재송한마음시장,부산광역시 해운대구 재승동 1089-18,부산 해운대구 재송동 1089-18번지 일원,온누리상품권,Y,N
좌동재래시장,부산광역시 해운대구 좌동 892,부산 해운대구 좌동 892,온누리상품권,Y,Y
해운대시장,부산광역시 해운대구 중1동 1394-193,부산 해운대구 중1동 1394-193,온누리상품권,N,N
영동전통시장,서울특별시 강남구 논현동 161-5 3층,서울 강남구 논현동 140-44,온누리상품권,Y,Y
논현종합시장,서울특별시 강남구 봉은사로 33길 33,서울 강남구 논현동 227-4,없음,Y,Y
강남시장,서울특별시 강남구 압구정로 2길 46 강남상가,서울 강남구 신사동 510-11,온누리상품권,Y,Y
신사상가,서울특별시 강남구 압구정로29길 72-1,서울 강남구 압구정동 454,온누리상품권,Y,N
청담삼익시장,서울특별시 강남구 청담동 134-20,서울 강남구 청담동 134-20,온누리상품권,Y,Y
고덕전통시장,서울특별시 강동구 고덕2동 210-4,서울 강동구 고덕동 210-3,온누리상품권,Y,N
천호시장,서울특별시 강동구 구면천로 205,서울 강동구 천호동 421-1,온누리상품권,Y,N
고분다리골목시장,서울특별시 강동구 구면천로 32길 47,서울 강동구 천호동 393-33,온누리상품권,N,N
천호신시장,서울특별시 강동구 구천면로 209 (천호동422-2),서울 강동구 천호동 422-2,온누리상품권,Y,N
길동복조리시장,서울특별시 강동구 길동 363-6,서울 강동구 길동 397-3,온누리상품권,N,N
암사종합시장,서울특별시 강동구 상암로 11길 25,서울 강동구 암사동 501-17,온누리상품권,Y,N
명일전통시장,서울특별시 강동구 양재대로 138길 21,서울 강동구 명일동 326-11,온누리상품권,N,N
둔촌역전통시장,서울특별시 강동구 양재대로91길 20 (성내동),서울 강동구 성내3동 428-9,온누리상품권,Y,N
동서울시장,서울특별시 강동구 올림픽로 80길 58,서울 강동구 천호동 421-3,없음,Y,N
성내전통시장,서울특별시 강동구 천호대로 162길,서울 강동구 성내동 144-16,온누리상품권,N,N
우이시장,서울특별시 강북구 노해로23길 68(수유동),서울 강북구 수유동 270-186,없음,Y,N
수유프라자,서울특별시 강북구 도봉로 261,서울 강북구 수유동 63,없음,Y,Y
숭인시장,서울특별시 강북구 도봉로 45,서울 강북구 미아동 60-5,온누리상품권,Y,Y
수유재래시장,서울특별시 강북구 도봉로 71길 26,서울 강북구 수유동 54-6,온누리상품권,Y,Y
번동북부시장,서울특별시 강북구 번1동 413-3,서울 강북구 번동 413-3,온누리상품권,Y,Y
수유북부시장,서울특별시 강북구 삼양로 91길 11-12,서울 강북구 수유동 405-5,없음,Y,Y
동북시장,서울특별시 강북구 솔샘로 233,서울 강북구 미아동 701-3,없음,Y,Y
수유중앙시장,서울특별시 강북구 수유 3동 32-2,서울 강북구 수유동 32-2,온누리상품권,Y,N
수유시장,서울특별시 강북구 수유동 54-5,서울 강북구 수유동 54-5,온누리상품권,Y,Y
"수유전통시장(구,수유골목시장)",서울특별시 강북구 수유동 54-5,서울 강북구 수유동 54-5,온누리상품권,N,Y
강북종합전통시장,서울특별시 강북구 한천로 140길 12-43,서울 강북구 수유동 177,온누리상품권,N,N
까치산시장,서울특별시 강서구 강서로 12길 14(화곡8동 342-16),서울 강서구 화곡 342,온누리상품권,Y,Y
신월중앙시장,서울특별시 강서구 강서로54길 109,서울 강서구 화곡 929,없음,Y,Y
남부골목시장,서울특별시 강서구 등촌로 5길 62-4,서울 강서구 화곡 801,온누리상품권,Y,Y
방신재래시장,서울특별시 강서구 방화동로 16길 32,서울 강서구 방화 567,온누리상품권,Y,Y
공항시장,서울특별시 강서구 방화동로 3가길 10,서울 강서구 방화동 620-17,없음,Y,N
화곡중앙골목시장,서울특별시 강서구 월정로 30길 66,서울 강서구 화곡 370,온누리상품권,Y,N
화곡중앙시장,서울특별시 강서구 월정로30길 69 ,서울 강서구 화곡 370,온누리상품권,Y,N
남부화곡시장,서울특별시 강서구 화곡4동 830-1,서울 강서구 화곡 830,온누리상품권,Y,Y
화곡본동시장,서울특별시 강서구 화곡동 98-252,서울 강서구 화곡 98,온누리상품권,N,N
등마루시장,서울특별시 강서구 화곡로 68길 120,서울 강서구 등촌동 637-10,없음,Y,Y
대원종합시장,서울특별시 강서구 화곡로21길 78,서울 강서구 화곡 1023,온누리상품권,Y,Y
우림시장,서울특별시 관악구 난곡로 26길 4,서울 관악구 신림(난곡)동 637-1,온누리상품권,Y,N
펭귄시장,서울특별시 관악구 남부순환로 143 나길 7 (신림동),서울 관악구 신림(조원)동 541-6,온누리상품권,N,N
신림종합시장,서울특별시 관악구 남부순환로 157길 63,서울 관악구 신림(신사)동 505-1,온누리상품권,Y,N
봉천중앙시장,서울특별시 관악구 봉천10동 32-2,서울 관악구 봉천(중앙)동 32-2,온누리상품권,Y,Y
신림현대종합상가,서울특별시 관악구 신림로29길 8,서울 관악구 신림(청림)동 1694,없음,Y,Y
관악신사시장,서울특별시 관악구 신사동 494-43로,서울 관악구 신림(신사)동 494-7,온누리상품권,Y,N
관악종합시장,서울특별시 관악구 신원로 23,서울 관악구 신림(신원)동 1602-1,온누리상품권,Y,N
신원시장,서울특별시 관악구 신원로3길 20-3,서울 관악구 신림(신원)동 1599-3,온누리상품권,Y,Y
봉천현대시장,서울특별시 관악구 양녕로 49,서울 관악구 봉천(은천)동 502-4,온누리상품권,Y,Y
신신림시장,서울특별시 관악구 원신2길 34,서울 관악구 신림동 390-1,온누리상품권,Y,N
봉일시장,서울특별시 관악구 은천로 28,서울 관악구 봉천(은헌)동 951-25,없음,Y,Y
인헌시장,서울특별시 관악구 인헌6길 16,서울 관악구 봉천(인헌)동 1638-22,온누리상품권,Y,Y
봉천제일종합시장,서울특별시 관악구 청룡2길 29,서울 관악구 봉천(청룡)동 921-1 ,온누리상품권,Y,N
중곡제일골목시장,서울특별시 광진구 긴고랑로 11길 14,서울 광진구 중곡동 221-6 ,온누리상품권,Y,N
광성시장,서울특별시 광진구 능동로 47길 (중곡동) 광성합동(주)소속,서울 광진구 중곡동 229-15 ,온누리상품권,Y,N
영동교골목시장,서울특별시 광진구 동일로 10길 30,서울 광진구 자양동 246-111,온누리상품권,Y,N
노룬산골목시장(인정시장),서울특별시 광진구 뚝섬길 25길 6,서울 광진구 자양동 553-60,온누리상품권,Y,N
조양시장(건물형),서울특별시 광진구 아차산로 30길 39,서울 광진구 자양동 6-20,온누리상품권,Y,N
신성시장,서울특별시 광진구 용마산로 50(중곡동),서울 광진구 중곡동 79-13,없음,Y,N
노룬산시장(건물형),서울특별시 광진구 자양 4동 44-2,서울 광진구 자양동 44-2,온누리상품권,Y,N
자양골목시장,서울특별시 광진구 자양로 13길 59,서울 광진구 자양동 631-18,온누리상품권,Y,Y
자양종합시장,서울특별시 광진구 자양번영로6길 20,서울 광진구 자양동 602,없음,Y,Y
화양제일골목시장,서울특별시 광진구 화양동 34-72,서울 광진구 화양동 34-72 ,온누리상품권,N,N
개봉중앙시장,서울특별시 구로구 개봉로17길 34(개봉동),서울 구로구 개봉동 324-1 ,온누리상품권,Y,N
개봉프라자,서울특별시 구로구 고척동 269-1,서울 구로구 고척동 269-1 ,온누리상품권,Y,Y
구로시장,서울특별시 구로구 구로동로 22길 20-27,서울 구로구 구로동 736-1 ,온누리상품권,Y,N
"남구로시장(구,구로자율시장)",서울특별시 구로구 구로동로 26길 58,서울 구로구 구로동 730-27 ,온누리상품권,Y,N
가리봉시장,서울특별시 구로구 우마3길 15,서울 구로구 가리봉동 123-62,온누리상품권,N,N
은행나무시장,서울특별시 금천구 금화로 25길 19,서울 금천구 시흥동 828-40번지 일대 ,온누리상품권,N,N
현대시장,서울특별시 금천구 독산로 27길 52,서울 금천구 시흥동 856~888일대 ,온누리상품권,Y,Y
남문시장,서울특별시 금천구 시흥대로 144길 17,서울 금천구 독산3동 984-10,온누리상품권,Y,Y
공릉동도깨비시장,서울특별시 노원구 동일로 180길 37,서울 노원구 공릉동 566-20 ,온누리상품권,N,Y
상계중앙시장,서울특별시 노원구 상계로 27길 32,서울 노원구 상계동 389-641 ,온누리상품권,N,N
창동신창시장,서울특별시 도봉구 덕흥로 57길 17,서울 도봉구 창동 578-44 일대 ,온누리상품권,N,Y
방학동도깨비시장,서울특별시 도봉구 도담로 13길 17,서울 도봉구 방학동 632 일대 ,온누리상품권,Y,N
신도봉시장,서울특별시 도봉구 도봉동 611,서울 도봉구 도봉동 611 ,온누리상품권,Y,Y
창동골목시장,서울특별시 도봉구 창3동 569-85,서울 도봉구 창동 557-45 일대 ,온누리상품권,N,N
청량리종합시장,서울특별시 동대문구 고산자로 36길 30,서울 동대문구 제기동 998 ,온누리상품권,N,N
답십리시장,서울특별시 동대문구 답십리로 51길 7,서울 동대문구 답십리동 66-38 ,온누리상품권,N,N
청량리청과물시장,서울특별시 동대문구 왕산로 33길 6,서울 동대문구 제기동 635-35 ,온누리상품권,Y,Y
경동시장,서울특별시 동대문구 왕산로147,서울 동대문구 제기동 1018 ,온누리상품권,Y,Y
청량리수산시장,서울특별시 동대문구 용두동 20-47,서울 동대문구 용두동 20-47 ,온누리상품권,N,N
용두시장,서울특별시 동대문구 용두동 231-5,서울 동대문구 용두동 231-5 ,없음,Y,N
이문제일시장,서울특별시 동대문구 이문로200 (이문동),서울 동대문구 이문동 250-1,없음,Y,Y
전농로터리시장,서울특별시 동대문구 전농로 15길 7,서울 동대문구 전농동 295-52 ,온누리상품권,Y,N
답십리현대시장,서울특별시 동대문구 전농로 4길 49,서울 동대문구 답십리동 14-11 ,온누리상품권,Y,Y
청량종합도매시장(구깡통시장),서울특별시 동대문구 제기동 591,서울 동대문구 제기동 838 ,온누리상품권,N,Y
동서시장,서울특별시 동대문구 제기동 648번지,서울 동대문구 제기동 650 ,없음,Y,N
서울약령시장,서울특별시 동대문구 제기동 965-1,서울 동대문구 제기동 965-1 ,온누리상품권,Y,Y
경동광성상가,서울특별시 동대문구 제기동 976,서울 동대문구 제기동 849 ,온누리상품권,Y,N
동부시장,서울특별시 동대문구 천호 대로 281,서울 동대문구 답십리동 495-1 ,없음,Y,Y
청량리전통시장,서울특별시 동대문구 청량리동 777,서울 동대문구 청량리동 777 ,온누리상품권,N,N
전곡시장,서울특별시 동대문구 한천로 190,서울 동대문구 장안동 108-5 ,온누리상품권,Y,Y
회기시장,서울특별시 동대문구 회기로25길 11 ,서울 동대문구 회기동 348-2 ,온누리상품권,Y,N
이경시장,서울특별시 동대문구 휘경로53(휘경동),서울 동대문구 휘경동 151-3 ,온누리상품권,Y,Y
본동인정시장,서울특별시 동작구 매봉로 177,서울 동작구 본동 187 ,없음,N,N
남성시장,서울특별시 동작구 사당로 16가길 13일대,서울 동작구 사당동 86-9,온누리상품권,N,N
남성역골목시장,서울특별시 동작구 사당로 16가길 19,서울 동작구 사당동 267-4,온누리상품권,N,N
사당시장,서울특별시 동작구 사당로 244,서울 동작구 사당4동 318-8 ,없음,Y,Y
영도시장,서울특별시 동작구 상도2동 장승배기로 10길 26,서울 동작구 상도동 176 ,온누리상품권,Y,Y
성대시장,서울특별시 동작구 상도로 102,서울 동작구 상도3동 324-1 ,온누리상품권,Y,Y
성대전통시장,서울특별시 동작구 상도로 102,서울 동작구 상도동 324-1,온누리상품권,N,N
강남시장,서울특별시 동작구 상도로 357 아파트,서울 동작구 상도동 488 ,없음,Y,N
상도전통시장,서울특별시 동작구 상도로 37길 64,서울 동작구 상도동 467-5,온누리상품권,N,N
마포시장,서울특별시 마포구 공덕동 256-5,서울 마포구 공덕동 256-5번지 ,온누리상품권,Y,N
영진시장,서울특별시 마포구 동교로 12길 21,서울 마포구 서교동 485-14,없음,Y,N
공덕시장,서울특별시 마포구 만리재로 19(공덕동),서울 마포구 공덕동 256-10번지 ,온누리상품권,Y,N
망원동월드컵시장,서울특별시 마포구 망원동 424-7,서울 마포구 망원2동 423일대 ,온누리상품권,N,N
망원시장,서울특별시 마포구 망원로 8길 7,서울 마포구 망원1동 414-4일대 ,온누리상품권,N,Y
서교시장,서울특별시 마포구 서교동 357-1,서울 마포구 서교동 357-1번지 ,온누리상품권,Y,Y
동진시장,서울특별시 마포구 성미산로198(연남동),서울 마포구 연남동 227-15번지 ,없음,Y,N
마포농수산물시장,서울특별시 마포구 성산동 533-1,서울 마포구 성산2동 533-1 ,온누리상품권,Y,Y
아현시장,서울특별시 마포구 아현동 굴레방로 7길 8,서울 마포구 아현동 327일대 ,온누리상품권,Y,N
합정시장,서울특별시 마포구 양화진길5,서울 마포구 합정동 375-1,없음,Y,N
백련시장,서울특별시 서대문구 가재울로 6길 53-87(남가좌동),서울 서대문구 남가좌동 345-4번지 ,온누리상품권,Y,Y
모래내시장,서울특별시 서대문구 수색로 2길 45,서울 서대문구 남가좌동 293-40,온누리상품권,Y,N
서중시장,서울특별시 서대문구 수색로 2길 47,서울 서대문구 남가좌동 286-35,온누리상품권,N,N
연희사러가,서울특별시 서대문구 연희맛로 23,서울 서대문구 연희동 131-1번지 ,온누리상품권,Y,Y
영천시장,서울특별시 서대문구 영천시장길 27,서울 서대문구 영천동 294외 ,온누리상품권,Y,N
유진상가,서울특별시 서대문구 통일로 484,서울 서대문구 홍은동 48-84번지 ,없음,Y,Y
포방터시장,서울특별시 서대문구 포방터길 44,서울 서대문구 홍은동 9-160 ,온누리상품권,Y,N
인왕시장,서울특별시 서대문구 홍제3동 298-7,서울 서대문구 홍제동 298번지 ,온누리상품권,Y,Y
남부종합시장,서울특별시 서초구 방배동 767-1,서울 서초구 방배본동 767-1 ,없음,Y,Y
양재시장,서울특별시 서초구 양재동 1-7,서울 서초구 양재1동 1-8 ,없음,Y,N
금남시장,서울특별시 성동구 금호동3가 326,서울 성동구 금호3가 326 ,온누리상품권,Y,N
뚝도시장,서울특별시 성동구 뚝섬로 396,서울 성동구 성수2가 335 ,온누리상품권,Y,N
마장축산물시장,서울특별시 성동구 마장동 31길 40,서울 성동구 마장동 510-3 ,온누리상품권,Y,N
성동용답상가시장,서울특별시 성동구 용답 19길 15-1,서울 성동구 용답동 49-5,온누리상품권,N,N
길음시장,서울특별시 성북구 길음1동 535-8,서울 성북구 길음동 535-8,온누리상품권,Y,N
석관황금시장,서울특별시 성북구 돌곶이로 22길 54-16,서울 성북구 석관동 279,온누리상품권,N,N
돈암시장,서울특별시 성북구 동소문로 18길 18,서울 성북구 동소문5가 59-21,온누리상품권,Y,N
석관시장,서울특별시 성북구 석관동 270-1,서울 성북구 석관동 270-1,온누리상품권,Y,Y
동소문스카이상가,서울특별시 성북구 성북로 4길 52,서울 성북구 돈암동 609-1 ,없음,Y,Y
장위전통시장,서울특별시 성북구 장위동 68-88,서울 성북구 장위동 68-225,온누리상품권,N,N
장위시장,서울특별시 성북구 장위로126 장위쇼핑,서울 성북구 장위동 238-496,없음,Y,Y
정릉시장,서울특별시 성북구 정릉동 400-15,서울 성북구 정릉동 400-15,온누리상품권,Y,Y
정릉아리랑시장,서울특별시 성북구 정릉로 26가길,서울 성북구 정릉동 142-4,온누리상품권,N,N
마천시장,서울특별시 송파구 마천동 140-23,서울 송파구 마천동 140-2 ,온누리상품권,Y,N
마천중앙시장,서울특별시 송파구 마천로 51가길 23,서울 송파구 마천동 129-3~153-5 ,온누리상품권,Y,Y
방이시장,서울특별시 송파구 방이동 124-20,서울 송파구 방이동 110-5~149-20 ,온누리상품권,Y,Y
석촌시장,서울특별시 송파구 송파대로 37길 40,서울 송파구 석촌동 254-1~297-42 ,온누리상품권,Y,N
새마을시장,서울특별시 송파구 잠실동 207-4,서울 송파구 잠실동 205-23~213  ,온누리상품권,Y,N
풍납시장,서울특별시 송파구 풍납동 142-1,서울 송파구 풍납동 78-2~484-23 ,온누리상품권,Y,Y
신영시장,서울특별시 양천구 곰달래길 13길 41,서울 양천구 신월1동 113,온누리상품권,Y,Y
목4동시장,서울특별시 양천구 목동 중앙남로 7길 8(목동 726-18),서울 양천구 목4동 738-1,온누리상품권,Y,N
목2동시장,서울특별시 양천구 목동 중앙북로 16길 3(목동),서울 양천구 목2동 526 ,없음,N,N
목3동시장,서울특별시 양천구 목동 중앙북로 6길 (목동),서울 양천구 목3동 610-19,온누리상품권,Y,N
신곡종합시장,서울특별시 양천구 신월동 575-17,서울 양천구 신월6동 575-17,온누리상품권,Y,Y
경창시장,서울특별시 양천구 오목로 9길 31(신월동),서울 양천구 신월2동 447-8,온누리상품권,Y,N
월정로시장,서울특별시 양천구 월정로 29길 3(신월동),서울 양천구 신월1동 114-1,없음,N,N
우성상가시장,서울특별시 양천구 자양로 78(신월동),서울 양천구 신월7동 928-1,온누리상품권,Y,Y
신정제일시장,서울특별시 양천구 중앙로 34길 30,서울 양천구 신정동 1030-6,온누리상품권,Y,N
영등포유통상가,서울특별시 영등포구 당산동 2가 30-2,서울 영등포구 당산동2가 30-2,온누리상품권,Y,Y
도림시장,서울특별시 영등포구 도림동 176,서울 영등포구 도영로 50,온누리상품권,N,Y
대신시장,서울특별시 영등포구 도신로 60길 7,서울 영등포구 신길동 116-15,온누리상품권,Y,N
대림중앙시장,서울특별시 영등포구 디지털로 49길 13-1,서울 영등포구 대림동 1075-47,온누리상품권,Y,N
영일시장,서울특별시 영등포구 문래 3가 10번지,서울 영등포구 문래동3가 10,온누리상품권,Y,Y
양남시장,서울특별시 영등포구 선유로 24길 4,서울 영등포구 양평동 1가 28-14,온누리상품권,N,N
사러가시장,서울특별시 영등포구 신길로 155,서울 영등포구 신길동 254-1,온누리상품권,Y,Y
영등포기계상가,서울특별시 영등포구 영등포고 39,서울 영등포구 양평동1가 247,없음,Y,Y
삼구시장,서울특별시 영등포구 영등포로 219,서울 영등포구 영등포등5가 19,온누리상품권,Y,N
영신상가,서울특별시 영등포구 영등포로 225,서울 영등포구 영등포동5가 18,온누리상품권,Y,N
동남상가,서울특별시 영등포구 영등포로 37길 4,서울 영등포구 영등포동5가 24,없음,Y,N
보광시장,서울특별시 용산구 보광로30 (보광동) 지층,서울 용산구 보광동 260-8번지,온누리상품권,Y,Y
이촌종합시장,서울특별시 용산구 이촌로 77길 19,서울 용산구 이촌동 301-154번지,온누리상품권,Y,Y
이태원시장,서울특별시 용산구 이태원로 14길 6,서울 용산구 이태원동 56-9번지,없음,Y,N
후암시장,서울특별시 용산구 한강대로 104길 77,서울 용산구 후암동 103번지,온누리상품권,Y,Y
만리시장,서울특별시 용산구 효창원로 260-1,서울 용산구 서계동 260-1번지,온누리상품권,Y,N
용문종합시장,서울특별시 용산구 효창원로 40길 13,서울 용산구 용문동 41-17 ,온누리상품권,N,N
용문시장,서울특별시 용산구 효창원로 42길,서울 용산구 용문동 42번지,온누리상품권,Y,N
연서시장,서울특별시 은평구 불광동 310-263,서울 은평구 불광동 310-131,온누리상품권,Y,N
역촌중앙시장,서울특별시 은평구 연서로 17길 18-6,서울 은평구 갈현동 467-1번지,온누리상품권,Y,N
녹번시장,서울특별시 은평구 은평로 204-4(응암동),서울 은평구 응암동 74-7번지,없음,Y,Y
대림시장,서울특별시 은평구 응암동 300-10 ,서울 은평구 응암동 754-1번지,온누리상품권,Y,N
신응암시장,서울특별시 은평구 응암동 427-130,서울 은평구 응암동 427번지-113~130,온누리상품권,N,Y
대림골목시장,서울특별시 은평구 응암동 602,"서울 은평구 응암동 602-1~31,750-1~695-22",온누리상품권,N,N
증산종합시장,서울특별시 은평구 증산동 184-9,서울 은평구 증산동 184-9번지,없음,Y,N
대조시장,서울특별시 은평구 진흥로 153,"서울 은평구 대조동 12,26번지",온누리상품권,Y,Y
제일시장,서울특별시 은평구 통일로731 (대조동),"서울 은평구 대조동 14-1,21번지",없음,Y,N
동대문종합시장,서울특별시 종로구 226,서울 종로구 종로6가  289-42,없음,Y,Y
신설종합시장,서울특별시 종로구 난경로 27길 51,서울 종로구 숭인동 206-9,없음,Y,N
통인시장,서울특별시 종로구 자하문로 15길 18,서울 종로구 통인동 46-30,온누리상품권,Y,N
동대문종합시장D동상가,서울특별시 종로구 종로 6가동 270-3,서울 종로구 종로6가  270-3,온누리상품권,Y,N
종로신진시장,서울특별시 종로구 종로5가 38길 16,서울 종로구 종로5가 225-21,온누리상품권,Y,N
광장시장,서울특별시 종로구 창경궁로 88,서울 종로구 예지동 6-1,온누리상품권,Y,N
동문시장㈜,서울특별시 종로구 창신동 437,서울 종로구 창신동 437,없음,Y,N
한일상가,서울특별시 종로구 청계천로 229,서울 종로구 종로5가 314-7,온누리상품권,Y,Y
삼익패션타운,서울특별시 중구 남대문 시장 8길 7,서울 중구 남창동 5번지,온누리상품권,Y,Y
자유상가,서울특별시 중구 남대문로 36,서울 중구 회현동1가 202,없음,Y,N
서울남대문시장,서울특별시 중구 남대문시장 4길 21,서울 중구 남창동 49번지,온누리상품권,Y,N
숭례문수입상가,서울특별시 중구 남창동 51-1,서울 중구 남창동 51-1번지,없음,Y,Y
신중부시장,서울특별시 중구 동호로 33길 24,서울 중구 오장동 44-12,온누리상품권,N,N
방산종합시장,서울특별시 중구 동호로 37-20 상가관리사무소,서울 중구 주교동 19-1번지,없음,Y,Y
약수시장,서울특별시 중구 동호로7길 31,서울 중구 신당동 372-4,온누리상품권,Y,N
에리어식스(현.벨포스트),서울특별시 중구 마장로 19,서울 중구 신당동 776번지,없음,Y,Y
광희패션몰,서울특별시 중구 마장로 1길 21,서울 중구 신당동 777번지,온누리상품권,Y,Y
제일평화시장,서울특별시 중구 마장로 청계6 13,서울 중구 신당동 775,없음,Y,Y
테크노상가,서울특별시 중구 신당동 213-51,서울 중구 신당동 213-51,온누리상품권,Y,Y
신평화패션타운,서울특별시 중구 신당동 217,서울 중구 신당동 217-11,온누리상품권,Y,N
동평화패션타운,서울특별시 중구 신당동 217-92,"서울 중구 신당동 217-92, 95~97",온누리상품권,Y,N
중부시장,서울특별시 중구 오장동,서울 중구 오장동 139-11번지,온누리상품권,Y,N
대림상가,서울특별시 중구 을지4가 157,서울 중구 을지로4가 9-6 ,없음,Y,N
남평화시장,서울특별시 중구 장춘단로 282-10,서울 중구 신당동 772번지,없음,Y,N
동화상가,서울특별시 중구 장충단로 13길 34,서울 중구 을지로6가 17-415번지,온누리상품권,Y,Y
통일상가,서울특별시 중구 청계천로 274,서울 중구 을지로6가 17번지,온누리상품권,Y,N
평화시장,서울특별시 중구 청계천로 274,서울 중구 을지로6가 17번지,온누리상품권,Y,N
청평화시장,서울특별시 중구 청계천로 334,서울 중구 신당동 217-91번지,없음,Y,N
서울중앙시장,서울특별시 중구 퇴계로 85길 36(황학동),서울 중구 황학동 409번지,온누리상품권,Y,N
중랑교종합상가,서울특별시 중랑교 망우로 32길 23,서울 중랑구 상봉동 129-9,온누리상품권,Y,Y
우림골목시장,서울특별시 중랑구 망우동 62길 52-4,서울 중랑구 망우동 463-44,온누리상품권,Y,Y
면목골목시장,서울특별시 중랑구 면목7동 660-15,서울 중랑구 면목동 352-1,온누리상품권,Y,N
면목시장,서울특별시 중랑구 면목로 39길 11 카멜리아 쇼핑,서울 중랑구 면목동 650,온누리상품권,Y,Y
사가정시장,서울특별시 중랑구 면목로 48길 8,서울 중랑구 면목동 472-45,온누리상품권,N,N
동원시장,서울특별시 중랑구 면목로 74길 45 동원시장,서울 중랑구 면목동 101-1,온누리상품권,Y,N
신아타운,서울특별시 중랑구 봉화산로 194,서울 중랑구 신내동 666 ,없음,Y,Y
동성타워프라자,서울특별시 중랑구 봉화산로 221,서울 중랑구 신내동 786,없음,Y,Y
동부골목시장,서울특별시 중랑구 상봉동 130-161,서울 중랑구 상봉동 130-157,온누리상품권,N,N
동원골목시장,서울특별시 중랑구 상봉로 49,서울 중랑구 면목동 74-1외 64필지,온누리상품권,N,N
태능엔터피아,서울특별시 중랑구 중화동 314-1,서울 중랑구 중화동 314-1,없음,Y,Y
금남대평시장,세종특별시 금남면 대평시장 1길 205-42,세종 세종시 금남면 용포리 205-42번지 ,온누리상품권,Y,Y
부강전통시장,세종특별시 부강면 부강5길 18,세종 세종시 부용면 부강리 ,온누리상품권,Y,Y
전의전통시장,세종특별시 전의면 운주산로 1185,세종 세종시 전의면 장터길 27 ~ 33 외 2필지  ,온누리상품권,Y,Y
세종전통시장,세종특별시 조치원읍 정리 19-1,"세종 세종시 조치원읍 원리 7-1, 정리 86-1 ",온누리상품권,Y,Y
(주)야음시장,울산광역시 남구 815-22,울산 남구 야음동 815-22번지 ,온누리상품권,Y,Y
울산산업공구월드,울산광역시 남구 삼산동 1591-4,울산 남구 삼산동 1591-4번지 ,온누리상품권,Y,N
수암상가시장,울산광역시 남구 수암로 128번기 ㄹ12,울산 남구 야음동 697-9번지 ,온누리상품권,Y,N
울산번개시장,울산광역시 남구 신선로 184번길 46-1,울산 남구 야음동 375-55번지 ,온누리상품권,Y,N
신정평화시장,울산광역시 남구 신정동 1600-3,울산 남구 신정동 1600-3번지 ,온누리상품권,Y,Y
신정상가시장,울산광역시 남구 신정동 634-10,울산 남구 신정동 634-10번지 ,온누리상품권,Y,N
수암종합시장,울산광역시 남구 야음동 698-1,울산 남구 야음동 698-1번지 ,온누리상품권,Y,N
야음상가시장,울산광역시 남구 야음동 815-10,울산 남구 야음동 815-10번지 ,온누리상품권,Y,N
(주)신정시장,울산광역시 남구 월평로 47번길 7,울산 남구 신정동 630-1번지 ,온누리상품권,Y,N
동부시장,울산광역시 동구 동부동 310-15,울산 동구 동부동 310-15번지 ,온누리상품권,Y,N
남목시장,울산광역시 동구 동부동 316-2,울산 동구 동부동 310-2번지 ,온누리상품권,Y,N
남목시티시장,울산광역시 동구 동북동 303-3,울산 동구 동부동 303-3외 1필지 ,온누리상품권,Y,Y
동울산종합시장,울산광역시 동구 진성14길 77,울산 동구 전하동 661-1번지 ,온누리상품권,Y,Y
대송농수산물시장,울산광역시 동구 화정동 171-4,울산 동구 화정동 171-4번지 ,온누리상품권,Y,N
월봉시장,울산광역시 동구 화정동 640-17,울산 동구 화정동 640-17번지 ,온누리상품권,Y,N
호계공설시장,울산광역시 북구 호계3길 17-11,울산 북구 호계동 869-1번지 ,온누리상품권,Y,N
덕신2차시장,울산광역시 울주군 덕신리 429,울산 울주군 온산읍 덕신리 429 ,온누리상품권,Y,Y
봉계공설시장,울산광역시 울주군 두동면 봉계리525,울산 울주군 두동면 봉계리 525 ,온누리상품권,Y,Y
언양종합상가시장,울산광역시 울주군 언양읍 남부리 124-2,울산 울주군 언양읍 남부리 124-2번지 ,온누리상품권,Y,N
언양공설시장,울산광역시 울주군 언양읍 남부리 336-20,울산 울주군 언양읍 남부리 336-20외 ,없음,Y,N
덕신1차시장,울산광역시 울주군 온산읍 온덕1길 25,울산 울주군 온산읍 덕신리 1280-21 ,온누리상품권,Y,N
남창옹기종기시장,울산광역시 울주군 온양읍 남창리 146,울산 울주군 온양읍 남창리 146 ,없음,Y,Y
곡천공설시장,울산광역시 울주군 웅촌면 곡천리 320-2,울산 울주군 웅촌면 곡천리 320-2번지,없음,Y,Y
덕하시장(덕하공설시장),울산광역시 울주군 청량면 덕마리 578,울산 울주군 청량면 덕하리 578 ,온누리상품권,Y,N
울산시장,울산광역시 중구 구교로 35,울산 중구 학산동 47-10 ,온누리상품권,Y,Y
병영시장,울산광역시 중구 남외동 257-1,울산 중구 남외동 257-1 ,온누리상품권,Y,N
선우시장,울산광역시 중구 남외동 385-3,울산 중구 남외동 385-3 ,온누리상품권,Y,N
반구시장,울산광역시 중구 반구동,울산 중구 반구동 453-39 ,온누리상품권,Y,N
신울산종합시장,울산광역시 중구 반구동 100-1,울산 중구 반구동 100-1 ,온누리상품권,Y,Y
학성종합시장,울산광역시 중구 새치로 28,울산 중구 학성동 467-1,없음,Y,N
서동시장,울산광역시 중구 서동 143-5,울산 중구 서동 39-4 ,온누리상품권,Y,N
성남프라자,울산광역시 중구 성남동 190-239,울산 중구 성남동 190-239 ,온누리상품권,Y,Y
우정시장,울산광역시 중구 우정동 285-1,울산 중구 우정동 285-1 ,온누리상품권,Y,N
중앙전통시장,울산광역시 중구 중앙시장길,울산 중구 옥교동 96-4 ,온누리상품권,Y,N
옥골시장,울산광역시 중구 중앙시장길 17-7,울산 중구 옥교동 127-15 ,온누리상품권,Y,N
학성새벽시장,울산광역시 중구 학성동 359-2,울산 중구 학성동 359-2 ,온누리상품권,Y,Y
구역전시장,울산광역시 중구 학성동 434-7,울산 중구 학성동 434-7 ,온누리상품권,Y,Y
구역전전통시장,울산광역시 중구 학성동 435-5,울산 중구 학성동 435-5 ,온누리상품권,Y,N
역전시장,울산광역시 중구 학성동 436-20,울산 중구 학성동 436-20 ,온누리상품권,Y,Y
태화종합시장,울산광역시 중구 화진 4길 20,울산 중구 태화동 23-7 ,온누리상품권,Y,Y
강화중앙시장(a동b동),인천광역시 강화군 강화읍 강화대로 429,인천 강화군 강화읍 강화대로 429 ,온누리상품권,Y,Y
강화풍물시장,인천광역시 강화군 강화읍 중앙로 17-9,인천 강화군 강화읍 중앙로 17-9 ,온누리상품권,Y,Y
강화터미널상가,인천광역시 강화군 강화읍 중앙로 43,인천 강화군 강화읍 중앙로43 ,온누리상품권,Y,Y
계산시장,인천광역시 계양구 계산동 960-27,인천 계양구 계산동 960-26 ,온누리상품권,Y,Y
병방시장,인천광역시 계양구 병방동 계양3로 215번길 8번 지하1호,인천 계양구 병방동 392 ,온누리상품권,Y,N
작전시장,인천광역시 계양구 작전시장로 16,인천 계양구 작전동 862 ,온누리상품권,N,N
석바위시장,인천광역시 남구 경원대로 지하 848,인천 남구 주안동 952-1 ,온누리상품권,Y,N
토지금고시장,인천광역시 남구 낙섬중로 32번길 21,인천 남구 용현동 617-99 ,온누리상품권,Y,Y
제일시장,인천광역시 남구 도화동 458,인천 남구 도화동 429-38 ,없음,Y,N
인천용현시장,인천광역시 남구 용삼길 13,인천 남구 용현동 492-86 ,온누리상품권,Y,Y
신기시장,인천광역시 남구 인하로 262번길 34,인천 남구 주안동 1341번지 일원 ,온누리상품권,Y,Y
인천남부종합시장,인천광역시 남구 인하로 274-30,인천 남구 주안동 1315 ,온누리상품권,Y,Y
숭의평화시장,인천광역시 남구 참외전로 309,인천 남구 숭의동 124-38 ,없음,Y,N
학익시장,인천광역시 남구 한나루로 400,인천 남구 학익동 270-3 ,온누리상품권,Y,N
인천용남시장,인천광역시 남구 한나루로 501번길 21,인천 남구 용현동 4-2 ,온누리상품권,N,N
간석자유시장,인천광역시 남동구 간석동 41번지,인천 남동구 간석3동 41 ,온누리상품권,Y,N
구월도매시장,인천광역시 남동구 구월동 1175-15 3층,인천 남동구 구월동 1175-15,온누리상품권,N,Y
만수시장,인천광역시 남동구 만수로 27번길 10-1,인천 남동구 만수2동 868-4,온누리상품권,Y,N
장승백이시장,인천광역시 남동구 인주대로 888번길 27,인천 남동구 만수6동 1082-6,온누리상품권,Y,Y
구월시장,인천광역시 남동구 호구포도 790번길 21-13,인천 남동구 구월4동 1265,온누리상품권,Y,Y
인천모래내전통시장,인천광역시 남동구 호구포로 800번길 28,인천 남동구 구월4동 1264,온누리상품권,Y,Y
송현시장,인천광역시 동구 금송로 65-2,인천 동구 송현동 90,온누리상품권,Y,Y
인천산업유통사업협동조합,인천광역시 동구 방축로 83번길 23,인천 동구 송림4동 294,온누리상품권,Y,Y
송림공구상가,인천광역시 동구 봉수대로 98,인천 동구 송림동 296,없음,Y,Y
현대시장,인천광역시 동구 샛골로 1627-8,인천 동구 송림동 50,온누리상품권,Y,Y
동부시장,인천광역시 동구 샛골로 162번길,인천 동구 송림동 50,온누리상품권,Y,Y
중앙시장,인천광역시 동구 중앙로 23,인천 동구 금곡동 1-2외 12,없음,N,N
송현자유시장,인천광역시 동구 화도진로 43번길 9,인천 동구 송현동 100,없음,Y,N
부일종합시장,인천광역시 부평구 경인로 1118번길 18,인천 부평구 일신동 107,온누리상품권,Y,N
부평자유시장,인천광역시 부평구 대정로 50,인천 부평구 부평동 210-2,온누리상품권,Y,N
부평문화의거리,인천광역시 부평구 문화로 78,인천 부평구 부평문화로 201-43,온누리상품권,Y,N
십정종합시장,인천광역시 부평구 배곶남로 21번길 18,인천 부평구 십정동 321-1,온누리상품권,Y,N
진흥종합시장,인천광역시 부평구 부흥로 304번길 27,인천 부평구 부평4동 252-52,온누리상품권,Y,N
부평깡시장,인천광역시 부평구 시장로 79번길 36-3,인천 부평구 부평4동 252-3,온누리상품권,Y,Y
부평종합시장,인천광역시 부평구 주부토로 22번길,인천 부평구 부평4동 360-1,온누리상품권,Y,N
거북시장,인천광역시 서구 가정로 208,인천 서구 석남동 548,없음,N,N
신거북시장,인천광역시 서구 가정로 208,인천 서구 석남동 540-15,온누리상품권,Y,Y
가좌시장,인천광역시 서구 가좌로 96번길 35,인천 서구 가좌동 30-40,온누리상품권,Y,N
인천축산물시장,인천광역시 서구 가좌로 96번길 35(인 우상가 203),인천 서구 가좌동 480-19,온누리상품권,Y,N
강남시장,인천광역시 서구 강남로 14,인천 서구 석남동 454-19,온누리상품권,N,Y
정서진 중앙시장,인천광역시 서구 석곶로 8번길 7-10,인천 서구 가정동 505,온누리상품권,Y,N
연수구옥련시장,인천광역시 연수구 옥련동 462-32,인천 연수구 옥련동 462-32,온누리상품권,N,N
연수송도역전시장,인천광역시 연수구 한나루로 196번길,인천 연수구 옥련동 308-21,없음,Y,N
신흥시장,인천광역시 중구 서해대로 464번길 10,인천 중구 선화동 30,온누리상품권,Y,Y
인천종합어시장,인천광역시 중구 연안부두로 33번길 37,인천 중구 항동7가 27-69,온누리상품권,Y,Y
신포시장,인천광역시 중구 우현로 45번길 25-1,인천 중구 신포동 3-2,온누리상품권,Y,Y
강진읍시장,전라남도 강진군 강진읍 시장길 19,전남 강진군 강진읍 시장길 19,온누리상품권,Y,Y
마량5일시장,전라남도 강진군 마량면 마량5길 11,전남 강진군 마량면 마량5길 11,없음,Y,N
병영5일시장,전라남도 강진군 병영면 남산인길 6,전남 강진군 병영면 남산인길 6,온누리상품권,Y,Y
고흥전통시장,전라남도 고흥군 고흥읍 시장길 1,전남 고흥군 고흥읍 남계리 628번지,온누리상품권,Y,Y
과역전통시장,전라남도 고흥군 과역면 시장안길,전남 고흥군 과역면 과역리 162번지,온누리상품권,Y,Y
녹동전통시장,전라남도 고흥군 도양읍 녹동시장,전남 고흥군 도양읍 봉암리 2699-6,온누리상품권,Y,Y
도화전통시장,전라남도 고흥군 도화면 동신길 16,전남 고흥군 도화면 당오리 568-1,없음,Y,Y
동강전통시장,전라남도 고흥군 동강면 원유둔 4길,전남 고흥군 동강면 유둔리 7-2번지,없음,Y,Y
봉래전통시장,전라남도 고흥군 봉래면 산궁리,전남 고흥군 봉래면 신금리 878-141,없음,Y,Y
곡성기차마을전통시장,전라남도 곡성군 곡성읍 읍내리 208,전남 곡성군 곡성읍 읍내리 208,온누리상품권,Y,Y
석곡전통시장,전라남도 곡성군 석곡면 석곡로 70,전남 곡성군 석곡면 석곡리 204,없음,Y,Y
옥과5일시장,전라남도 곡성군 옥과면 천변로 135,전남 곡성군 옥과면 리문리 177,온누리상품권,Y,Y
광양상설시장,전라남도 광양시 광양읍 매일시장길 20,전남 광양시 광양읍 읍내리 252-1,온누리상품권,Y,Y
광양5일시장,전라남도 광양시 광양읍 백운로 3,전남 광양시 광양읍 목성리 696-3,온누리상품권,Y,Y
광영상설시장,전라남도 광양시 광영시장길 19,전남 광양시 광영동 682번지,온누리상품권,Y,Y
옥곡5일시장,전라남도 광양시 옥곡면 큰골 1길,전남 광양시 옥곡면 신금리 1337-1,온누리상품권,Y,Y
중마상설시장,전라남도 광양시 중마 중앙로 88,전남 광양시 중동 1732-3,온누리상품권,Y,Y
진상5일시장,전라남도 광양시 진상면 학연로 4,전남 광양시 진상면 섬거리 305-2,없음,Y,Y
구례상설시장,전라남도 구례군 구례읍 구례1길 45-6,전남 구례군 구례읍 봉동리 378-1번지,온누리상품권,Y,Y
구례5일시장,전라남도 구례군 구례읍 봉롱지 오일 시장 작은길,전남 구례군 구례읍 봉동리 189-5번지,없음,Y,Y
지리산나들이장터,전라남도 구례군 산동면,전남 구례군 산동면 원촌리 101-2번지,온누리상품권,Y,Y
공산5일시장,전라남도 나주시 공산면 공산로 12,전남 나주시 공산면 금곡리 855-1번지,온누리상품권,Y,Y
남평5일시장,전라남도 나주시 남평읍 지석로21,전남 나주시 남평읍 181-1번지,온누리상품권,Y,Y
다시5일시장,전라남도 나주시 다시면 다시로,전남 나주시 다시면 동곡 39-1번지,온누리상품권,Y,Y
세지5일장,전라남도 나주시 세지면 세지로 4,전남 나주시 세지면 오봉리 246-3번지,온누리상품권,Y,Y
나주목사고을시장,전라남도 나주시 청동길 14,전남 나주시 삼도동 1388-2번지,온누리상품권,Y,Y
영산포풍물시장,전라남도 나주시 풍물 시장 길,전남 나주시 이창동 765번지,온누리상품권,Y,Y
담양시장,전라남도 담양군 담양읍 담주4길 40,전남 담양군 담양읍 담주리 7번지 외 3,없음,Y,Y
창평전통시장,전라남도 담양군 창평면 창평리,전남 담양군 창평면 창평리 209-1번지 외 8필지,온누리상품권,Y,Y
목포종합수산시장,전라남도 목포시 동명동,전남 목포시 광동1가 4-13번지 외,온누리상품권,Y,Y
중앙식료시장,전라남도 목포시 삼일로 13번길 18-2,전남 목포시 남교동 88번지,온누리상품권,Y,Y
청호시장,전라남도 목포시 석현로 28번길,전남 목포시 석현동 1171번지,온누리상품권,Y,Y
항동시장,전라남도 목포시 수강로 12번길 20,전남 목포시 수강동1가 1번지 외,온누리상품권,Y,Y
신중앙시장,전라남도 목포시 신정동 1732,전남 목포시 산정동 1732번지,온누리상품권,Y,Y
동부시장(목포),전라남도 목포시 영산로 257번길 15,전남 목포시 용당동 1052번지,온누리상품권,Y,Y
자유시장,전라남도 목포시 자유로 122,전남 목포시 산정동 1383번지,온누리상품권,Y,Y
망운전통시장,전라남도 무안군 망운면 조산길 2,전남 무안군 망운면 목동리 595-5번지,없음,Y,Y
무안전통시장,전라남도 무안군 무안읍 불무로 23,전남 무안군 무안읍 성남리 813-2번지,없음,Y,Y
일로전통시장,전라남도 무안군 일로읍 시장길 1,전남 무안군 일로읍 월암리 111-9번지,온누리상품권,Y,Y
예당5일시장,전라남도 보성군 득량면 예당길 165,전남 보성군 득량면 예당리 466,없음,Y,Y
벌교5일시장,전라남도 보성군 벌교읍 시장1길 10,전남 보성군 벌교읍 시장1길 15번지,온누리상품권,Y,Y
벌교매일시장,전라남도 보성군 벌교읍 시장2길 10-1,전남 보성군 벌교읍 벌교리 887-22,온누리상품권,Y,Y
"녹차골보성향토시장(구,보성읍5일시장)",전라남도 보성군 보성읍 봉화로 53,전남 보성군 보성읍 현충로 42번지,온누리상품권,Y,Y
보성매일시장,전라남도 보성군 보성읍 신흥길 9,전남 보성군 보성읍 신흥길 9번지,온누리상품권,Y,N
복내5일시장,전라남도 보성군 복내면 송재로 1838,전남 보성군 복내면 송채로 1838-12번지,없음,Y,N
조성5일시장,전라남도 보성군 조성면 조성로 90,전남 보성군 조성면 조성로 90-5번지,없음,Y,Y
회천5일시장,전라남도 보성군 회천면 시장길 20-4,전남 보성군 회천면 회현리 20번지,없음,Y,N
괴목시장,전라남도 순천시 괴목길 27,전남 순천시 황전면 괴목길 27,온누리상품권,Y,Y
중앙시장,전라남도 순천시 남내동,전남 순천시 중앙시장길 18,온누리상품권,Y,Y
웃장,전라남도 순천시 북문길 40,전남 순천시 북문길 40,온누리상품권,Y,Y
승주시장,전라남도 순천시 승주읍 승주 시장길,전남 순천시 승주읍 서평리 43,없음,Y,N
역전시장,전라남도 순천시 역전장길 9,전남 순천시 역전장길 9,온누리상품권,Y,Y
아랫장,전라남도 순천시 장평로 60,전남 순천시 장평로 60,온누리상품권,Y,Y
주암시장,전라남도 순천시 주암면 주암호길 4,전남 순천시 주암면 주암호길 7,없음,Y,Y
지도시장,전라남도 신안군 지도읍 읍내길 10-6,전남 신안군 지도읍 읍내리 168-5번지,없음,Y,N
여수수산시장,전라남도 여수시 교동 680,전남 여수시 교동 680번지 ,온누리상품권,Y,N
교동시장,전라남도 여수시 교동시장1길 15-10,전남 여수시 교동 606-1,온누리상품권,Y,N
여수수산물특화시장,전라남도 여수시 남산로 60-31,전남 여수시 남산동 4번지 ,온누리상품권,Y,Y
봉산시장,전라남도 여수시 봉산1로 12,전남 여수시 봉산동 274-4번지 ,없음,Y,Y
여수서시장주변시장,전라남도 여수시 서교2길 2-7,전남 여수시 서교동 534-23번지,온누리상품권,Y,N
덕양시장,전라남도 여수시 소라면 덕양리,전남 여수시 소라면 덕양리 1270-1번지,없음,Y,Y
해안로건어물상가시장,전라남도 여수시 이순신광장로49,전남 여수시 교동 487 ,온누리상품권,Y,Y
서시장,전라남도 여수시 좌수영로 16-6,전남 여수시 서교동 280번지,온누리상품권,Y,Y
중앙시장,전라남도 여수시 중앙로 43,전남 여수시 교동 400-1번지 ,온누리상품권,Y,Y
선어시장,전라남도 여수시 중앙로 90,전남 여수시 중앙동 362-1,온누리상품권,Y,N
동시장,전라남도 여수시 하멜로 9-14,전남 여수시 관문동 251-4번지,없음,Y,Y
쌍봉시장,전라남도 여수시 학동 35-3,전남 여수시 학동 35-3번지,온누리상품권,Y,Y
진남시장,전라남도 여수시 학동1길 10,전남 여수시 학동 35-1번지,온누리상품권,Y,Y
제일시장,전라남도 여수시 학동2길 7-4,전남 여수시 학동 35-2번지,온누리상품권,Y,Y
도깨비시장,전라남도 여수시 학동서5길 18,전남 여수시 학동 58-7,온누리상품권,Y,Y
영광고추특화시장,전라남도 영광군 영광읍 신남로,전남 영광군 영광읍 신하리 324-3,온누리상품권,Y,Y
영광터미널시장,전라남도 영광군 영광읍 신남로,전남 영광군 영광읍 남천리 321,온누리상품권,Y,Y
영광매일시장,전라남도 영광군 영광읍 중앙로 3길,전남 영광군 영광읍 도동리 253,온누리상품권,Y,Y
구림5일시장,전라남도 영암군 군서면 도갑사로 19-3,전남 영암군 군서면 도갑사로 19-3,온누리상품권,Y,Y
시종시장,전라남도 영암군 시종면 내동중앙로 26-23,전남 영암군 시종면 만수리 936-1,온누리상품권,Y,Y
신북5일시장,전라남도 영암군 신북면 황금동로 74,전남 영암군 월평리 126-3,없음,Y,Y
영암읍5일시장,전라남도 영암군 영암읍 오일시장길 28,전남 영암군 영암읍 동무리 33-1,온누리상품권,Y,Y
독천5일시장,전라남도 영암군 학산면 독천1길 5,전남 영암군 학산면 독천리 1237-22,온누리상품권,Y,Y
노화읍5일시장,전라남도 완도군 노화읍 이목길 62,전남 완도군 노화읍 이포리 678-17,없음,N,Y
완도종합시장,전라남도 완도군 완도읍 군내리 1249,전남 완도군 완도읍 군내리 1249,없음,Y,N
완도읍5일시장,전라남도 완도군 완도읍 군내리 1249-2,전남 완도군 완도읍 군내리 1249,온누리상품권,Y,N
완도중앙시장,전라남도 완도군 완도읍 장보고대로 282-1,전남 완도군 완도읍 군내리 1424,온누리상품권,Y,Y
사거리시장,전라남도 장성군 북이면 사거리 699,전남 장성군 북이읍 사거리 699,온누리상품권,Y,N
사창시장,전라남도 장성군 삼계면 사창로 482,전남 장성군 삼계면 사창리 482-44,없음,Y,Y
황룡시장,전라남도 장성군 장성읍 월평리,전남 장성군 황룡면 월평리 151-1,온누리상품권,Y,Y
천관산관광시장,전라남도 장흥군 관산읍 칠관로 1559-4,전남 장흥군 관산읍 옥당리 489-1,온누리상품권,Y,Y
"대덕읍전통시장(구,대덕시장)",전라남도 장흥군 대덕거점2길 21-1,전남 장흥군 대덕읍 거정2길 21-1,온누리상품권,Y,Y
장평시장,전라남도 장흥군 장평면 장택길7,전남 장흥군 장평면 양촌리 194-1,없음,Y,N
정남진장흥토요시장,전라남도 장흥군 장흥읍 토요시장 3길 15,전남 장흥군 장흥읍 예양리 158-1,온누리상품권,Y,Y
회진시장,전라남도 장흥군 회진면 회진 중앙길 9-13,전남 장흥군 회진면 회진리 2138-12,없음,Y,Y
진도읍조금시장,전라남도 진도군 조금시장길 27,전남 진도군 진도읍 고성리 301,없음,Y,Y
진도상설시장,전라남도 진도군 진도읍 남동리 490-5번지,전남 진도군 진도읍 남동리 490-3,온누리상품권,Y,Y
임회면십일시장,전라남도 진도군 진도읍 임희면 석교리 245-1,전남 진도군 임회면 석교 245-1,없음,Y,Y
나산시장,전라남도 함평군 나산면 삼축리,전남 함평군 나산면 삼축리 344번지 외4필지,온누리상품권,Y,Y
월야시장,전라남도 함평군 월야면 월야리,전남 함평군 월야면 월야리 713-69,온누리상품권,Y,Y
함평시장,전라남도 함평군 함평읍 시장길,전남 함평군 함평읍 기각리 982번지 외 2필지,온누리상품권,Y,Y
해보시장,전라남도 함평군 해보면 문장리,전남 함평군 해보면 금덕리 409-3번지 외 6필지,온누리상품권,Y,Y
우수영5일시장,전라남도 해남군 문내면 우수영로 (동외리 919-17),전남 해남군 문내면 동외리 919-17,없음,Y,Y
좌일5일시장,전라남도 해남군 북일면 만월길,전남 해남군 북일면 흥촌리 161,없음,Y,Y
북평면남창5일시장,전라남도 해남군 북평면 달량진길,전남 해남군 북평면 남창리 1279-1,온누리상품권,Y,Y
해남읍5일시장,전라남도 해남군 해남읍 중앙2로 100-2,전남 해남군 해남읍 고도리 106-4,온누리상품권,Y,Y
해남매일시장,전라남도 해남군 해남읍 천변2길 15,전남 해남군 해남읍 읍내리 50,온누리상품권,Y,Y
남리5일시장,전라남도 해남군 황산면 시등로 남리리 7,전남 해남군 황산면 남리리 7번지,없음,Y,Y
남면전통시장,전라남도 화순군 남면 사평길 32,전남 화순군 남면 사평리 1049-90,없음,Y,Y
능주전통시장,전라남도 화순군 능주면 관동길 7,전남 화순군 능주면 관영리 94-8,온누리상품권,Y,Y
동복전통시장,전라남도 화순군 동복면 동복 시장길 20-1,전남 화순군 동북면 천변리 95,없음,Y,Y
이양전통시장,전라남도 화순군 이양면 이양로 29-7,전남 화순군 이양면 이양리 299-2,없음,Y,Y
화순전통시장,전라남도 화순군 화순읍 시장길 44,전남 화순군 화순읍 삼천리 621,온누리상품권,Y,Y
고창전통시장,전라북도 고창군 고창읍 시장안길 29,전북 고창군 고창읍 읍내리 366,온누리상품권,Y,Y
대산시장,전라북도 고창군 대산면 공음대산로,전북 고창군 대산면 매산리 200-13,온누리상품권,Y,Y
무장시장,전라북도 고창군 무장면 왕제산로,전북 고창군 무장면 무장리 85-1번지외 2필지,없음,Y,Y
상하시장,전라북도 고창군 상하면 상하로63,전북 고창군 상하면 하장리 936-4외 3필지,없음,Y,Y
해리시장,전라북도 고창군 해리면 중앙로 56-6,전북 고창군 해리면 하련리 129-1,온누리상품권,Y,N
흥덕시장,전라북도 고창군 흥덕면 흥덕리 239-1,전북 고창군 흥덕면 흥덕리 239-1외 2필지,온누리상품권,Y,Y
군산주공시장,전라북도 군산시 나운동 836-11,전북 군산시 나운동 836-23,온누리상품권,Y,N
군산수산물종합센터,전라북도 군산시 내항2길 216,전북 군산시 해망동 1011-21,온누리상품권,Y,Y
역전종합시장,전라북도 군산시 대명3길,전북 군산시 대명동 138,온누리상품권,Y,Y
대야재래시장(5일장),전라북도 군산시 대야면 대야시장로 8,전북 군산시 대야면 산월리 384-2,온누리상품권,Y,Y
신영시장,전라북도 군산시 동신영길 56,전북 군산시 신영동 19-5,온누리상품권,Y,Y
문화시장,전라북도 군산시 문화1길 22,전북 군산시 문화동 917-16,없음,Y,Y
군산공설시장,전라북도 군산시 신금길 18(신영동),전북 군산시 신영동 18-1,온누리상품권,Y,Y
명산시장,전라북도 군산시 월명로 470,전북 군산시 명산동 21-2,온누리상품권,Y,Y
원평공설시장(김제원평시장),전라북도 김제시 금산면 원평6길 7-17,전북 김제시 금산면 원평리 91,없음,Y,Y
금만시장,전라북도 김제시 동서7길 23(요촌동),전북 김제시 요촌동 194-7,온누리상품권,Y,N
김제전통시장,전라북도 김제시 사정거리1길 20,전북 김제시 요촌동 416-1,온누리상품권,Y,Y
역전시장,전라북도 김제시 중앙로 288,전북 김제시 신풍동 40-2,없음,Y,Y
남원용남시장,전라북도 남원시 동헌길10(하정동),전북 남원시 하정동 138,온누리상품권,Y,Y
남원공설시장,전라북도 남원시 의총로51,전북 남원시 금동 262-1,온누리상품권,Y,Y
남원인월시장,전라북도 남원시 인월면 인월로 63,전북 남원시 인월면 인월리 251-15,온누리상품권,Y,Y
무주시장(반딧불장터),전라북도 무주군 무주읍 장터로 2,전북 무주군 무주읍 장터로 2,온누리상품권,Y,Y
무풍시장(대덕산장터),전라북도 무주군 무풍면 현내로 21,전북 무주군 무풍면 현내로 213,온누리상품권,Y,Y
설천시장(삼도봉장터),전라북도 무주군 설천면 삼도봉로11,전북 무주군 설천면 소천리 904-25,온누리상품권,Y,Y
안성시장(덕유산장터),전라북도 무주군 안성면 칠연로 37,전북 무주군 안성면 장기리 1511-6,온누리상품권,Y,Y
부안상설시장,전라북도 부안군 부안읍 서외리 시장길 10-14,전북 부안군 부안읍 서외리 21,온누리상품권,Y,Y
줄포시장,전라북도 부안군 줄포면 부안로 865,전북 부안군 줄포면 줄포리 78-3,없음,Y,Y
동계시장,전라북도 순창군 동계면 현포리 620-1,전북 순창군 동계면 현포리 620-1,없음,Y,Y
복흥시장,전라북도 순창군 복흥면 정산리 282-1,전북 순창군 복흥면 정산리 282-1,없음,Y,N
순창시장,전라북도 순창군 순창읍 남계리 800,전북 순창군 순창읍 남계리 800,온누리상품권,Y,Y
고산시장,전라북도 완주군 고산면 남봉로 134,전북 완주군 고산면 읍내리 608-25,온누리상품권,Y,Y
봉동시장,전라북도 완주군 봉동읍 장기리 134-5,전북 완주군 봉동읍 장기리 217-13,온누리상품권,Y,Y
삼례시장,전라북도 완주군 삼례읍 남서신길 17-7,전북 완주군 삼례읍 삼례리 923-8,온누리상품권,Y,N
익산금마시장,전라북도 익산시 금마면 금마4길 7,전북 익산시 금마면 동고도리 696-1,온누리상품권,Y,Y
"익산장(구,익산북부장)",전라북도 익산시 남중동 33-30,전북 익산시 남중동 34-6,온누리상품권,Y,N
익산신동시장,전라북도 익산시 무왕로 6길 31,전북 익산시 신동 808-1,없음,Y,Y
북부시장,전라북도 익산시 인북로 259,전북 익산시 남중동 35-4,온누리상품권,Y,Y
익산 구시장,전라북도 익산시 인북로 8길 24-1(인화동1가),전북 익산시 인화동 1가 129-4,온누리상품권,N,N
서동시장,전라북도 익산시 중앙로 3길 39-1,전북 익산시 창인동 1가 114-27,온누리상품권,Y,Y
중앙시장,전라북도 익산시 창인동1가 137-1,전북 익산시 창인동 1가 137-1,온누리상품권,Y,Y
매일시장,전라북도 익산시 창인동1가 88-5,전북 익산시 창인동 1가 88-5,온누리상품권,Y,Y
익산남부시장,전라북도 익산시 평동로 11길 12,전북 익산시 인화2가동 7,온누리상품권,Y,Y
함열시장,전라북도 익산시 함열2길-8,전북 익산시 함열읍 와리 544-34,온누리상품권,Y,Y
황등시장,전라북도 익산시 황등면 황등7길,전북 익산시 황등면 황등리 588-2,온누리상품권,Y,Y
강진시장,전라북도 임실군 강진면 호국로 32-35,전북 임실군 강진면 갈담리 381,없음,Y,Y
관촌시장,전라북도 임실군 관촌면 사선1길 70-3,전북 임실군 관촌면 관촌리 586,온누리상품권,Y,Y
오수시장,전라북도 임실군 오수면 오수로 159,전북 임실군 오수면 오수리 351-1,온누리상품권,Y,Y
임실시장,전라북도 임실군 임실읍 운수로 26,전북 임실군 임실읍 이도리 233-1,온누리상품권,Y,Y
산서시장,전라북도 장수군 산서면 보산로 1864-11,전북 장수군 산서면 동화리 839-73,없음,Y,Y
장계시장,전라북도 장수군 장계면 시장천변로 26,전북 장수군 장계면 장계리 464-1,없음,Y,Y
장수시장,전라북도 장수군 장수읍 시장로17,전북 장수군 장수읍 시장로 11,온누리상품권,Y,Y
전주모래내시장,전라북도 전주시 덕진구 모래내4길 8-8,전북 전주시 인후동2가 203-10,온누리상품권,Y,Y
전주동부시장,전라북도 전주시 완산구 경원동3가 90-13,전북 전주시 경원동 경원동3가 90-13 ,없음,Y,Y
"전주신중앙시장(구,중앙버드나무시장)",전라북도 전주시 완산구 태평5길 33,전북 전주시 완산구태평동 41-5,온누리상품권,Y,Y
전주중앙시장,전라북도 전주시 완산구 태평동 36-1,전북 전주시 태평동 36-1,온누리상품권,Y,Y
전주남부시장,전라북도 전주시 완산구 풍남문1길 19-3,전북 전주시 전동3가 2-242,온누리상품권,Y,Y
신태인시장,전라북도 정읍시 신태인읍 신태인1길 14,전북 정읍시 신태인읍 신태안리 152-8,온누리상품권,Y,Y
"정읍연지시장(구,정읍제2시장)",전라북도 정읍시 연지시장3길,전북 정읍시 연지동 31-1,온누리상품권,Y,Y
샘고을시장,전라북도 정읍시 태평 6길 25,전북 정읍시 시기동 409,온누리상품권,Y,Y
진안시장,전라북도 진안군 진안읍 시장1길 16,전북 진안군 진안읍 406-7,온누리상품권,Y,Y
대정오일시장,제주도 서귀포시 대정읍 하모리 1089-15,제주 서귀포시 대정읍 하설리 1089-15번지,온누리상품권,Y,Y
모슬포중앙시장,제주도 서귀포시 대정읍 하오리 822-1,제주 서귀포시 대정읍 하모리 872-7번지,온누리상품권,Y,Y
서귀포향토오일시장,제주도 서귀포시 동홍동35,제주 서귀포시 동홍동 744-3번지,온누리상품권,Y,Y
서귀포매일올레시장,제주도 서귀포시 서귀동 277-1,제주 서귀포시 서귀동 277-1번지,온누리상품권,Y,Y
고성오일시장,제주도 서귀포시 성산읍 고성리 1180-34,제주 서귀포시 성산읍 고성리 1180-4,온누리상품권,Y,Y
성산오일시장,제주도 서귀포시 성산읍 성산리 181-6,제주 서귀포시 성산읍 성산리 181-6번지,온누리상품권,Y,N
중문오일시장,제주도 서귀포시 중문동 2123-1,제주 서귀포시 중문동 2123-1번지,온누리상품권,Y,N
표선오일시장,제주도 서귀포시 표선읍 표선리 1001-1,제주 서귀포시 표선면 표선리 1001-1번지,온누리상품권,Y,Y
세화민속오일시장,제주도 제주시 구좌읍 세화리 1500,제주 제주시 구좌읍 세화리 1500-5번지,온누리상품권,Y,Y
도남시장,제주도 제주시 도낭동 923-13,제주 제주시 도남동 923-13번지,온누리상품권,Y,Y
제주시민속오일시장,제주도 제주시 도두1동 1212,제주 제주시 도두1동 1204-1번지,온누리상품권,Y,Y
보성시장,제주도 제주시 동광로 1길 32,제주 제주시 이도일동 1289-5번지,온누리상품권,Y,Y
동문시장(주),제주도 제주시 동문로 16,제주 제주시 일도일동 1148-2번지,온누리상품권,Y,N
탑동유니코상가,제주도 제주시 삼도2동1259,제주 제주시 삼도2동 1259번지,온누리상품권,Y,Y
제주시서문공설시장,제주도 제주시 서문로4길 13-2,제주 제주시 용담1동 135-9번지,온누리상품권,Y,Y
제주시동문재래시장,제주도 제주시 이도일동 1141-1,제주 제주시 이도일동 1431-2번지,온누리상품권,Y,N
제주동문수산시장,제주도 제주시 이도일동 1349-22,제주 제주시 이도일동 1349-22번지,온누리상품권,Y,Y
제주시동문공설시장,제주도 제주시 일도 일동 1103,제주 제주시 일도일동 1103번지,온누리상품권,Y,Y
칠성로상가,제주도 제주시 일도 일동 1463,제주 제주시 일도일동 1476-20번지,온누리상품권,Y,Y
신산시장,제주도 제주시 일도2동 377-11,제주 제주시 일도2동 377-11번지,온누리상품권,Y,Y
함덕오일시장,제주도 제주시 조천읍 함덕리 972-7,제주 제주시 조천읍 함덕리 972-7번지,온누리상품권,Y,Y
중앙로상점가,제주도 제주시 중앙로 85,제주 제주시 이도일동 1460번지,온누리상품권,Y,Y
화북종합시장,제주도 제주시 청풍길 14,제주 제주시 화북1동 1947번지,온누리상품권,Y,Y
제주시한림민속오일시장,제주도 제주시 한림읍 대림리 1968-4,제주 제주시 한림읍 대림리 1968-4,온누리상품권,Y,Y
한림매일시장,제주도 제주시 한림읍 한림로 681,제주 제주시 한림읍 한림리 1315-7번지,온누리상품권,Y,N
산성시장활성화구역,충청남도 공주시 국고개길20,충남 공주시 중동 279번지,온누리상품권,N,Y
공주산성시장,충청남도 공주시 용당길 12,충남 공주시 산성동 190-1번지,온누리상품권,Y,Y
유구시장,충청남도 공주시 유구읍 시장길 25-1 길,충남 공주시 유구읍 석남리 276번지,없음,Y,Y
금산시장,충청남도 금산군 금산군읍 금산천길98,충남 금산군 금산읍 하옥리 335-1,온누리상품권,Y,Y
금산약초시장,충청남도 금산군 금산읍 비단로 144,충남 금산군 금산읍 비단로 144번지,온누리상품권,Y,Y
중부프라자,충청남도 금산군 금산읍 비범로 19,충남 금산군 금산읍 비범로 19번지,온누리상품권,Y,Y
금산인삼쇼핑센타,충청남도 금산군 금산읍 인삼광장 47,충남 금산군 금산읍 인삼광장로 47번지,온누리상품권,Y,Y
금산국제인삼시장(금산인삼국제시장),충청남도 금산군 금산읍 인삼약초로 45,충남 금산군 금산읍 인삼약초로 45번지,온누리상품권,Y,Y
금산인삼전통시장,충청남도 금산군 금산읍 인삼전1길 20-12,충남 금산군 금산읍 건삼전1길 20-12번지,없음,N,Y
금산수삼센타,충청남도 금산군 금산읍 중도리 24번지,충남 금산군 금산읍 인삼약초로 24번지,온누리상품권,Y,Y
마전시장,충청남도 금산군 추부면 마전로 39,충남 금산군 추부면 마전리 417-4 ,없음,Y,N
강경젓갈시장,충청남도 논산시 강경읍 금백로 45,충남 논산시 강경읍 황산리 198번지,온누리상품권,Y,N
강경대흥시장,충청남도 논산시 강경읍 대흥로 23-1,충남 논산시 강경읍 대흥리 48-32번지,온누리상품권,Y,Y
화지중앙시장,충청남도 논산시 대화로 78,충남 논산시 대교동 321-56번지,온누리상품권,Y,Y
연무안심시장,충청남도 논산시 연무읍 연무로 178번길 9,충남 논산시 연무읍 안심리 14-2번지,온누리상품권,Y,Y
연산전통시장,충청남도 논산시 연산4길 10-4,충남 논산시 연산면 연산리 392-8번지,없음,Y,Y
당진시장,충청남도 당진시 당진시장길 101-1,충남 당진시 읍내동 145-12,온누리상품권,Y,Y
신평시장,충청남도 당진시 신평로 182-31,충남 당진시 신평면 금천리 385-2,온누리상품권,Y,N
합덕전통시장,충청남도 당진시 합덕읍 버그내2길 128-25,충남 당진시 합덕읍 운산리 255-12,온누리상품권,Y,Y
동부시장,충청남도 보령시 대천동 618-64,충남 보령시 대천동 618-64번지,온누리상품권,Y,Y
현대시장(현대상가시장),충청남도 보령시 대흥로 16,충남 보령시 대천동 618-69번지,온누리상품권,Y,N
보령한내시장,충청남도 보령시 상설시장길 8,충남 보령시 대천동 197-1번지 일대,온누리상품권,Y,N
웅천시장,충청남도 보령시 웅천읍 장터4길 24,충남 보령시 웅천읍 대창리 432-1번지 일대,온누리상품권,Y,N
중앙시장,충청남도 보령시 중앙시장 1길 5,충남 보령시 대천동 331-7번지 일대,온누리상품권,Y,Y
부여중앙시장,충청남도 부여군 구아리164-1,충남 부여군 부여읍 구아리 164-1번지,온누리상품권,Y,Y
부여5일시장,충청남도 부여군 부여읍 성왕로 173-12,충남 부여군 부여읍 구아리 420번지,온누리상품권,Y,Y
홍산시장,충청남도 부여군 홍산면 시장로 45-6,충남 부여군 부여읍 남촌리 134-2번지,없음,Y,N
대산종합시장,충청남도 서산시 대산읍 충의로 1942,충남 서산시 대산읍 대산리 119번지,온누리상품권,Y,Y
서산동부전통시장(동부시장),충청남도 서산시 시장5로 15,충남 서산시 동문동 900번지,온누리상품권,Y,Y
해미종합시장,충청남도 서산시 해미면 읍내리,충남 서산시 해미면 읍내리 184-1번지,온누리상품권,Y,Y
해미시장,충청남도 서산시 해미면 읍성마을4길 17-2,충남 서산시 해미면 읍내리 202번지,없음,Y,N
서천특화시장,충청남도 서천군 서천읍 충절로42,충남 서천군 서천읍 군사리 686-1,온누리상품권,Y,Y
장항전통시장,충청남도 서천군 장항읍 성화로 104,충남 서천군 장항읍 신창리 110번지 일원,온누리상품권,Y,Y
둔포전통시장(둔포시장),충청남도 아산시 둔포면 둔포면로 25번길 15,충남 아산시 둔포면 450-1번지,온누리상품권,Y,Y
온양온천시장(온양전통시장),충청남도 아산시 시장길29,충남 아산시 온천동 94-6번지,온누리상품권,Y,Y
고덕시장,충청남도 예산군 고덕면 대천리 783-3,충남 예산군 고덕면 대천리 783-3,없음,Y,Y
광시시장,충청남도 예산군 광시면 예당로 165-22,충남 예산군 광시면 광시리 87-1,없음,Y,Y
덕산시장,충청남도 예산군 덕산면 읍내길 13,충남 예산군 덕산면 읍내리 356-1,온누리상품권,Y,Y
삽교시장,충청남도 예산군 삽교읍 두리 568-37,충남 예산군 삽교읍 두리 568-37,온누리상품권,Y,Y
역전시장,충청남도 예산군 예산읍 역전로 84,충남 예산군 예산읍 주교리 220-3,온누리상품권,Y,Y
예산상설시장,충청남도 예산군 예산읍 예산리 333-1,충남 예산군 예산읍 예산리 333-1번지,온누리상품권,Y,Y
예산시장,충청남도 예산군 예산읍 예산리 346-13,충남 예산군 예산읍 예산리 346-13,온누리상품권,Y,Y
천안공설시장,충청남도 천안시 동남구 대흥동 60-5,충남 천안시 대흥동 63-3번지,온누리상품권,Y,Y
중앙시장,충청남도 천안시 동남구 대흥로 57,충남 천안시 사직동 6-3,온누리상품권,Y,Y
병천시장,충청남도 천안시 동남구 병천면 병천리 163-2,충남 천안시 병천면 병천리 163-2번지,없음,Y,Y
남산중앙시장,충청남도 천안시 동남구 사직동 263,충남 천안시 사직동 202-15,온누리상품권,Y,Y
천일시장,충청남도 천안시 동남구 큰시장길 29,충남 천안시 사직동 33,온누리상품권,Y,N
성정5단지시장,충청남도 천안시 서북구 성정로 78원,충남 천안시 성정동 727-1번지,온누리상품권,Y,Y
성환이화시장,충청남도 천안시 서북구 성환읍 성환3리 449-135,충남 천안시 성환읍 성환리 449-135번지,온누리상품권,Y,N
정산시장,충청남도 청양군 정산면 정현길 54,충남 청양군 정산면 서정리 163번지,온누리상품권,Y,Y
청양전통시장,충청남도 청양군 청양읍 읍내리,충남 청양군 청양읍 읍내리 196-4번지,온누리상품권,Y,Y
"안면도수산시장(구,안면도장터)",충청남도 태안군 안면읍 장터로,충남 태안군 안면읍 승언리 1249번지,온누리상품권,Y,Y
태안서부재래시장,충청남도 태안군 태안읍 시장2길 32-7,충남 태안군 태안읍 남문리 170-3번지,온누리상품권,Y,N
태안특산물전통시장 ,충청남도 태안군 태안읍 시장4길 18,충남 태안군 태안읍 동문리 286번지,온누리상품권,Y,Y
갈산정기시장,충청남도 홍성군 갈산면 상촌리 174,충남 홍성군 갈산면 상촌리 174,온누리상품권,Y,Y
광천전통시장,충청남도 홍성군 광천읍 광천리 230번길,충남 홍성군 광천읍 광천리 230번지,온누리상품권,Y,Y
홍성상설시장,충청남도 홍성군 홍성읍 아문길 60,충남 홍성군 홍성읍 오관리 397번지,온누리상품권,Y,N
홍성전통시장,충청남도 홍성군 홍성읍 홍성천길 242,충남 홍성군 홍성읍 대교리 400-1,온누리상품권,Y,Y
괴산전통시장,충청북도 괴산군 괴산읍 읍내로 15길 8-8,충북 괴산군 괴산읍 동부리 516번지,온누리상품권,Y,Y
목도재래시장,충청북도 괴산군 불정면 목도로 23,충북 괴산군 불정면 목도리 296번지,온누리상품권,Y,Y
연풍전통시장,충청북도 괴산군 연풍면 향교로24-1,"충북 괴산군 연풍면 삼풍, 행촌리 623-1번지",없음,Y,N
청천전통시장,충청북도 괴산군 청천면 청천2길 10,충북 괴산군 청천면 청천리 62-43,온누리상품권,Y,Y
단양구경시장(단양인정시장),충청북도 단양군 단양읍 도건리 615,충북 단양군 단양읍 도전리 615,온누리상품권,Y,Y
상진전통시장(상진재래시장),충청북도 단양군 단양읍 상진 14길 8,충북 단양군 상진리 805,없음,N,Y
매포전통시장(매포재래시장),충청북도 단양군 매포읍 평동리 1139,충북 단양군 매포읍 평동리 1139,온누리상품권,Y,N
영춘전통시장(영춘재래시장),충청북도 단양군 영춘면 상리 409,충북 단양군 영춘면 상리 409,없음,Y,N
마로관기시장(관기재래시장),충청북도 보은군 마도면 관기송현로 103,충북 보은군 마로면 관기리293일대,온누리상품권,Y,N
보은전통시장,충청북도 보은군 보은읍 삼산로 17-16,충북 보은군 보은읍 삼산리 137번지,온누리상품권,Y,Y
보은종합시장,충청북도 보은군 보은읍 삼산로 3길 6,충북 보은군 보은읍 삼산리 135번지,온누리상품권,Y,Y
삼승원남시장(원남재래시장),충청북도 보은군 상승면 원남로 1길 15-18,충북 보은군 삼승면 원남리 181-1번지,온누리상품권,Y,Y
회인재래시장,충청북도 보은군 회인면 회인로 34,충북 보은군 회인면 중앙리59-15,온누리상품권,Y,N
영동전통시장(영동전통시장),충청북도 영동군 영동읍 영동시장 2길 10-1,충북 영동군 영동읍 계산리 694-13,온누리상품권,Y,Y
영동중앙시장,충청북도 영동군 영동읍 중앙로21,충북 영동군 영동읍 계산리 693-27번지,온누리상품권,Y,N
옥천상가,충청북도 옥천군 옥천읍 삼금로 45,충북 옥천군 옥천읍 금구리5-7번지,온누리상품권,Y,N
옥천공설시장,충청북도 옥천군 옥천읍 상금로 5길 5-68,충북 옥천군 옥천읍 금구리 5-68,온누리상품권,Y,Y
감곡전통시장,충청북도 음성군 감곡면 장감로 132번길 22,충북 음성군 감곡면 왕장리 525-8번지,온누리상품권,Y,Y
무극시장,충청북도 음성군 금왕읍 무극로 308번길 12-12,충북 음성군 금왕읍 무극리 77-17번지,온누리상품권,Y,Y
대소시장,충청북도 음성군 대소면 오태로 104,충북 음성군 대소면 오산리 127-6번지,온누리상품권,Y,N
삼성시장,충청북도 음성군 삼성면 대성로 615,충북 음성군 삼성면 덕정리 525번지,온누리상품권,Y,Y
음성시장,충청북도 음성군 읍 시장로 117번길 6,충북 음성군 음성읍 시장로 117번길 6,온누리상품권,Y,N
제천역전한마음시장(구제천역전시장),충청북도 제천시 내토로 28길 12,충북 제천시 화산동 207-3,온누리상품권,Y,N
덕산면전통시장,충청북도 제천시 덕산면 도기리 442-4,충북 제천시 덕산면 도전리 443-6,온누리상품권,Y,N
박달재전통시장,충청북도 제천시 백운면 평동로 2길 13,충북 제천시 백운면 평동리 215-3,온누리상품권,N,N
제천약초시장,충청북도 제천시 원화산로 121,충북 제천시 화산동 987번지,온누리상품권,Y,Y
내토재래시장,충청북도 제천시 중앙로 1가 32,충북 제천시 중앙로1가 32 ,온누리상품권,Y,Y
동문시장,충청북도 제천시 중앙로 2가 117-1,충북 제천시 중앙로2가 113-8,온누리상품권,N,N
제천중앙시장,충청북도 제천시 중앙로1가 77,충북 제천시 중앙로1가 77,온누리상품권,Y,Y
증평장뜰재래시장,충청북도 증평군 증평읍 장뜰로 58-1,충북 증평군 증평읍 장뜰로 일원,온누리상품권,Y,Y
"진천전통시장 (구,진천재래시장)",충청북도 진천군 진천읍 원덕로 390,충북 진천군 진천읍 읍내리 120-4번지,온누리상품권,Y,Y
진천중앙시장,충청북도 진천군 진천읍 중앙서로 29-1,충북 진천군 진천읍 305-10 일원,온누리상품권,Y,Y
내수전통시장,충청북도 청원군 내수읍 내수로 725-1,충북 청원군 내수읍 마산리,온누리상품권,N,Y
서문시장,충청북도 청주시 상당구 근장로 26길 45,충북 청주시 서문동 148-22,온누리상품권,Y,N
중앙시장,충청북도 청주시 상당구 북문로 2가 94,충북 청주시 북문로2가 96,온누리상품권,Y,N
육거리종합시장,충청북도 청주시 상당구 청남로 2197번길 42,충북 청주시 석교동 60-4,온누리상품권,Y,Y
북부시장,충청북도 청주시 상당구 향군로 31번가길 11,충북 청주시 우암동 346-61,온누리상품권,Y,Y
원마루시장,충청북도 청주시 서원구 분평동 1341,충북 청주시 분평동 1315,온누리상품권,N,N
사직시장,충청북도 청주시 서원구 사직대로 265번길 7,충북 청주시 사직동 265-19,온누리상품권,Y,Y
사창시장,충청북도 청주시 서원구 사칭동 2862-2,충북 청주시 사창동 286-22,온누리상품권,Y,Y
청주두꺼비시장(구수곡시장),충청북도 청주시 서원구 수곡로 58번길 7-2,충북 청주시 수곡동 862,온누리상품권,N,N
내덕자연시장,충청북도 청주시 청원구 공항로 58번길 14,충북 청주시 내덕동 398-4,온누리상품권,N,N
오창전통시장,충청북도 청주시 청원구 오창읍 팔결로 715,충북 청원군 오창읍 장대리294,온누리상품권,Y,N
가경터미널시장,충청북도 청주시 흥덕구 가경동 1296,충북 청주시 가경동 1265,온누리상품권,Y,Y
복대가경시장,충청북도 청주시 흥덕구 신율로 139번길 59-1,충북 청주시 복대동 1067,온누리상품권,Y,Y
복대시장,충청북도 청주시 흥덕구 월명로 13번길 77,충북 청주시 복대동 630-6,온누리상품권,Y,N
직지시장,충청북도 청주시 흥덕구 직지대로 639번길 88,충북 청주시 봉명동 467-2,온누리상품권,Y,Y
관아골상가,충청북도 충주시 관아1길 7,충북 충주시 성내동 379,온누리상품권,N,Y
연수종합상가,충청북도 충주시 금곡로 31,충북 충주시 연수동 547-6번지,온누리상품권,Y,N
"농산물종합시장(구,중앙청과시장)",충청북도 충주시 목행산단 7로 24,충북 충주시 목행동 526-29,온누리상품권,Y,Y
무학시장,충청북도 충주시 무학1길 15,충북 충주시 봉방동 8-52,온누리상품권,Y,Y
연수상가,충청북도 충주시 번영대로 125,충북 충주시 연수동 924,온누리상품권,N,Y
현대타운상가,충청북도 충주시 성서1길 50,충북 충주시 성서동 163,온누리상품권,Y,N
성서시장,충청북도 충주시 성서7길 29,충북 충주시 성서동 1-152,온누리상품권,Y,N
엄정내창시장,충청북도 충주시 엄정면 내창로 191-1,충북 충주시 엄정면 미내리 159-15,온누리상품권,N,N
중앙공설시장,충청북도 충주시 예성로 168,충북 충주시 성서동 306,온누리상품권,Y,Y
남부시장,충청북도 충주시 지곡10길 38-1,충북 충주시 지현동 1431,온누리상품권,Y,Y
충주자유시장,충청북도 충주시 충인6길 16,충북 충주시 충인동 325,온누리상품권,Y,Y
목행시장,충청북도 충주시 행정9길 35,충북 충주시 목행동 676-44 ,온누리상품권,Y,Y
