축제명,축제유형,개최기간,개최장소,개최방식,담당자,연락처
서울드럼페스티벌,문화예술,5.25~5.26,노들섬,대면,이지선,02-2133-2571
서울뮤직페스티벌,문화예술,9.27~9.29,노들섬,대면,유승운,02-2133-2570
서울국악축제,전통역사,9월 중,미정,대면,김수현,02-2133-2579
서울페스타 2024,문화예술,5.1.~5.6.,"서울광장, 광화문광장 등 서울 전역",대면,변상우,02-2133-2810
서울 바비큐 페스티벌,기타,5.4.~5.5.,노을공원,대면,조세근,02-2133-2828
2024 한강 불빛 공연(드론 라이트 쇼),문화예술,상반기(5~6월) 5회 / 하반기(9~10월) 5회 공연(총 10회 예정),한강공원,대면,오제윤,02-2133-1845
2024년 추석 농수특산물 서울장터,특산물,9.2~9.7중 3일간 예정,서울광장,대면,이영규,02-2133-6668
한강페스티벌,"문화예술, 생태자연","봄: 5. 10.~5. 12.
여름: 7. 26.~8. 11.
가을: 10. 11.~10. 20.
겨울: 12. 20.~12. 25.",한강 수상 및 11개 한강공원 일대,대면,이혜수,02-3780-0718
2024 책읽는 한강공원,문화예술,"5~6월, 9~10월 
매주 토요일","강서한강공원, 여의도한강공원",대면,윤성일,02-3780-0735
제18회 서울안전한마당,안전문화,05.02.~05.04.,여의도공원,대면,안치운,02-3706-1541
2024 서울세계도시문화축제,문화예술,5.25.~26,광화문광장 및 청계광장 일원,대면,강우원,02-2133-5266
서울라이트 한강 빛섬축제 ,문화예술,10.5.~10.13.,여의도한강공원,대면,김백곤,02-2133-1937
서울라이트 광화문,문화예술,24. 12. 20. ~ '25. 1. 12.,광화문 및 광화문광장,대면,안재윤,02-2133-1936
차없는 잠수교 뚜벅뚜벅 축제,문화예술,5.5.~6.23./9.1.~10.27.,잠수교 및 반포한강공원 일대,대면,김보미,02-3780-0760
한강서래섬유채꽃축제,생태자연,05.10.~05.19.,반포한강공원 서래섬,대면,김세정,02-3780-0796
한강종이비행기축제,기타,09.07.,여의도한강공원,대면,김세정,02-3780-0796
2024 서울대공원 벚꽃축제,생태자연,4월 초,호숫가둘레길,대면,임명경,02-500-7022
제24회 서울대공원 장미원축제,생태자연,5.24.~6.9.,테마가든,대면,임명경,02-500-7022
제9회 동물원 밖 동물원,문화예술,10~12월,공원 일대,대면,임명경,02-500-7022
제13회 강남페스티벌,문화예술,9월중,"코엑스, 영동대로, 마루공원 등",혼합형,이민정,02-3423-5534
제5회강남디자인위크,문화예술,5.24.~5.28.,신사동 등,대면,문정은,02-3423-5532
제4회 강남 G-KPOP 콘서트,문화예술,5월중,신사 한강공원(잠원지구),대면,정진호,02-3423-5542
제29회 강동선사문화축제,전통역사,10.11.~10.13.,서울 암사동 유적 일원,대면,이지우,02-3425-5247
419혁명국민문화제,전통역사,4.12.~4.19.,강북구 일원,대면,구경모,02-901-6205
천변라이프 강북페스타2024,문화예술,5.31.~6.2.,우이천 일대,대면,김가영,02-901-6216
제2회 맥주축제,기타(시장활성화),9월중 2일간,강북구 일대,대면,김이진,02-901-7252
제2회 크리스마스 마켓,기타(상권활성화),12.20~12.22,수유역 상권일대,대면,송형권,02-901-6456
제2회 미아달빛시장,기타(상권활성화),10월~11월중 2일간,미아사거리역 상권일대,대면,유보람,02-901-6452
제2회 광진청년문화Street페스티벌,문화예술,9월 중,능동로 일대,대면,김명진,02-450-7596
제2회 금천 청년축제,기타,09.28.(예정),관내(미정),대면,최서강,02-2627-2583
제6회 금천과학축제,문화예술(과학),09.06.~09.07.,금천구청 일대,대면,정아람, 02-2627-2813
2024 금천하모니축제,문화예술,05.10.~05.12.,구청광장,대면,장준석,02-2627-1445
2024년 제7회 정조대왕 능행차 공동재현 행사,전통역사,10.05-10.06.,금천구청 광장 및 시흥행궁터 일대(시흥5동),대면,이원지,02-2627-1453
감로천 축제,기타(주민화합 등),10.19.,감로천생태공원,대면,최은경,02-2104-5331
제4회 금천패션영화제,문화예술,11.01.~11.04.,금천구 가산동 일원(롯데시네마 가산디지털점),대면,장명화,070-7709-3219
노원 수제맥주축제,기타,5.31.~6.1.,화랑대 철도공원,대면,최석우,02-2116-7142
노원달빛산책,문화예술,10.11.~11.3.,당현천 일원,대면,최석우,02-2116-7142
댄싱노원,문화예술,9.28.~9.29.,노해로 일원,대면,최석우,02-2116-7142
우이천 벚꽃 축제,문화예술,04.03.~04.07.,우이천,대면,김진희,02-2091-2254
제12회 도봉구 등 축제,문화예술,10. 4. ~ 10. 12.,평화문화진지 및 다락원체육공원일대,대면,김진희,02-2091-2254
동대문구 봄꽃축제,생태자연,3.30.~3.31.,중랑천 제1체육공원 및 장안벚꽃로,대면,오지은,02-2127-4711
선농대제,전통역사,4.20.,선농단,대면,박상민,02-2127-4158
청룡문화제,전통역사,10.26.,용두근린공원,대면,전상미,02-2127-4299
제17회 마포나루 새우젓축제,"전통역사
특산물",10.18.~10.20.,월드컵공원 평화광장,대면,임신정,02-3153-8353
제21회 마포음식문화축제 ,기타(주민화합 등),10월 중,도화소어린이공원 ,대면,박병진,02-3153-8582
하늘길 페스타,기타(상권활성화),10. 4.~10.5.,합정동 ,대면,이현경,02-3153-8574
제4회 상암동 통통통 물통통 마을축제,기타,7월중(1일),구룡근린공원,대면,이윤선,02-3153-6963
2024년 연남동주민화합대축제,기타(주민화합),10월 중,경의선숲길공원 연남구간 끝자락,대면,양혜리,02-3153-6873
서대문 벚꽃 축제,문화예술,4월중,"홍제천, 안산일대",대면,이보라,02-330-1576
서대문독립축제,"문화예술, 전통역사",8월중,서대문형무소역사관,대면,이보라,02-330-1576
신촌글로벌대학문화축제,문화예술,9.25~9.27,신촌 연세로 일대,대면,이윤슬,02-330-6714
신촌카운트다운 콘서트,문화예술,12.31.,신촌 스타광장,대면,이윤슬,02-330-6714
봄밤의 클래식 축제,문화예술,4월중,방배뒷벌공원,대면,신지애,02-2155-6229
서초뮤직앤아트페스티벌,문화예술,6월중,고속터미널,대면,신지애,02-2155-6229
2024 서리풀페스티벌,문화예술,9월중,반포대로일대,대면,신지애,02-2155-6229
제18회 영등포 여의도 봄꽃축제,"문화예술, 생태자연",3월말 중,여의동,대면,전수린,02-2670-3128
선유로운 축제,문화예술,5월 중,양평2동,대면,김소영,02-2670-3428
안양천 썸머 페스티벌,생태자연,7월말~8월초,문래동,대면,전수린,02-2670-3128
선유로운 축제,문화예술,9~10월 중,양평2동,대면,김소영,02-2670-3428
안양천 수변문화축제,"문화예술, 생태자연",9월~10월 중,안양천,대면,조민우,02-2634-2234
2024 이태원 지구촌 축제,문화예술,9월 중,이태원관광특구 일대,혼합형(대면 중심),최영철,02-2199-7552
제42회 남이장군사당제,전통역사,11.1.~11.5.,용문동 일원,대면,이승연,02-2199-7245
용산 문화유산 야행,전통역사,9.27.~9.28.,효창공원,대면,이승연,02-2199-7245
인사동 엔틱 & 아트페어,전통역사,8.~10.,인사동 일대,대면,안미희,02-2148-1805
놀러와 대학로! 차 없는 거리 축제,문화예술,미정,대학로 일원,대면,박신형,02-2148-1812
2024 웰컴대학로 축제(가칭),문화예술,미정,대학로 일원,혼합형,박신형,02-2148-1812
제16회 정순왕후 문화제,전통역사,4월중,숭인근린공원(동망봉),대면,홍태경,02-2148-1855
궁중과 사대부가 전통음식축제,전통역사,10월중,운현궁,대면,이성민,02-2148-1852
종로청계야 놀자,문화예술,10월중,청계관광특구 내,대면,양슬기,02-2148-1864
돈화문로 문화축제,문화예술,10월중,돈화문로 일대,대면,김진아,02-2148-1862
북촌공방축제,문화예술,10월중,서울교육박물관 마당,대면,김진아,02-2148-1862
정동야행축제,문화예술,05.24.~05.25.,정동 일대,대면,박장호,02-3396-4613
2023 서울장미축제,문화예술,5월중,중랑장미공원,대면,이평천,02-2094-1823
2023 용마폭포문화예술축제,문화예술,10월중,용마폭포공원,대면,김진수,02-2094-1822
2024 성북천 봄꽃축제,기타,04.12~04.13(예정),성북천상점가일원,대면,박정민,02-2241-3972
제13회 유러피안 크리스마스 마켓,문화예술,12월 중(미정) 2일간,한성대입구역 부근,대면,강길원,02-2241-6381
사각사각 가을축제,문화예술,10월 중(2일간),잠실한강공원 사각사각플레이스,대면,이하연,02-3780-0799
조선통신사축제,전통역사,5.3.~5.5.,광복로 일원,대면,백종훈,051-888-5096
부산원도심활성화축제,문화예술,5월중,"중구,서구 일원",대면,임성원,051-888-5221
부산항축제,기타,"5월중
(예정)","부산항국제여객터미널, 영도아미르공원 일원",혼합형,이정민,051-888-5352
부산바다축제,문화예술,7월말,다대포해수욕장 등,대면,박지선,051-888-5222
부산국제록페스티벌,문화예술,10월중,삼락생태공원,대면,임성원,051-888-5221
부산불꽃축제,문화예술,11월중,광안리해수욕장 일원,대면,임태훈,051-888-5222
해운대북극곰축제,생태자연,12월중,해운대해수욕장,대면,임성원,051-888-5221
부산 시민의종 타종행사,문화예술,12.31.,용두산공원,대면,박지선,051-888-5222
광복로 연등문화제,문화예술,5월중,광복로 일원,대면,김지훈,051-600-4065
유라리건맥축제,지역특산물,9월중,유라리광장 일원,대면,김민선,051-600-4085
부산자갈치축제,지역특산물,10월중,자갈치시장 일원,대면,김민선,051-600-4085
보수동책방골목 문화축제,문화예술,10월중,보수동책방골목 일원,대면,최우영,051-600-4045
광복로 겨울빛 트리축제,문화예술,24.12.~25.1.,광복로 일원,대면,김민선,051-600-4085
부산고등어축제,지역특산물,10월중,송도해수욕장,혼합형,조연희,051-240-4062
부산 서구 의료관광축제,기타(지역산업),10월중,송도오션파크,대면,성명희,051-240-4017
부산차이나타운문화축제,문화예술,10.18.~10.20.,"부산역, 차이나타운 일원",혼합형,이정미,051-440-4062
동구 3.1절 기념 행사,문화예술,3.9.,시민마당 등,대면,김진용,051-440-4064
웹툰이바구길축제,문화예술,10월중,범일동 성북시장(웹툰이바구길) 일원,대면,백지수,051-440-4812
영도다리축제,문화예술,10월중,아미르공원,대면,류세진,051-419-4064
영도커피페스티벌,문화예술,5.24.~5.26.,아미르공원,대면,곽지향,051-419-6332
"전포커피축제
(구. 전포카페거리축제)",기타,10월중 ,전포카페거리 일원,대면,김지영,051-605-4524
서면메디컬스트리트축제 ,기타,10월중 ,서면 메디컬스트리트일원,대면,송지원,051-605-4521
서면 빛 축제 ,주민화합,24.10.~25.1.,서면1번가 일원,대면,이지현,051-605-4522
동래읍성역사축제,전통역사,10.11.~10.13.,"동래문화회관, 동래읍성광장,
온천천카페거리,
온천장 등",대면,문대혁,051-550-4094
동래 3.1만세운동재현행사,문화예술,3.1.,내성초 및 동래시장 일원 만세거리,대면,최원영,051-550-4092
UN평화축제,문화예술,10.19.~10.20.,평화공원 일원,대면,강경희,051-607-4064
구포장터 3.1만세운동기념행사,문화예술,3.29.,구포역 광장 등,대면,석창대,051-309-4066
낙동강 구포나루 축제,문화예술,10월중(3일간),화명생태공원 연꽃단지 일원,대면,민찬영,051-309-4522
해운대 달맞이온천축제,전통역사,2.22.~2.24.,해운대해수욕장 일원 ,대면,전정희,051-749-4061
해운대모래축제,생태자연,5.24.~5.27.,해운대해수욕장 일원 ,대면,이은영,051-749-4062
해운대 해양레저축제,문화예술,8.24.~8.25.,송정해수욕장 일원,대면,김광진,051-749-5602
해운대 빛축제,문화예술,12월중,"해운대해수욕장, 구남로, 온천길, 시장길 일원 ",대면,이은영,051-749-4062
"해운대 카운트다운
&해맞이축제",기타,"24.12.31.
~25.1.1.",해운대해수욕장 일원 ,대면,이은영,051-749-4062
다대포어항문화축제,전통역사,10월중,다대포항 공판장 일원,대면,권오현,051-220-4502
감천문화마을골목축제,문화예술,10월중,감천문화마을 일원,대면,이승현,051-220-5925
금정산성축제,문화예술,5.24.~5.26.,금정산성광장 및 금정산 일원,혼합형,손민정,051-519-4062
 부산국제공연예술제,문화예술,9월중,부산대학로 및 금정구 일원,혼합형,신재훈,051-519-4066
회동호 가을빛 축제,문화예술,10월중,회동호 일원,혼합형,손민정,051-519-4062
라라라 페스티벌,기타,10월중,온천천,혼합형,박영주,051-519-4424
연제고분판타지축제,전통역사,3.22.~3.24.,"온천천시민공원, 연산동 고분군",대면,정의창,051-665-4064
강서 낙동강30리 벚꽃축제,생태자연,"3.29.~3.31.
(예정)",대저생태공원 일원,대면,전병대,051-970-4062
명지시장 전어축제,특산물,8월말,명지시장 일원,대면,박춘선,051-970-4472
대저토마토축제,특산물,3.23.~3.24.,강서체육공원,대면,김지영,051-970-4814
광안리어방축제,전통역사,5.10.~5.12.,광안리해변 및 수영사적공원 일원,대면,백승진,051-610-4062
사상강변축제,문화예술,"10월중
(2일간)",삼락생태공원 일원,대면,최윤정,051-310-4062
삼락벚꽃축제,문화예술,3.30.~31.,"삼락생태공원 일원, 낙동제방",대면,여가연,051-310-4064
기장멸치축제,특산물,4월중,대변항 일원,대면,하정훈,051-709-4502
기장미역다시마 축제,특산물,4월중,이동항 일원,대면,허민정,051-709-4612
정관생태하천학습문화축제,문화예술,6월중(하루),"정관읍 좌광천 일원, 중앙공원,윗골공원,구목정공원",대면,허윤정,051-709-4332
기장갯마을축제,주민화합,7~8월중,일광해수욕장,대면,배은미,051-709-4065
기장붕장어축제,특산물,9~10월중,신암항 일원,대면,김성민,051-709-4524
차성문화제,문화예술,10월중,기장현대차드림볼파크(미정),대면,정미옥,051-709-4062
철마한우불고기축제,특산물,"10월중
(예정)",철마도시 농업공원,대면,이희영,051-709-2893
기장군 가을꽃나들이 홍보행사,특산물,"10.17.~10.20.
(예정)",정관 중앙공원 일원,대면,김송희,051-709-4404
기장 쪽파파전 홍보행사,특산물,"11.9.~11.10.
(예정)",장안읍 일원,대면,박수란,051-709-4405
제46회 대구약령시한방문화축제,전통역사,05.08.~05.12.,대구약령시 일원,대면,김석현,053-803-6452
파워풀대구페스티벌,문화예술,05.11.~05.12.,국채보상로 일원,대면,류혜숙,053-803-3785
대구생활문화제 ,문화예술,05.11.~05.12.,생활문화센터 등 대구 일원,대면,조현숙,053-803-3738
형형색색 달구벌 관등놀이,전통역사,5월경,대구 전역,혼합형,박정남,053-803-3755
제18회 대구국제뮤지컬페스티벌,문화예술,06.21.~07.08.,대구오페라하우스 및 공연장,대면,김대영,053-803-3791
대구치맥페스티벌,기타(산업육성),7월초(5일간),두류공원,대면,최정애,053-803-3462
제21회 대구국제오페라축제,문화예술,10.04.~11.08.,대구오페라하우스 및 대구 일원,대면,김영진,053-803-3792
대구콘텐츠페어,기타(산업육성),10.11.~10.12.,엑스코,혼합형,김헌미,053-803-3801
팔공산 산중전통장터 승시 축제,전통역사,10월중,동화사,대면,장준,053-803-6513
대구포크페스티벌,문화예술,10월중,코오롱야외음악당,혼합형,이혜진,053-803-3746
월드오케스트라페스티벌,문화예술,10~11월중,대구콘서트하우스,대면,이혜진,053-803-3746
제35회 동성로축제,기타,05.10.~05.12.,동성로 일원,대면,김보경,053-661-2174
대구 문화유산 야행,문화예술,08.30.~08.31.(예정),경상감영,대면,정은주,053-661-2195
제11회 대구스트리트모터페스티벌,기타,9월중,남산동 자동차골목 일원,대면,차영미,053-661-3014
제19회 패션주얼리위크,문화예술,9월중,대구패션주얼리특구 일원(교동~동성로 일대),대면,황보람,053-661-2645
서문시장글로벌대축제,전통역사,10월중,서문시장 일대,혼합형,이태현,053-661-2675
교동시장한마음축제,전통역사,10월중,교동시장 일대,혼합형,이태현,053-661-2675
김광석길페스티벌,문화예술,10월중,김광석거리 일원,대면,김보경,053-661-2174
대구화교중화문화축제,문화예술,10월중,"대구화교소학교, 종로거리 일원",대면,김보경,053-661-2174
제13회 팔공산 벚꽃축제,생태자연,4월중,팔공산 동화지구,대면,김세미,053-662-4073
제23회 팔공산 단풍축제,생태자연,10월중,팔공산 갓바위지구,대면,김세미,053-662-4073
"달구벌목민관 부임
마을축제",전통역사,10월중,"서구일대 
북비산네거리",대면,김수현,053-663-2184
제29회 대덕제 「대구앞산축제」,문화예술,05.25.~05.26.,남구구민체육광장 일원,대면,김지혜,053-664-3262
제12회 로드페스티벌,문화예술,6월 예정,대명공연거리,대면,이지은,053-664-3263
2024 대구할로윈축제,문화예술,10월 예정,안지랑곱창골목,대면,김지혜,053-664-3262
제4회 떡볶이 페스티벌,문화예술,5월중,DGB대구은행파크,대면,이효영,053-665-2793
2024 금호강 바람소리길 축제,문화예술,9~10월중,금호강 산격대교 하단,대면,이미경,053-665-2172
수성못페스티벌,문화예술,09.22.~09.24.,수성못,대면,구혜련,053-666-2163
장미꽃 필 무렵,생태자연,05.17.~05.19.,이곡장미공원 등,대면,서준혁,053-667-2174
선사문화체험축제,전통역사,5월중,한샘청동공원 등,대면,김도균,053-667-2194
희망달서 대축제,기타(주민화합),10월중,달서아트센터 일원,대면,서준혁,053-667-2174
제28회 비슬산 참꽃 문화제,문화예술,4월중(2일),비슬산 일원,대면,이수권,053-668-2172
2024 yes! 키즈존,문화예술,"5월, 10월중(각1일)","강정보 디아크 광장, 국립대구과학관",대면,이수권,053-668-2172
송도 바람축제,문화예술,5월 중,송도 달빛축제공원 일원,대면,진정미,032-453-7093
청라 페스티벌,문화예술,5월 중,청라 호수공원 일원,대면,진정미,032-453-7093
영종 세계음식축제,문화예술,9월 중,영종 씨사이드파크 일원,대면,진정미,032-453-7093
청라 와인페스티벌,문화예술,10월 중,청라 호수공원 일원,대면,진정미,032-453-7093
2024년 인천대공원 벚꽃축제,문화예술,4. 6. ~ 4. 7.(예정),인천대공원,대면,함창환,032-440-5814
제4회 인천도시재생축제,기타,10월 중 (협의중),동구 일원,대면,이현선,032-260-5374
인천펜타포트음악축제,문화예술,5월~9월,송도달빛축제공원 등 인천전역,대면,김명훈,032-899-7423
INK콘서트,문화예술,9월,인천문학경기장,대면,설경호,032-899-7421
동인천 낭만축제,주민화합,10월,동인천역 북광장,대면,김상윤,032-899-7422
(가제) 상플 1·8부두 야시장,주민화합,6월 예정,상상플랫폼,대면,천나혜,032-899-7427
인천개항장문화재야행,전통역사,"6월, 10월",중구 개항장 일대,대면,강상규,032-899-7424
연안부두축제,문화예술,10월중,인천종합어시장,대면,조윤영,032-760-6445
2024 가족의달 어린이축제,문화예술,5. 4. ~ 5.,송월동 동화마을 일원 / 영종역사관 일원,대면,정예슬,070-4123-8950
2024 자유공원축제,문화예술,5월,자유공원일원,대면,최지훈,070-4123-8949
2024 동인천고고축제,문화예술,5월,학생문화회관 일원,대면,윤태석,070-4123-8945
2024 크리스마스 트리축제,문화예술,11월~2025년 1월,신포문화의거리 / 영종국제도시 일원,대면,윤태석,070-4123-8945
제35회 화도진축제,"전통역사, 문화예술",5월 중,"화도진공원, 동인천역북광장 일원",대면,권중혁,032-770-6923
화수부두 축제,"특산물, 기타",10월 중,화수부두 일원,대면,권중혁,032-770-6923
2024. 수봉산 문화공연,기타(주민화합 등),4월 중,수봉공원 정상부(예정),대면,심주희,032-880-7427
제4회 수봉산페스티벌,기타(주민화합 등),9월 중,수봉공원 인공폭포(예정),대면,심주희,032-880-7427
제21회 미추홀미디어문화축제,기타(주민화합 등),9월 중 ,주안역 남광장(예정),대면,조봄,032-880-7978
크리스마스트리 축제,기타(주민화합 등),12월 중,미추홀구 관내(예정),대면,조봄,032-880-7978
제12회 연수 능허대 문화축제,기타,미정,관내공원,대면,김영애,032-749-7332
제5회 新송도해변축제,기타,미정,관내공원,대면,정소윤,032-749-7333
제24회 소래포구축제,생태자연,9~10월중,소래포구 일원,대면,김미진,032-453-2142
주민자치 축제 한마당,기타(주민화합),9~10월중,만수동 일원(예정),대면,김대혁,032-453-2203
2024년 제28회 부평풍물대축제,문화예술,09.27.~09.29.,부평대로 등 부평일원,대면,손기우,032-509-6425
정서진 해넘이 행사,기타,12.1.~12.31.,정서진,대면,이가영,032-560-5933
"크리스마스트리 문화행사
정서진 with 크리스마스",기타,12.1.~12.31.,정서진,대면,이가영,032-560-5933
고려산 진달래꽃구경,생태자연,4월중,강화군 고려산일원,대면,현혜선,032-930-3622
삼랑성역사문화축제,전통역사,10월중,전등사 일원,대면,최준용,032-930-3578
"강화 와글와글 원도심 
활성화 행사",기타,"5월, 10월중",강화읍 일원,대면,구윤자,032-930-3566
강화문화재야행,전통역사,9월중,강화읍 일원,대면,구윤자,032-930-3566
강화 화개정원 축제,생태자연,10월 중,화개정원 일원,대면,이예지,032-930-3562
연평꽃게걷기축제,특산물,06.10.~06.11.,연평면 일원,대면,정종혁,032-899-2262
영흥풍어기원제,전통역사,03.04.,영흥면 일원,대면,정종혁,032-899-2262
섬마을밴드음악축제,문화예술,10.01.,옹진군 일원,대면,정종혁,032-899-2262
"제8회 옹진군수배
전국바다낚시대회",기타,4. 19.(예상),영흥면 진두항,대면,김성웅,032-899-2714
"영흥수협 수산물 
소비축제 지원",특산물,9. 28.~29.(예상),영흥면 진두항,대면,정진화,032-899-2713
제12회 장봉도 벚꽃축제,생태자연,4.13.(변경가능),옹암해수욕장 일원,대면,김주한,032-899-3414
아트피크닉,문화예술,4월~11월(예정),"시청 야외광장, 중외공원 등",대면,서수현,062-613-3432
대인예술시장,문화예술,5월~12월(예정),대인예술시장내,대면,마경덕,062-613-3433
제12회 도서관문화마당,문화예술,05.10.~05.11.,시청 시민광장,대면,정소라,062-613-7733
제16회 세계인의 날 기념행사,기타(주민화합 등),05.20.,미정,대면,이창열,062-613-1443
2024 광주스트릿컬처 페스타,문화예술,06.06~06.09,국립아시아문화전당 일원,대면,김보예,062-613-3644
2024 광주청년주간,문화예술,9월중,미정,대면,박지혜,062-613-2721
광주국제미술전람회 '아트광주24',문화예술,09.26.~09.29.,김대중컨켄션센터 외,대면,최수연,062-613-3429
제15회 광주비엔날레,문화예술,09.07.~12.01.,광주비엔날레전시관 및 광주 전역,대면,송지연,062-613-3431
2024 프린지페스티벌,문화예술,09.27.~09.29.,5·18민주광장 일원,대면,장기혜,062-613-3182
제31회 광주김치축제,전통역사,10월중(예정),광주광역시 일원,대면,이화영,062-613-3992
제21회 광주 추억의 충장축제,문화예술,10.02.~10.06.,"5․18민주광장 및 국립아시아문화전당, 충장로, 금남로, 예술의 거리 등 광주 일원",대면,김시원,062)608-4674
제3회 광주 버스킹 월드컵,문화예술,10.02.~10.06.,"5.18민주광장, ACC하늘마당 등",혼합형,박석주,070-4400-6554
2024 광주 문화유산 야행 '돌의 기억',문화예술,04.26.~04.27.,5.18민주광장,대면,곽희선,062-608-2403
제4회 동명동 커피산책,문화예술,10~12월 중(미정),동명동 카페거리 일원,대면,최형호,062-608-2372
2024 무등산인문축제,문화예술,06.01.~06.02.,무등산 국립공원 증심사지구 일원,대면,이정아,062-608-2173
2024 양림&크리스마스 문화축제,문화예술,12.01.~12.31,양림동 일원,대면,임소화,062-607-2316
제41회 고싸움놀이축제,문화예술,02.23. ~ 02.25.,고싸움놀이테마파크 일원,대면,김채원,062-607-2315
인문학축제 제13회 굿모닝양림,문화예술,10월중(약2주간),양림동 일원,대면,김민아,062-607-2312
제9회 광주서창억새축제,생태자연,10월 초,영산강변,대면,김성환,062-350-4792
제2회 양동통맥축제,기타(주민화합 등),"4월 / 3~4주 금,토 ",양동전통시장 일원,대면,이정민,062-360-7683
제2회 광산뮤직ON페스티벌,문화예술,05.04.~05.05.,황룡친수공원 일원,대면,전동익,062-960-6854
대청호 봄축제(가칭),생태자연,03.29.~03.31.,벚꽃한터 및 충암누리길 일원,대면,변승연,042-251-6683
2024년 상소캠핑요리축제,기타,5.18.~5.19.,상소오토캠핑장,대면,양선영,042-251-4662
"문화재 야행 「밤하늘, 달콤한 문화산책」",문화예술,5.24~5.25.,"목척교 수변공원, 동구 문화유산 5개소",대면,민덕선,042-251-4202
2024 대전 0시 축제,문화예술,8.9.~8.17.,중앙로(대전역~옛 충남도청) 일원 1km구간,대면,심상욱,042-270-3977
대전 동구동락 축제,문화예술,10월중,소제동 및 대동천 일원,대면,이재일,042-251-6673
인쇄UP 아트페스티벌,문화예술,9~10월중,동구 인쇄특화거리,대면,이지수,042-251-4205
제15회 대전효문화뿌리축제,전통역사,9월~10월중,뿌리공원 및 원도심 일원,대면,강희일,042-606-6292
2024 대전 서구 아트페스티벌,문화예술,10.11.~10.13.(예정),샘머리공원 및 보라매공원 일원,대면,안태현,042-288-2742
제14회 녹색체험여행,생태자연,10.04.~10.05.(예정),흑석동 노루벌 일원,대면,이수진,042-288-2152
2024 유성온천문화축제,문화예술,05.10.~05.12.,유성구 온천로 일원,대면,심유리,042-611-2080
2024 유성재즈&맥주 페스타,문화예술,08.23.~08.25.,유성구 유림공원,대면,심유리,042-611-2080
2024 유성온천 크리스마스축제,문화예술,12.06~12.08.,유성구 온천로 일원,대면,심유리,042-611-2080
2024 대전 K-힙합페스티벌,문화예술,미정,대흥동 우리들공원 일원,대면,조아정,042-270-3976
2024 대한민국 과학축제,문화예술,4.26.~4.28.,"엑스포시민광장, 엑스포과학공원, e스포츠경기장",대면,이용윤,042-270-0312
2024 대전사이언스페스티벌,문화예술,10.18.~10.20.,"대전컨벤션센터, 엑스포시민광장, 엑스포과학공원",대면,이용윤,042-270-0313
2024 대덕물빛축제,문화예술,03.29.~05.06.,대청공원,대면,현수영,042-608-6732
제27회 동춘당문화제,전통역사,4.27,동춘당공원일원,대면,노승민,042-608-6574
2024 대덕거리 맥주페스티벌,문화예술,2024.5월 중(미정),미정,대면,김용성,042-608-6923
제13회 김호연재 여성문화축제,전통역사,9월중,동춘당공원일원,대면,노승민,042-608-6574
2024년 제8회 장동계족산 코스모스축제,생태자연,9월~10월중,대덕구 장동 만남공원 일원,대면,전수은,042-608-6945
2024 울산공업축제,기타(주민화합 등),10.10.~10.13.,울산 관내 전역,대면,노혜영,052-229-2722
울산태화강 대숲납량축제,기타,08.11.~08.14.,태화강 국가정원,대면,이영주,052-229-3755
울산서머페스티벌,문화예술,8월 중,5개 구군,대면,신정은,052-229-3752
아시아 퍼시픽 뮤직 페스티벌,문화예술,9월 중,문화예술회관,대면,배은아,052-229-3754
울산 추억 감성 대향연,기타(주민화합 등),10월 중,태화강국가정원 남구 둔치,대면,최봉섭,052-229-4822
제16회 울산대공원 장미축제,생태자연,05.22.~05.26,울산대공원 남문일원,대면,김정미,052-229-3343
태화강국가정원 봄꽃축제,생태자연,05.17.~05.19.,태화강국가정원,대면,김현,052-229-7562
태화강국가정원 가을축제,생태자연,10.25.~10.27.,태화강국가정원,대면,김현,052-229-7562
태화강 억새나들이,생태자연,10.21.~10.22.,태화강 명촌 억새군락지,대면,이영,052-229-8522
정원생태문화축제,생태자연,4월 중,태화강국가정원 야외공연장,대면,김영준,052-229-8533
119안전문화축제,문화예술,06.28.~06.29.,UECO(울산전시컨벤션센터),혼합형,김정식,052-229-5331
태화강마두희축제,전통역사,6월 중순,중구 원도심 일원,대면,심명희,052-290-3662
눈꽃축제,기타(주민화합 등),12월 중,중구 원도심 일원,대면,배소혜,052-290-3324
태화강국제재즈음악제,문화예술,5월 중,태화강 국가정원 야외공연장,대면,최수진,052-290-3663
반려동물 축제,생태자연,5월 중,문수국제양궁장 및 애견운동공원 일원,대면,김향미,052-226-5261
2024 삼호 버드페스티벌,생태자연,11.09.~11.10.,태화강국가정원 삼호철새공원 일원,대면,안지연,052-226-4902
2024 울산 남구 청년 페스타,문화예술,9월 중,삼호철새공원,대면,박수진,052-226-3272
궁거랑 벚꽃 한마당,"기타(문화,관광)",3월 중,무거생태하천일원,대면,이현서,052-226-5412
남구강변영화제,문화예술,8월 중,태화강둔치,대면,정성연,052-226-5413
태화강 빛 축제,문화예술,9월 중,태화강둔치,대면,정성연,052-226-5413
그린 차박 페스티벌 in 울산,기타(관광),04.26.~04.28.,장생포 (구)미포조선 부지,대면,박정용,052-226-3404
장생포 수국페스티벌,기타(관광),6월 중,고래문화마을 일원,대면,안휘림,052-226-5372
장생포 한여름 밤의 호러페스티벌,기타(관광),8월 중,고래문화마을 일원,대면,안휘림,052-226-5372
제28회 울산고래축제,"기타(문화,관광)",09.26.~09.29.,장생포고래문화특구 일원,대면,이희선,052-226-3403
제16회 울산조선해양축제,기타,07.19.~07.21.(예정),일산해수욕장,대면,김기남,052-209-3502
제20회 울산쇠부리축제,전통역사,05.10.~05.12.,"달천철장, 북구청",혼합형,최현희,052-241-7333
제24회 울산옹기축제,전통역사,05.04.~05.06.,외고산 옹기마을 일원,대면,이나라,052-204-0355
2024 울주 트레일 나인피크 대회,기타(스포츠관광),10.24.~10.27.,영남알프스 복합웰컴센터,대면,김민수,052-204-0344
울주해양레포츠 대축전,기타,08.24.~08.25.,진하해수욕장,대면,박동우,052-204-1143
언양 한우불고기 축제,특산물,9.~10월(예정),미정,대면,안종태,052-204-1624
2024년 울산울주세계산악영화제,문화예술,10월 중,영남알프스 복합웰컴센터 일원,혼합형,박지선,052-204-0312
간절곶해맞이축제,기타(주민화합 등),12.31.~25.01.01.,서생 간절곶 일원,대면,정수주,052-204-0313
제13회 우시산국축제,전통역사,미정,미정,대면,김강현,052-204-0314
울산배축제,특산물,10월 중,울산원예농협 하나로마트 일원,대면,현지은,052-204-1532
제5회 울산 작천정 벚꽃축제,생태자연,3.~4월(벚꽃개화시기에 따라 기간 확정),울주군 삼남읍 교동리 일원,대면,장용운,052-204-1753
울주음식문화축제,기타(음식),10월 중,미정,대면,정미화,052-204-2222
제22회 세종조치원복숭아축제,특산물,7월말~8월초,조치원읍 일원,대면,윤희범,044-300-2512
2024 세종축제,문화예술,10.9.~10.12.,"세종호수공원, 세종중앙공원",대면,구민,044-300-3443
제17회 세종전의조경수묘목축제,생태자연,3.01.~5.31.,세종전의묘목플랫폼,대면,이혜지,044-300-4413
2024 조치원 봄꽃축제,생태자연,5.11~5.12.,조치원읍 일원,대면,이지안,044-301-5057
제61회 수원화성문화제,"문화예술, 전통역사",10.4.~10.6.,수원화성,대면,이유진,031-228-3068
정조대왕 능행차 공동재현,"문화예술, 전통역사",10.5.~10.6.,수원화성,대면,김현진,031-228-3389
수원화성 미디어아트,"문화예술, 전통역사",9.28.~10.20.,수원화성,대면,강유경,031-228-2454
제10회 경기공연예술페스타,문화예술,01.25.~01.28.,용인포은아트홀 외,대면,강솔,031-260-3382
제19회 포은문화제,전통역사,10.05.~10.06.,포은 정몽주선생 묘역 ,대면,김수민,031-324-2097
제10회 백암 백중문화제,기타(주민화합 등),08.24.~08.25.,백암면 전통시장,대면,박나리,031-324-5792
제8회 정평천 벚꽃 문화 민속 축제,기타(주민화합 등), 04.05.~04.06.,정평천 일대 ,대면,신연아,031-324-8052
도농어울림축제,기타(체험 및 전시),"4.26~5.12
(중 2일)
10.01~10.20 (중 2일)",용인농촌테마파크,대면,유은상,031-324-4024
제24회 용인사이버과학축제,기타(주민화합 등),09.28.~09.29.,용인미르스타디움,대면,심진희,031-324-2083
제36회 고양행주문화제,"문화예술, 전통역사",5.17.~5.19.,"행주산성, 행주산성 역사공원 일원",대면,권민주,031-8075-3372
2024 고양호수예술축제,문화예술,10.11.~10.13.,"일산호수공원, 일산문화광장 일원",대면,권민주,031-8075-3372
제4회 행주가 예술이야,"문화예술, 전통역사",09.27.~10.13.,행주산성,대면,성남신,031-8075-3404
2024고양국제꽃박람회,"문화예술, 생태자연, 특산물",4.26.~5.12.,일산호수공원,대면,김인경,031-8045-4252
2024 성남페스티벌,과학문화예술,10.3.~10.6.(예정),성남 일원,대면,윤승희,031-729-2972
GXG 2024 성남게임문화축제,문화예술,9월중(예정),판교역 광장 등,대면,서형동,031-750-2870
제10회 복정 어울림 빛 축제,기타(주민화합 등),2024.12월 중,복정동 분수광장 일대,대면,김민성,031-729-5842
제14회 화성뱃놀이 축제,생태자연,5.31.~6.2.,전곡항 일원,혼합형,이장훈,031-5189-6136
세계인의 날 기념식 및 문화다양성축제,문화예술,5.25~5.26,화성종합경기타운,대면,이은영,031-5189-6200
제14회 화성뱃놀이 축제,생태자연,5.31.~6.2.,전곡항 일원,혼합형,이장훈,031-5189-6136
2024 제16회 품앗이 공연예술축제,문화예술,8.23.~8.25.,민들레연극마을,대면,김동진,031-290-4626
제10회 화성송산포도축제,특산물,9.7.~9.8.,"서신 궁평항 일원, 동탄호수공원(예정)",대면,문성민,031-5189-6441
"제1회 화성시 도서관 축제 ""북페스티벌""",문화예술,9.28.~9.29.,화성시립남양도서관 및 남양역사문화공원,대면,차은아,031-5189-2109
제2회 화성시 도농 어울림 축제,특산물,9.28.~9.29.,동탄여울공원,대면,김기룡,031-5189-6335
2024 정조효문화제 및 정조대왕 능행차,전통역사,10.5.~10.6.,정조효공원 등,대면,조경신,031-5189-3835
제2회 화성루나빛축제,문화예술,10.26.~11.1.,동탄호수공원 운답원 일원,대면,조경신,031-5189-3835
제27회 부천국제만화축제,문화예술,10.3.~10.6.,"부천시청, 한국만화박물관 등",혼합형,김종명,032-625-9377
제8회 국제코스프레 페스티벌,문화예술,10.3.~10.6.,"부천시청, 한국만화박물관 등",혼합형,김종명,032-625-9377
제26회 부천국제애니메이션페스티벌,문화예술,10.25.~10.29.,"부천시청, 한국만화박물관 등",혼합형,이수지,032-625-9372
제28회 부천국제판타스틱영화제,문화예술,7.4.~7.14.,"부천시청, 부천아트센터 등",대면,김은재,032-625-2961
제39회 복사골예술제,문화예술,5.3.~5.5.,"시청 잔디광장, 중앙공원 등",대면,양진,032-625-3112
제24회 진달래축제,생태자연,3.30~31.(예정),춘의동(원미산) 일원,대면,김근호,032-625-5664
제26회 부천 도당산 벚꽃축제,문화예술,3.30.~3.31.(예정),도당동(도당산 벚꽃동산) 일원,대면,금동현,032-625-5683
제3회 부천건축문화제,문화예술,10월 중(3일간),삼정동 일원,대면,윤대영,032-625-3522
제19회 광릉숲축제,문화예술,9. 28. ~ 29.,남양주시 진접읍 광릉숲 일원,대면,임희주,031-590-4742
제38회 다산정약용문화제,문화예술,10. 11. ~ 12.,남양주시 조안면 정약용유적지 일원,대면,송혜린,031-590-2799
제20회 안산국제거리극축제,문화예술,5.4.~5.6.,안산문화광장 및 안산호수공원,대면,이수연,031-481-2068
제27회 성호문화제,문화예술,5. 25 ~ 5. 26.,성호공원 일원,대면,서해규,031-481-2066
제38회 별망성예술제,문화예술,9.7.~9.8.,안산선부광장,대면,이수연,031-481-2068
2024년 안산대부포도축제,특산물,9월 중,대부바다향기테마파크,대면,임아름,031-481-2317
제5회 김홍도 축제,전통역사,10. 4. ~ 6.,화랑유원지 일원,대면,김나영,031-481-3511
"정조대왕 능행차 공동재현
(제14회 안산읍성 문화예술제)",전통역사,10. 6.,안산읍성 일원,대면,서해규,031-481-2066
2025 안산 천년의 종 타종행사,기타(주민화합 등),12. 31. ~ 1. 1.,화랑유원지 일원,대면,서해규,031-481-2066
평택호 물빛축제,문화예술,9월중(2일간),평택호,대면,조인혁,031-8053-3542
한미 어울림 축제,문화예술,10월 중(2일간),미군부대 앞 거리,대면,양희은,031-8024-5336
한미친선 한마음 축제,문화예술,5월 중(2일간),안정리 로데오 거리,대면,양희은,031-8024-5336
한미친선 문화 한마당,문화예술,10월 중(2일간),신장쇼핑몰,대면,양희은,031-8024-5336
할로윈축제(신장),문화예술,10월 말,신장쇼핑몰,대면,양희은,031-8024-5336
할로윈축제(팽성),문화예술,10월 말,안정리 로데오 거리,대면,양희은,031-8024-5336
평택 꽃 나들이,문화예술,2024. 4. 20.~2024. 4. 24.,평택시농업생태원 일원,대면,최재구,031-8024-4665
평택 가을 수확축제,문화예술,2024. 10. 중,평택시농업생태원 일원,대면,최재구,031-8024-4665
송탄관광특구 한마음대축제,기타(주민화합 등),9월 중,서정동 관광특구로 일대,대면,문종효,031-8024-3291
안양충훈벚꽃축제,생태자연,4월 중(2일간),석수3동 충훈2교 일대,대면,김서인,031-8045-2064
안양춤축제(안양시민축제),기타(주민화합 등),9월 중(3일~5일간),평촌중앙공원 등,대면,김서인,031-8045-2064
안양1번가 넘버원 페스티벌,기타(주민화합 등),11월중(3일간),안양1번가 일원,대면,오정근,031-8045-5122
제33회 안양예술제,예술축제,5월중(2일간),평촌중앙공원,대면,천수정,031-8045-5593
제19회 시흥갯골축제,생태자연,9월중 3일,시흥갯골생태공원,대면,전수경,031-310-2916
거북섬 사계절 축제,기타,"5월중, 10월중, 12월중 (예정)",시흥시 거북섬 일원,대면,김미리,031-310-2911
거북섬 해양축제,기타,7~8월중,시흥시 거북섬 및 웨이브파크 일원,대면,김미리,031-310-2911
제31회 물왕예술제,문화예술,5.10.~5.12,"대야 비둘기공원, 목감 산현공원",대면,김송주,031-310-6731
연성문화제,전통역사,7~8월중,연꽃테마파크일원,대면,공예슬,031-310-6702
김포 도심축제,문화예술,10월 중,장기동 라베니체,혼합형,이진형,031-980-5104
해병대축제,문화예술,5월중,대명항 일원,혼합형,이진형,031-980-5104
2024 김포 아라마린 페스티벌,문화예술,6월 중,김포 아라마리나,혼합형,김예린,031-980-5112
월곶 저잣거리 축제,전통역사,9월 중,김포 월곶면 군하리,혼합형,김주경,031-980-5113
파주출판도시 어린이책잔치,문화예술,5. 4.~5. 6.,파주출판도시,대면,한주원,031-940-4723
헤이리 판 페스티벌,문화예술,10.05.~10.13.,헤이리 예술마을,대면,최은진,031-940-4722
제34회 율곡문화제,전통역사,10.12.~10.13.,파주이이유적지,대면,나광준,031-940-4351
파주북소리 축제,문화예술,10.18.~10.20.(예정),아시아출판문화정보센터,대면,윤수진,031-940-4721
제19회 파주개성인삼축제,특산물,10.19.~10.20.,임진각광장,대면,조형준,031-940-5282
제28회 파주장단콩축제,특산물,11.22.~11.24.,임진각광장,대면,유인호,031-940-5281
제29회 남한산성문화제,문화예술,9월 말~10월 초(미정),남한산성도립공원,대면,김지희,031-789-5741
제27회 광주왕실도자기축제,문화예술,5.3.~5.15.(예정),곤지암도자공원,대면,배은지,031-760-1729
제22회 퇴촌토마토축제,특산물,6.14.~6.16.,"광동로 일원(회전교차로↔온누리약국 
사거리)",대면,마동준,031-760-4819
오리문화제,전통역사,5월 중,광명시민체육관,대면,정지연,02-2680-6498
구름산예술제,문화예술,하반기,(미정),대면,김진희,02-2680-2160
광명동굴 대한민국 와인페스티벌,문화예술,9월(예정),광명동굴,대면,장수진,02-2680-6059
2024 페스티벌 광명,문화예술,10월(예정),광명시민운동장,대면,한준섭,02-2680-5284
광명농악대축제,전통역사,10월 중,미정,대면,신상연,02-2680-6144
광명동굴 빛 축제,문화예술,12월(예정),광명동굴,대면,장수진,02-2680-6059
하남이성산성문화제,전통역사,9.28.~9.29,하남이성산성,대면,임지영,031-5182-1359
군포철쭉축제,생태자연,4.20.~4.28.(예정),군포철쭉공원 초막골생태공원 등,대면,홍유나,031-390-0063
제15회 오산 독산성문화재,전통역사,10.12.~10.13,고인돌공원 및 독산성 세마대지 일원,대면,김성민,031-8036-7612
(가칭)오산 산타 마켓(제2회 오산 크리스마스 마켓),주민화합,11.22.~12.24.,오산역 광장 및 아름다로,대면,김경재,031-8036-7608
제11회 야맥축제,주민화합,6월 중,오색시장,대면,박새봄,031-8036-7553
2024 양주! 드론봇 페스티벌,기타(산업축제),05.24.~05.26.,가납리비행장,대면,박민주,031-8082-6161
2024 양주 회암사지 왕실축제,전통역사,05.10.~05.12.,회암사지 일원,혼합형,정겨운,031-8082-5653
2024 양주 천만송이 천일홍축제,생태자연,09.28.~09.29.,나리농원 일원,대면,정겨운,031-8082-5653
양주문화유산 야행,전통역사,09.27~09.29,양주관아지 일원,대면,이경민,031-8082-5673
제38회 이천도자기축제,"문화예술, 전통역사, 특산물(품), 기타(주민화합)",04. 25. ~ 05. 06.,이천도자예술마을(예스파크),대면,이유정,031-645-3682
제23회 이천쌀문화축제,"문화예술, 체험, 전통역사, 특산물, 기타(주민화합 등)",10. 16. ~ 10. 20.,이천시 농업테마공원,대면,임병웅,031-644-4137
제10회 이천체험문화축제,기타(주민화합),04.13. ~ 04.14,이천도자예술마을(예스파크),대면,이실화,031-645-3679
제8회 이천인삼축제,특산물,10.25 ~ 10.27,이천인삼판매센터,대면,성우석,031-644-2322
제28회 햇사레 장호원복숭아축제,특산물,9.20. ~ 9.22.,햇사레농산물산지유통센터,대면,김우치,031-644-2323
제25회이천백사산수유꽃축제,생태자연,3월말 ~ 4월초,산수유마을,대면,강선영,031-644-8518
제21회 설봉산 별빛축제,문화예술,07.13 ~ 08.10.,설봉공원,대면,박재민,031-645-3662
제14회 이천시평생학습축제,"기타(평생학습 결과물 전시, 체험, 공연 등)",9월 예정(9/7~9/8예정),설봉공원,대면,류이타,031-644-4333
2024 구리 유채꽃 축제,"문화예술, 생태자연",5월 중(3일),구리한강시민공원,대면,박영숙,031-550-2065
2024 구리 코스모스 축제,"문화예술, 생태자연",10월 중(3일),구리한강시민공원,대면,박영숙,031-550-2065
제2회 구리 빛 축제,문화예술,11월~12월 중(20일간),구리광장 및 돌다리사거리,대면,박영숙,031-550-2065
제2회 구리문화예술축제,문화예술,10월중(2일),미정,대면,유다영,031-550-2550
동구릉 힐링예술제,문화예술,10월중(2일),동구릉,대면,박관수,031-550-8362
구구구페스타,문화예술,09.01.~09.30.,미정,대면,유다영,031-550-2550
제18회 구리시 평생학습축제,문화예술,10월중 (3일),구리한강시민공원 등 일원,대면,최혜경,031-550-8773
제19회 구리전통시장 거리축제,문화예술,10월중,구리전통시장 일원,대면,김형진,031-550-8797
2024 MSG 마신는 구리 축제,"상권활성화, 특화상품
문화예술, 시민참여",4 ~5중 예정,미정,대면,손민재,031-550-8389
안성맞춤 남사당 바우덕이 축제,문화예술,10월 초,안성맞춤랜드,대면,전윤미,031-678-5414
안성맞춤포도축제,특산물,9월 말~10월 초,서운면 일원,대면,김창기,031-678-5995
죽주대고려문화축제,전통역사,9월 말~10월 초,동안성시민복지센터,대면,김창기,031-678-5995
의왕철도축제,"문화예술, 생태자연", 5. 4.~5. 5.(예정),"왕송호수 공원, 철도박물관 등",대면,박지혜,031-345-2548
의왕백운호수축제,"생태자연, 주민화합",9. 28.~9. 29.(예정),의왕 백운호수 주차장,대면,박지혜,031-345-2548
2024 포천아트밸리 뮤직페스티벌 (PAMF),문화예술,05.26.~05.27.,포천아트밸리 일대,대면,신영준,031-535-5010
한탄강 지오 페스티벌,문화예술,미정,한탄강 비둘기낭 폭포 일원,대면,신영준,031-535-5010
제4회 포천 화적연 실경 창작 공연,문화예술,9월 중,화적연 일원,대면,신영준,031-535-5010
제27회 포천 산정호수 명성산 억새꽃 축제,문화예술,10.11.~10.27.,"산정호수, 명성산 일원",대면,신영준,031-535-5010
포천 인문學숲&북 페스티벌(가제),문화예술,05.24.~05.25.,포천종합운동장 (예정),대면,남가영,031-538-3033
식품안전의 날,문화예술,2024.10월중,포천시 종합운동장,대면,윤미헤,031-538-3607
포천 축산 그랜드페스티벌,특산물,5.31.~6.2.,포천종합운동장 일원,대면,양종문,031-538-3861
백운계곡 동장군 축제,생태자연,24.12.23.~25.2.4.,백운계곡,대면,김종하,031-538-4009
포천 시민의날 축제,기타(주민화합 등),2024. 10.,포천종합운동장,대면,이슬기,031-538-2534
제14회 용문산 산나물 축제,특산물,4.26.~4.28.,용문산 관광지,대면,고영운,031-770-1072
제4회 양강섬 예술축제 <페스티벌 다다>,문화예술,10.중,양강섬 일대,대면,배다은,031-770-2472
제2회 우리밀 축제,생태자연,06.06.~,지평면 일대,대면,윤혜성,031-770-3399
제2회 겨울엔양평,기타(경제활성화),24.12.~25.1.,양평군 일대,대면,고영운,031-770-1072
제36회 여주도자기축제,특산물,05.03.~05.12.(예정),신륵사관광단지,대면,이용수,031-881-9692
2024 여주오곡나루축제,특산물,10.18.~10.20.(예정),신륵사관광단지,대면,윤인선,031-881-9693
제3회 여주선비장터축제,"특산물, 주민화합",10.12.~10.13.,가남 태평리 대신천변 일원,대면,장은영,031-887-3835
제8회여주흥천남한강벚꽃축제,생태자연,04.05.~04.07.,벚꽃축제장 귀백리산7번지일원,대면,정초롱,031-887-3875
제18회 금사참외축제,특산물,05.24.~05.26.,금사근린공원 일원,대면,김민주,031-887-3893
제20회 산북품실축제,전통역사,10.26.~10.27.(예정),산북면 체육공원,대면,임종국,031-887-3913
제24회 동두천 락 페스티벌,문화예술,8월중,소요산주차장특설무대,대면,최민희,031-860-2105
제36회 소요단풍문화제,문화예술,10월중(예정),소요산야외음악당,대면,조대훈,031-860-2063
제4회 DDC 할로윈 거리예술 축제,문화예술,10월말,보산동 관광특구,대면,이정민,031-860-2275
과천공연예술축제,문화예술,9.27.~9.29.,과천시 일원,대면,라다혜,02-3677-2065
청춘역1979 페스티벌,문화예술,9월 중,경기도 가평군 청평면 청춘역 1979,대면,노기영,031-580-4426
제21회 자라섬 재즈페스티벌,문화예술,10.18.~10.20.,경기도 가평군 가평읍 자라섬,대면,노기영,031-580-4426
2024 Colorful Garden 자라섬 꽃 페스타(봄),문화예술,5.25.~6.16.,경기도 가평군 가평읍 자라섬,대면,지수정,031-580-2098
2024 Colorful Garden 자라섬 꽃 페스타(가을),문화예술,9.14.~10.27.,경기도 가평군 가평읍 자라섬,대면,지수정,031-580-2098
제31회 연천 구석기 축제,전통역사,05.03.~05.06.,연천전곡리유적,대면,정세미,031-839-2378
2024 연천군 국화전시회,생태자연,10월중 예정,연천전곡리유적,대면,조명희,031-839-4238
제9회 연천장남 통일바라기 축제,생태자연,9월중 예정,연천 호로고루,대면,이호중,031-839-2740
제3회 연천당포성 별빛축제,생태자연,미정(하반기),연천 당포성,대면,황진호,031-839-2606
연천율무축제(연천농특산물큰장터),특산물,10월말 예정,연천전곡리유적,대면,정우성,031-839-2314
고려인삼축제,특산물,10월초 예정,연천전곡리유적,대면,정우성,031-839-2314
임진강 댑싸리공원전시,생태자연,09.01.~10.31.,댑싸리공원,대면,이상호,031-839-2739
춘천호수 드론 라이트쇼,문화예술 ,5월중,중도동 357-41 일대,대면,신민아,033-250-3072
춘천막국수닭갈비축제,특산물(먹거리),5월중,중도동 357-41 일대,대면,이정헌,033-250-3068
2024 온세대 합창페스티벌,문화예술,8월중,춘천문화예술회관,대면,김찬미,033-259-5826
2024 석사천 재즈 페스타,문화예술,10월중,석사천 일원,대면,이경진,033-259-5452
2024 춘베리아 특급열차,문화예술,12월중,미정,대면,이경진,033-259-5453
제45회 소양강문화제,문화예술,09.28.~09.29.,시청 호반광장,대면,이정아,033-250-3061
제36회 춘천인형극제,문화예술,08.01.~12.26.,춘천인형극장 및 춘천시내 일원,대면,민성은,033-250-3067
춘천 토이페스티벌,기타(관광),10월 중,서면 애니메이션박물관 일원,대면,이원희,033-250-4813
춘천마임축제,문화예술,05.26.~06.02,"레고랜드 주차장, 몸짓극장 등",대면,염진희,033-250-3485
춘천연극제,문화예술,6.28.~10.19.,"봄내극장, 석사천 등",대면,조유영,033-250-3226
제23회 섬강축제,생태자연,08.23.~08.25.,간현관광지 주차장,대면,류설아,033-737-5125
제18회 원주 용수골 꽃양귀비축제,생태자연,5월중 ,판부면 서곡리,대면,류설아,033-737-5125
제21회 장미축제,기타,05.29.~06.02.,단계동 장미공원,대면,류설아,033-737-5125
2024 원주 댄싱카니발,문화예술,10.03.~10.05.,원주 댄싱공연장 일원,대면,신호섭,033-737-5123
제26회 원주한지문화제,문화예술,10.03.~10.06.,원주한지테마파크 일원,대면,신호섭,033-737-5123
치악산 찰옥수수 축제,특산물,7월 중,문막체육공원,대면,엄일식, 033-737-4131
치악산 복숭아 축제,특산물,8월 중,댄싱공원장 일원,대면,엄일식, 033-737-4131
치악산 고구마 축제,특산물,11월 중,간현관광지 일원,대면,엄일식, 033-737-4131
2024 경포 벚꽃 축제,자연,03.29.~04.03.,경포대 및 경포호 일원,대면,이수연,033-640-5130
강남동 새봄맞이 축제,생태자연,03.31.~04.02.,남산 근린공원,대면,이예담 ,033-660-2604
솔올 동행축제,자연,3월 말 ~ 4월 초,솔올동행축제,대면,남동우,033-660-3797
제2회 초당미식로드축제 「초당도시락(樂)」,기타,5월중,"국립강릉원주대 해람홍보관
(초당순두부길 86)",대면,이송,033-640-5130
강릉단오제,전통역사,06.06.~06.13.,강릉남대천 일원,대면,홍지화,033-640-5580
제3회 강릉 비치비어페스티벌,기타,06.28.~06.30.,경포해변 중앙광장,대면,이수연,033-640-5130
풍호마을축제,기타,07.26.~07.28.,강동면 풍호길 100-1,대면,최지경,033-640-5167
2024 경포 썸머페스티벌,기타,07.31.~08.04.,경포해변,대면,이수연,033-640-5130
주문진 해변축제,특산물,08.02.~08.04.,주문진해변,대면,최진오,033-660-3426
강릉문화재야행,기타,09.05.~09.07.,강릉대도호부관아 일원,대면,정지원,033-640-5585
제2회 경포 등 축제,기타,09.14.~09.18.,강릉시 습지광장 및 경포대 일원,대면,원영실,033-640-5904
제16회 강릉커피축제,기타,10.03.~10.06.,강릉올림픽파크 일원,대면,이해연,033-640-5049
제3회 강릉 누들축제,특산물,10.25.~10.27.,월화거리,대면,이수연,033-640-5130
제3회 강릉와인축제,기타,11월중,강릉월화거리 일원,대면,이해연,033-640-5049
제4회 강릉크리스마스 겨울축제,기타,12.21.~12.25.,강릉월화거리 일원,대면,이해연,033-640-5049
2025 해돋이 행사,기타,12.31.~01.01.,"경포해변, 정동진",대면,이수연,033-640-5130
제11회 전천제,"문화예술, 주민화합",4월중,북평동 전천일원,대면,김미진,033-539-8034
동해항 크랩킹페스타,특산물,04.12.~04.14.,북평제2일반산업단지일원,대면,조정애,033-539-8417
제6회 묵호등대 논골담길 축제,문화예술,06.15.~06.16.,묵호항 수변공원,대면,박정윤,033-539-8522
제2회 무릉별유천지 라벤더 축제,생태자연,06.04.~06.21.,무릉별유천지,대면,심정현,033-539-8804
묵호도째비페스타,특산물,07.12.~07.14.,묵호항여객터미널일원,대면,조정애,033-539-8417
제4회 송정막걸리 축제,기타(주민화합 등),9월중,송정동 관내 일원,대면,최호진,033-539-8494
동해무릉제,주민화합,09.27.~09.28.,동해웰빙스포츠타운일원,대면,조정애,033-539-8417
제 31회 태백산 눈축제 ,생태자연 ,2024.1.26.~2.4.,태백산국립공원일원 ,대면 ,김서희,033-550-2349
한강낙동강발원지 축제 ,문화예술 ,7월중,황지연못 일원 ,대면 ,김서희,033-550-2349
태백제 ,주민화합,10월중,태백종합운동장 ,대면 ,김서희,033-550-2349
태백 천상의 산나물축제,생태자연 ,04.26.~04.28.,장성문화복합센터,대면 ,박근성,033-550-2681
설악벚꽃축제,생태자연,03.30.~03.31.,상도문솥밭,대면,김현정,033-639-2904
2024 영랑호 벚꽃축제,생태자연,04.06.~04.07.,영랑호 일원,대면,김지혜,033-639-2545
2024 실향민문화축제,문화예술,6월 초,"엑스포 잔디광장, 아바이마을",혼합형,김정미,033-636-0670
2024 속초썸머페스티벌,문화예술,7~8월 ,속초해수욕장,대면,김지혜,033-639-2545
2024 속초음식축제,특산물,10월 중순,엑스포타워 광장,대면,김지혜,033-639-2545
제59회 설악문화제,문화예술,10.04.~10.06.,설악로데오거리. 엑스포 잔디광장,혼합형,김정미,033-636-0670
속초시민 새해맞이 축제,문화예술,12.31.~25.01.01.,"엑스포 광장, 속초해수욕장",대면,김지혜,033-639-2545
삼척정월대보름제,전통역사,02.23.~02.25.,엑스포광장 및 삼척해수욕장 일원,대면,손동환,033-570-3225
제20회삼척맹방유채꽃축제,생태자연,04.06.~04.14.,근덕면 상맹방리 일원,대면,신태호,033-570-3375
2024 삼척 장미축제,생태자연,05.18.~05.22.,삼척 장미공원,대면,김종욱,033-570-3081
제11회 두타산 산나물축제,기타(주민화합 등),05.24.~05.26.,하장면 번천리 임산물복합체험센터 일원,대면,오근호,033-570-3925
제15회 삼척평생학습박람회 및 제5회 책축제,기타(박람회 등),10.19.~10.20.,삼척문화예술회관 및 삼척시청소년수련관 일원,대면,신지후/권혜영,033-570-4432/4448
제12회 홍천강 꽁꽁축제,전통역사,01.05.~01.21.,홍천강변 일원,대면,이민영,033-430-2472
제8회 홍천강 별빛음악 맥주축제,특산물,8월초,토리숲 일원,대면,이민영,033-430-2472
제6회 홍천산나물축제,특산물,4월말,홍천시내 및 강변일원,대면,김원규,033-430-2762
제28회 홍천찰옥수수축제,특산물,7월말,홍천시내 및 강변일원,대면,박승주,033-430-2694
제22회 강원홍천 인삼한우 명품축제,특산물,10월초,홍천시내 및 강변일원,대면,허찬숙,033-430-2720
제9회 홍천사과축제,특산물,11월초,홍천시내 및 강변일원,대면,윤예린,033-430-4173
제13회 둔내고랭지토마토축제,특산물,8월중,둔내종합체육공원,대면,김병호,033-340-5952
제11회 횡성더덕축제,특산물,9월중,농거리축제장,대면,김병호,033-340-5952
제16회 안흥찐빵축제,특산물,10월중,안흥찐빵모락모락마을,대면,김병호,033-340-5952
제20회 횡성한우축제,특산물,10월중,종합운동장 일원,대면,김병호,033-340-5952
제5회 횡성호수길축제,생태자연,5월중,망향의 동산 일원,대면,김병호,033-340-5952
제35회 회다지민속문화제,전통역사,4월중,정금민속관일원,대면,김병호,033-340-5952
제5회 태종노구문화제,전통역사,10월중,각림복지회관일원,대면,김병호,033-340-5952
제2회 소(牛)맥 프리미엄 페스티벌,기타(체육 등),8월중,베이스볼파크 일원,대면,김병호,033-340-5952
단종문화제,전통역사,04.26.~04.28.,"장릉, 동강둔치 외",혼합형,김민지,033-370-2829
동강국제사진제,문화예술,07.12.~09.29.,동강사진박물관,혼합형,정순우,033-370-2457
동강뗏목축제,문화예술,08.02.~08.04.,동강둔치,혼합형,김정희,033-370-2763
김삿갓문화제,전통역사,10.11.~10.13.,김삿갓문학관,혼합형,김민지,033-370-2829
제16회 평창송어축제,특산물,`24.12.27.~`25.2.2.,진부면 오대천 일원,대면,심광찬,033-330-2466
제30회 대관령눈꽃축제,생태자연,01.27.~02.11.,대관령면 송천 일원,대면,전현우,033-330-2712
2024 계촌클래식축제,문화예술,05.15.~05.19.,방림면 계촌리 일원,대면,전현우,033-330-2712
2024 평창더위사냥축제,생태자연,07.26.~08.04.,대화면 땀띠공원 일원,대면,심광찬,033-330-2466
2024 평창효석문화제,문화예술,09.06.~09.18.,봉평면 효석문화마을 일원,대면,심광찬,033-330-2466
2024 평창농악축제,전통역사,09.13.~09.18.,용평면 갈정지길 일원,대면,전현우,033-330-2712
2024 평창백일홍축제,생태자연,09.13.~09.22.,평창읍 제방길 일원,대면,심광찬,033-330-2466
제18회 정선 동강할미꽃 축제,생태자연,03.29.~03.31.,정선읍 귤암리 동강할미꽃 서식지 일원,대면,김니은,033-560-2605
함백산야생화축제,생태자연,07.29~08.06.,고한읍 만항재 일원,대면,박은정,033-560-2822
제28회 사북석탄문화제,문화예술,07.25.~07.28.,사북읍,대면,이균,033-560-2625
제33회 사북읍민의 날,기타(주민화합),10.18.,사북읍,대면,이균,033-560-2625
두위봉 철쭉축제,생태자연,6월중,방제리 단곡계곡,대면,나지혜,033-560-2635
고성산성문화제,전통역사,10월말,고성2리 고방정,대면,나지혜,033-560-2635
제32회 화암약수제,기타(주민화합 등),04.26.~04.27.,화암시가지일원,대면,신연길,033-560-2795
민둥산은빛억새축제,생태자연,09.20.~11.03.,민둥산일원,대면,민지현,033-560-2796
제32회 아우라지뗏목축제,문화예술,08.02.~08.4.,아우라지광장,대면,정의성,033-560-2665
2024 정선토속음식 축제,기타,4월중,북평면 나전역 일원,대면,전종택,033-560-2675
"벚꽃축제
(맹글장 ""벚꽃한입 세상으로"")",생태자연,4월중,북평면 남평리 남평강변로 일원,대면,전종택,033-560-2675
항골 숨바우길 트레킹 대회,기타,10월중,북평면 항골계곡 일원,대면,전종택,033-560-2675
나전역 어게인 1979(가칭),기타,10월중,북평면 나전역앞 시장골목길,대면,전종택,033-560-2675
제49회 정선아리랑제,전통역사,10.02.~10.05.,정선 공설운동장,대면,김영원,033-560-2548
제13회 철원 한탄강 얼음트레킹 축제,생태자연,25.01월초,철원 한탄강 물윗길 트레킹 코스 일원,대면,한진수,033-450-4778
제18회 철원 화강 다슬기 축제,생태자연,08.01.~08.04.,화강쉬리공원 및 김화생활체육공원 일원,대면,한진수,033-450-4778
제42회 태봉제,기타,10.03.~10.05.,철원종합운동장 일원,대면,한진수,033-450-4778
제19회 산천어축제,문화예술,01.06.~01.28.,화천군 화천천 일원,대면,이창수,033-440-2542
제20회 화천토마토축제,특산물,08.01.~08.04.,화천군 사내면 사창리 일원,대면,이다혜,033-440-2912
2024 청춘양구 곰취축제,특산물,05.03.~05.06.,양구읍서천레포츠공원,대면,류진성,033-482-9173
2024 도솔산지구전투전승행사,전통역시,06.14.~06.15.,양구종합운동장 일원,대면,백영기,033-482-9171
2024 국토정중앙 청춘양구 배꼽축제,문화예술,08.30.~09.01.,양구읍서천레포츠공원,대면,류진성,033-482-9173
제39회 양록제,기타,10.10.~10.12.,양구종합운동장 일원,대면,백영기,033-482-9171
2024 청춘양구 펀치볼 시래기 사과 축제,특산물,10.26.~10.27.,해안면 성황지 일원,대면,류진성,033-482-9173
국토정중앙 양구 보름달축제,문화예술,09.16.~09.17.,국토정중앙천문대 일원,대면,배태석,033-480-7255
제6회 인제가을꽃축제,생태자연,10월중,북면 용대관광지 일원,대면,김유나,033-460-2082
제24회 용대황태축제,지역특산물,5월중,북면 용대삼거리 일원,대면,김유나,033-460-2082
제42회 합강문화제,문화예술,10월중,인제군 일원,대면,이희성,033-460-2081
2024 봉포리 죽도 하트썸 축제,기타(주민화합),7월중,해풍공원 일원,대면,정래민,033-680-4092
삼포해변 서핑축제,기타(체험행사),7월중,삼포해변,대면,정래민,033-680-4092
해안선 레저스포츠 페스티벌,기타(체험행사),8월중,봉수대 해수욕장,대면,정래민,033-680-4092
제42회 군민의 날 및 수성문화제,전통역사,9월중,고성종합운동장 일원,대면,최정규,033-680-3593
제24회 고성통일명태축제,전통역사,10월 중,거진11리 해변,대면,김효섭,033-680-3362
아기연어 보내기 체험행사,생태자연,3~4월 중,양양 남대천,대면,이로즈마리,033-671-3803
양양송이연어축제,"특산물, 생태자연",9~10월 중,양양 남대천,대면,이로즈마리,033-671-3803
청주읍성축제,전통역사,09.08.~09.10.,중앙공원 및 성안동 일원,대면,이남옥,043-201-2014
청원생명축제,특산물,10.06.~10.15.,오창읍 미래지농촌테마공원,대면,김연수,043-201-2132
세종대왕과 초정약수축제,역사문화,10.20.~10.22.,"초정문화공원, 초정행궁 일원",대면,김중호,043-201-1794
벚꽃과함께 하는 푸드트럭 축제,기타,3월중,서원구 무심서로 일원,대면,김흥수,043-201-2056
청주 디저트베이커리페스타,기타,09.23.~09.24.,미정,대면,김흥수,043-201-2056
청주 문화유산 야행,전통역사,08.25.~08.27.,중앙공원 및 성안동 일원,대면,조현주,043-201-2436
충주다이브페스티벌,문화관광,05.30.~06.02.,충주종합운동장,대면,허유진,043-850-6721
제39회 수안보온천제,기타,04.12.~04.14.,수안보 물탕공원 일원,대면,허유진,043-850-6721
우륵문화제, 문화예술,10.03.~10.07.,탄금공원,대면,임진영,043-850-5962
2023충주씨브랜드패스티벌,특산물,10월 중,충주 탄금공원,대면,이래관,043-850-5721
제28회 청풍호 벚꽃축제,생태자연,4월중,청풍면 일원,대면,박형종,043-641-5516
제천 문화유산 야행,전통역사,08.30.~09.01.,의림지 일원,대면,조양희,043-641-5524
2024년 제천 수제맥주&달빛야시장 축제,기타,9월중,문화의거리 일원,대면,오지영,043-641-6606
제20회 제천국제음악영화제,문화예술,9월중,제천시 일원,대면,권덕상,043-641-5502
제3회 의림지 농경문화 예술제,문화예술,10.11.~10.13.,의림지 일원,대면,신채원,043-641-4936
슬로시티 힐링 축제,문화예술,10월중,수산면 일원,대면,홍기원,043-641-6704
2024 보은 벚꽃길 축제,생태자연,04.05.~04.07.,보청천 일원,대면,이해림,043-540-3392
2024 속리산 축제,전통역사,5~6월중,"속리산잔디공원,법주사",대면,전형태,043-540-3372
2024 보은대추축제,특산물,10.11.~10.20.,뱃들공원 일원,대면,이해림,043-540-3392
제37회 지용제,문화예술,05.17.~05.19.,정지용생가 및 구읍 일원,대면,이호재,043-730-3403
제22회 옥천묘목축제,특산물,03.29.~03.31.,옥천묘목공원,대면,이용희,043-730-3593
제15회 옥천참옻축제,특산물,4월중, 미정,대면,정회동,043-730-3594
제15회 향수옥천 포도복숭아축제,특산물,08.02.~08.04.,옥천공설운동장 일원,대면,곽상일,043-730-3262
2024 영동곶감축제,특산물,01.19.~01.21.,영동 하상주차장일원,대면,민병헌,043-745-8917
제13회 대한민국와인축제,특산물,05.09.~05.12.,영동 하상주차장일원,대면,이근향,043-745-8919
2024 영동포도축제,특산물,08.29.~09.01.,영동 레인보우힐링관광지 일원,대면,김승태,043-745-8918
제55회 영동난계국악축제,문화예술,10.10.~10.13.,영동 레인보우힐링관광지 일원,대면,민병헌,043-745-8917
증평인삼골축제,특산물,10월중,증평보강천체육공원 일원,대면,박종문,043-835-4114
증평들노래축제,전통역사,6월중,증평민속체험박물관일원,대면,김나아,043-835-4153
제24회 생거진천 농다리축제,전통역사,4월중,진천군 문백면 농다리 일원,대면,오혜진,043-539-3603
제45회 생거진천 문화축제,문화예술,10월중,진천군 진천읍 백곡천 일원,대면,오혜진,043-539-3603
괴산빨간맛페스티벌,생태자연,5월중,유기농엑스포광장 및 동진천 하상 일원,대면,송상훈,043-830-3463
괴산고추축제,특산품,9월중,유기농엑스포광장,대면,민헤만,043-830-3462
괴산김장축제,특산품,11월중,괴산종합운동장,대면,박은지,043-830-3464
제25회 음성품바축제,문화예술,05.22.~05.26.,설성공원,대면,신유나,043-871-3402
제43회 설성문화제,전통역사,9~10월중,설성공원,대면,신유나,043-871-3402
2024 음성명작페스티벌,특산물,8~9월중,금빛근린공원,대면,오찬교,043-871-3692
제40회 단양 소백산철쭉제,생태자연,05.23.~05.26.,소백산 일원,대면,김도환,043-420-2552
제26회 단양 온달문화축제,전통역사,10.03.~10.06.,영춘면 온달관광지 일원,대면,김도환,043-420-2552
천안흥타령춤축제 2024,문화예술,2024.9.25.~9.29.(5일간),천안종합운동장일원 ,대면,김병선,041-521-5173
천안위례벚꽃축제,생태자연,4월중,은석초 및 병천천 일원,대면,이항희,041-521-4721
입장거봉포도축제,특산물,9월중,입장거봉포도휴게소,대면,한혜림,041-521-6847
겨울공주 군밤축제,지역특산물,1월말,금강신관공원 일원,대면,김현오,041-840-2056
공주 석장리 구석기축제,전통역사,5월초,석장리박물관,대면,현은경,041-840-8069
유구색동수국정원 꽃축제,생태자연,6월말,유구천,대면,차태진,041-840-8111
계룡산산신제,전통역사,4월말,신원사 일원,대면,김라이,041-840-8093
마곡사 신록축제,문화예술,5월초,마곡사 일원,대면,김현오,041-840-2056
갑사황매화축제,생태자연,4월말,갑사 일원,대면,김라이,041-840-8093
공주항공축제,생태자연,10월초,공주경비행장,대면,김현오,041-840-2056
제70회 백제문화제,전통역사,9월말,금강신관공원 일원,대면,신승현,041-840-8112
구절산 구절초 축제,생태자연,10월초,구룡사 일원,대면,김라이,041-840-8093
무창포 주꾸미.도다리 축제,특산물,3월 중,무창포해수욕장 잔디광장,대면,이재언,041-930-6761
오천항 키조개 축제,특산물,5월 중,오천항 일원,대면,이재언,041-930-6761
대천항 수산물 축제,특산물,5월 중,대천항 일원,대면,이재언,041-930-6761
2024 보령.AMC 국제 모터페스티벌,테마,5. 4. ~ 5. 6.,머드엑스포광장,대면,김현종,041-930-6563
제27회 보령머드축제,기타,7. 19. ~8. 4.,머드엑스포광장,대면,이경신,041-930-6562
무창포 신비의 바닷길 축제,문화관광,9월 중,무창포 해수욕장 일원,대면,노정아,041-930-6561
무창포 대하전어 축제,특산물,9월 중,무창포 해수욕장 일원,대면,노정아,041-930-6561
대천해수욕장 조개구이 축제,특산물,9월 중,머드광장 일원,대면,김현종,041-930-6563
원산도 · 효자도 붕장어 축제,특산물,10월 초,원산도 선촌항 일원,대면,차성환,041-930-6856
청라은행마을축제,기타,10월 말,청라면 신경섭 가옥 및 정촌유기농원 일대,대면,이경신,041-930-6562
보령 김축제,특산물,11월 초,대천해수욕장 머드광장,대면,이재언,041-930-6761
천북 굴축제,특산물,12월 초,천북 굴단지 일원,대면,이재언,041-930-6761
고대도 칼 귀츨라프 선교 기념행사,문화관광,7. 24. ~ 7. 30.,고대도 일원,대면,김현종,041-930-6563
찾아가는 계절축제,문화예술,4월 중 / 7월 중 / 10월 중 / 11월 말 (연4회 계절별 축제 진행),"미정 (신정호, 지산공원 등 아산의 사계절을 느낄 수 있는 명소 중 선정 예정)",대면,박대수,041-540-2068
역사문화 페스티벌,전통역사,9월 중 2일간 예정,"아산시 도고면, 선장면 일원",대면,박대수,041-540-2068
공연예술제,문화예술,5월 중,미정,대면,박대수,041-540-2068
아트밸리 아산 제63회 성웅 이순신축제,문화예술,4월 말,"이순신종합운동장, 곡교천, 현충사, 은행나무길, 온양온천역",대면,안미정,041-530-6315
락페스티벌,문화예술,8월 중,신정호 야외음악당,대면,최정윤,041-530-6672
별빛음악제,문화예술,8월 중,신정호 야외음악당,대면,최정윤,041-530-6672
아트밸리 아산 제2회 JAZZ 페스타,문화예술,10월 중,신정호 야외음악당,대면,안미정,041-530-6315
설화예술제,문화예술,10월 초,신정호 야외음악당(예정),대면,박종석,041-540-2355
서산해미읍성축제,전통역사,10월 ,해미읍성 내,대면,김현주,041-660-3396
서산국화축제,생태자연,11월,서산시 고북면 복남골길 31-1 일원 서산국화축제장,대면,권진현,041-660-3936
팔봉산감자축제,특산물축제,6월,팔봉산 어울림마당 일원,대면,최향묵,041-660-3068
서산6쪽마늘축제,특산물축제,7월,해미읍성 내,대면,최향묵,041-660-3068
해미벚꽃축제,생태자연,4월,해미천 인근,대면,배동주,041-660-3844
류방택 별축제,전통역사과학,6월,류방택천문기상과학관,대면,형준영,041-661-8027
왕산포갯마을축제,수산물 지역축제 및 체험행사,5월,미정,대면,윤종두,041-660-2647
삼길포우럭축제,수산물 지역축제 및 체험행사,8월,대산읍 삼길포항 일원,대면,윤종두,041-660-2647
서산감태낙지축제,수산물 지역축제 및 체험행사,10월,미정,대면,윤종두,041-660-2647
간월도어리굴젓축제,수산물 지역축제 및 체험행사,10월,간월도 항,대면,윤종두,041-660-2647
논산딸기축제,특산물,3월 초 4일 개최,논산시민가족공원,혼합,이수빈,041-746-5663
논산연산대추문화축제,특산물,10월 중 3일 개최,논산시 연산면 일원,대면,조재호,041-746-5664
논산강경젓갈축제,특산물,10월 중 4일 개최,논산 강경읍 둔치 일원,혼합,조재호,041-746-5664
논산양촌곶감축제,특산물,12월 초 3일 개최,논산 양촌면 체육공원 일원,대면,이수빈,041-746-5663
2024계룡軍문화축제,문화예술,10월 초순,계룡대 비상활주로 ,대면,장민수,042-840-2622
향적산 봄나들이,문화예술,3월 말 ~ 4월 초,계룡시 향한리 일원,대면,장민수,042-840-2622
사계문화제,전통문화,4월말,사계고택,대면,서태중,042-840-2401
면천진달래민속축제,전통역사,4월 중순,면천읍성 일원,대면,강태규,041-360-8355
순성벚꽃축제,생태자연,4월 중순,갈산리 특설무대 일원,대면,김혜진,041-360-8406
기지시줄다리기민속축제,전통역사,4월 중순,기지시줄다리기박물관 일원,대면,고대영,041-350-3606
순성왕매실&당진맥주축제,특산물,6월 중순,순성왕매실마을 및 순성브루어리 일원,대면,김혜진,041-360-8406
당진합덕연꽃축제,생태자연,7월 중순,합덕제 일원,대면,이상식,041-350-4931
심훈상록문화제,전통역사,9월 말,당진 문예의전당 일원,대면,유소영,041-350-3572
삽교호조개구이홍보행사,특산물,10월 초,삽교호관광지 일원,대면,장승률,041-350-3592
남이흥장군문화제,전통역사,10월 말,당진시내 및 충장사 일원,대면,진용찬,041-350-3581
왜목마을해넘이해돋이소원제,생태자연,12.31~1.1.,왜목마을관광지일원,대면,권창중,041-350-3591
재42회 금산세계인삼축제,특산물,09.27.~10.07.,금산인삼관 광장 및 인삼약초거리일원,대면,이두영,041-750-2252
제4회 금산삼계탕축제,특산물,7월 중,금산인삼관 광장 및 인삼약초거리일원,대면,이두영,041-750-2252
2023년 비단고을 산꽃축제,생태자연,4월 중,산꽃벚꽃오토캠핑장(보곡산골),대면,이두영,041-750-2252
제13회 금산천 봄꽃축제,주민화합,4월 중,금산읍 금산천 둔치,대면,이두영,041-750-2252
제13회 남일면 홍도화축제,주민화합,4월 중,남일면 신정리 홍도마을,대면,이두영,041-750-2252
제22회 부여서동연꽃축제,문화예술,07.05.~07.07.,서동공원(궁남지) 일원,대면,장달희,041-830-2209
제70회 백제문화제,전통역사,9~10월중(미정),(미정),대면,송동훈,041-830-2208
2024년 제19회 부여 굿뜨래 알밤축제,특산물,10~11월중(미정),온라인 축제,비대면,김유진,041-830-2434
2024년 백제고도부여국화축제,생태자연,10~11월중(미정),(미정),대면,박진영,041-830-2591
부여 세도 방울토마토 유채꽃 축제,특산물,4월 중,(미정),대면,,(미정)
동백꽃 주꾸미 축제,특산물,3월 중,서면 마량진항,대면,김민지,041-950-4414
자연산 광어 도미 축제,특산물,5월 중,서면 마량진항,대면,김준식,041-950-4765
꼴뚜기 갑오징어 축제,특산물,5월 중,장항항 물양장,대면,김민지,041-950-4414
제34회 한산모시문화제,문화예술,6월 7일~9일,한산모시관 일원,대면,김수진,041-950-4016
춘장대해수욕장 여름문화예술 축제,문화예술,7월 말~8월 초,서면 도둔리 춘장대해수욕장 일원,대면,김민식,041-950-4253
제2회 장항 맥문동 꽃 축제,기타,8월 23일~27일(예정),장항 송림산림욕장,대면,서지영,041-950-4020
홍원항 전어 꽃게 축제,특산물,9월 중,서면 홍원항,대면,김준식,041-950-4765
자하(젓새우) 축제,특산물,9월 중,마서면 일원,대면,미정,
서천군 평생학습한마당,기타,10월 초~중반,봄의 마을 광장 일원,대면,조선예,041-950-4622
판교 도토리묵 축제,특산물,10월 중순 개최,판교면 현암리 149-9번지 일원,대면,김대석,041-950-6505
서천철새여행,생태자연,11월 중,조류생태전시관 일원,대면,이길섭,041-950-4163
2024 서천 마량진항 해넘이 해돋이 행사,기타,12월 31일~1월1일, 서천 마량진항,대면,서지영,041-950-4020
칠갑산장승문화축제,문화예술,4월 중,칠갑산장승공원일대,대면,전대현,041-940-2193
고추구기자 문화축제,특산물,9월 초,청양읍 백세건강공원 일원,대면,이기석,041-940-2302
홍성남당항 새조개축제,특산물,1.20.~2.11.,남당항 해양분수공원,대면,박소영,041-630-1237
홍성남당항 바다송어축제,특산물,4월 중,남당항 해양분수공원,대면,박선형,041-630-1266
구항벚꽃한우축제,생태자연,4월 중,구항면,대면,전혜강,041-630-9483
홍성역사인물축제,전통역사,미정,홍주읍성,대면,박소영,041-630-1237
홍성남당항 대하축제,특산물,9월 중,남당항 해양분수공원,대면,박소영,041-630-1237
광천김토굴새우젓 대축제,특산물,10월 중,광천전통시장,대면,박소영,041-630-1237
홍성사랑국화축제,생태자연,10월 중,홍주읍성,대면,김영근,041-630-9110
홍성군 가족축제,문화예술,10월 중,홍주읍성,대면,김수정,041-630-1635
글로벌 바베큐 페스티벌 in홍성,특산물,11월 중,홍주읍성,대면,박소영,041-630-1237
제51회 윤봉길 평화축제,역사인물,4월~5월 중,덕산면 충의사 일원,대면,장솔림,339-7317
제8회 예산장터삼국축제,지역경제활성화,10월 중,예산상설시장 일원,대면,장솔림,339-7317
제21회 예산황토사과축제,지역농특산물홍보,10~11월 중,예산종합운동장 일원,대면,장솔림,339-7317
2023 의좋은형제축제,전통역사,10월 중,대흥면 의좋은형제공원 일원,대면,이승민,339-7318
제5회 예산황새축제,테마(새),9월 중,광시면 예산황새공원 일원,대면,최순상,339-7338
제12회 몽산포항 주꾸미축제,특산물,4월중,몽산포항,대면,안숙주,041-670-2875
제1회 신진도항 오징어축제,특산물,7월말,신진도항,대면,안숙주,041-670-2875
안면도 백사장 대하축제,특산물,10월초,백사장항,대면,안숙주,041-670-2875
제20회 태안 모래조각 페스티벌,생태자연,9월중,미정,대면,윤지은,041-670-2766
2024년 태안거리축제,문화관광,10월중,태안읍 중앙로 일원,대면,박현준,041-670-2850
2024 태안국화축제,생태자연,10월말~11월초,옥파 이종일선생 생가지,대면,한제희,041-670-5062
2024년 대한민국 사구축제,생태자연,11월중,해안사구일원,대면,홍영선,041-670-5936
제14회 가재산 벚꽃길 걷기행사,기타,4월중,이원면 가재산 일원,대면,이상우,041-670-5743
황도붕기풍어제,문화예술,2024. 2. 11. ~ 12.,안면읍 황도리 당집 일원,대면,윤다희,041-670-5927
2024 전주 세계문화주간,문화예술,2024. 6월 중,전주시 일원,대면,문현민,063-281-8639
전주단오,전통역사,06.08.~06.10.,덕진공원,대면,김경수,063-281-2682
제14회 얼굴없는천사 축제,문화예술,10.03.~10.05,천사공원 일원,대면,김성호 ,063-281-2497
한옥마을 문화시설 특화축제,문화예술,10.25.~10.27.,한옥마을 일원,대면,양푸름,063-281-5195
제6회 전주 김장문화축제,특산물,11월중,미정,대면,송근혜,063-281-6735
2024 전주가맥축제,문화예술,08.08.~08.10.(예정),미정,대면,최승제,063-281-5059
전주페스타 2024,문화예술,10.03.~10.27.(예정),미정,대면,최승제,063-281-5059
2024 전주비빔밥축제,문화예술,10.3.~10.6.(예정),미정,대면,변문선,063-281-2382
제3회 어촌체험 섬마을 작은 축제,"특산물, 생태자연",5월중,고군산군도 어촌마을 일원,대면,이다미,063-454-2893
제56회 진포예술제,문화예술,5월중,군산예술의전당 등,대면,김현빈,063-454-3282
제12회 군산시간여행축제,"전통역사, 문화예술",10월 중,구.시청광장 및 시간여행마을일원,혼합형,서예지,063-454-3302
제7회 우체통거리 손편지축제,기타(주민화합 등),9월 중(2일),"우체통거리1길,2길",대면,정민주,063-454-4477
제3회 구영길 한마당,기타(주민화합 등),10월 중(2일),"근대쉼터, 중앙로1가",대면,김기은,063-454-4479
군산 수제맥주&블루스 페스티벌,특산물,6.20~6.22,근대역사박물관 일원,대면,이선우,063-454-5252
제19회 군산꽁당보리축제,특산물,5.2.~5.4.,미성동 일원,대면,전용광,063-454-5231
2024 익산 문화유산야행,전통역사,04.19~04.21,백제왕궁 일원,대면,정희운,063-859-5793
2024 익산서동축제,전통역사,05.03.~05.06.,금마면 서동공원 일원,대면,유영일,063-859-5826
두동편백마을 힐링숲축제,생태자연,09.27.~09.28.,성당면 두동편백마을 일원,대면,유영일,063-859-5826
제21회 익산 천만송이 국화축제,생태자연,10.18.~10.27.,중앙체육공원 등 6개소,대면,노은희,063-859-4977
제35회 정읍사문화제,문화예술,10.26~10.27,정읍사문화공원 일원,대면,송연주,063-539-5173
정읍 벚꽃축제,생태자연,3.29 ~ 4.1,정읍천변,대면,박옥주,063-539-5233
정읍 물빛축제,기타,8월중 4일,정읍천변,대면,박옥주,063-539-5233
정읍 캠핑축제,기타,10월중 4일,내장산문화광장,대면,박옥주,063-539-5233
제57회 동학농민혁명기념제,"문화예술, 전통역사",5. 10. ~ 5. 11.,동학농민혁명기념공원,대면,원동호,063-539-6923
제17회 정읍 구절초 꽃축제,생태자연,10.3~10.13(잠정),구절초 지방정원,대면,송대효,063-539-5697
제94회 춘향제,문화예술,5.10.~5.16.,"광한루원, 요천일원",대면,김혜린,063-620-5787
제32회 흥부제,문화예술,10.5.~10.7.,사랑의광장 일원,대면,김혜린,063-620-5787
제36회 지리산뱀사골고로쇠약수제,생태자연,2월중,산내면부운리 반선추차장,대면,이정숙,063-620-6168
제12회 지리산바래봉 겨울축제,생태자연,1~2월,운봉읍 용산리 268-6 ,대면,이정숙,063-620-6168
제28회 지리산바래봉 철쭉제,생태자연,4월말~5월(30일정도),운봉읍 용산리 268-6 ,대면,이정숙,063-620-6168
제45회 지리산 뱀사골 단풍제,생태자연,10월중(1일),지리산국립공원분소 내,대면,이정숙,063-620-6168
제2회 십승지명당운본고원벚꽃축제,생태자연,4월중(1일),서림공원 일원,대면,이정숙,063-620-6168
제1회 지리산흥부골 포도축제,특산물,8월중(1일),지리산농협농산물산지유통센터,대면,이정숙,063-620-6168
제10회 혼불문학신행길축제,문화예술,10.26~10.27(2일),남원혼불문학관,대면,이정숙,063-620-6168
제26회 김제지평선축제,문화예술,2024.10.2.~10.6.,김제시 일원(벽골제 중심),대면,이성하,063-540-3190
제17회 김제모락페스티벌,문화예술,2024.4.26.~4.27.,김제모악산일원,대면,이가현,063-540-3188
2024 꽃빛드리축제,문화예술,2024.3.29.~3.31.,김제시민문화체육공원,대면,김경미,063-540-3324
지평선광활햇감자축제,특산물,2024.4.20.~4.21.,김제광황초등학교 일원,대면,이가현,063-540-3188
제13회 지평선 추억의 보리밭 축제,생태자연/특산물,2024.5.4.~5.6.,새만금 6공구 내 원예단지(토끼섬 일원),대면,이가현,063-540-3188
제2회 김제 자원순환 새로보미축제,생태자연/특산물,2024.9.6.~9.7.,김제시민문화체육공원,대면,임예진,063-540-3435
제22회 완주 삼례딸기 축제,특산물,3월 중 ,삼례농협 인근 공영주차장,대면,이경희,063-290-3321
제12회 와일드&로컬푸드축제,특산물,9~10월 중,완주군 고산자연휴양림 일원,대면,송진석,063-290-2976
제7회 오성한옥마을 오픈가든축제,기타(주민화합),5월 중,소양오성한옥마을,대면,정소라,063-290-3977
제10회 완주곶감축제,특산물,12월 중,운주면,대면,정성범,063-290-2757
제2회 완주 대둔산축제,기타(주민화합),6월 중,완주군 대둔산 일원,대면,조흥찬,063-290-3978
제2회 완주 모악산 웰니스 축제,기타(주민화합),4월 중,완주군 모악산 일원,대면,정소라,063-290-3977
제34회 나라꽃 무궁화 전국축제 행사,생태자연,7~9월 중,고산면,대면,박준수,063-290-2766
제20회 진안고원 운장산 고로쇠 축제, 특산물,24.03.09.~03.10,주천면 대불리 삼거광장,현장,강정현,063-430-2393
제14회 진안고원 수박축제,특산물,24.07.27.~07.28.,동향면 체련공원,현장,강정현,063-430-2393
2024 진안홍삼축제, 특산물,24.09.~24.10.,마이산 북부 일원,현장,김영,063-430-2392
제6회 진안고원 김치보쌈축제,특산물,24.11.16~11.17.,마이산 북부 일원,현장,강정현,063-430-2393
제27회 무주반딧불축제, 생태자연,8.31.~9.7.,무주군 일원,대면,정경재,063-320-2537
안성두문낙화놀이,전통문화,미정,무주군 안성면,대면,정경재,063-320-2537
무주꽁꽁놀이축제, 놀이체험,미정,무주군 적상면,대면,정경재,063-320-2537
제2회 장수쿨밸리축제,특산물,07.31~08.04,장수군 번암면 방화동휴양림,대면,조혜정,063-350-2356
제18회 장수한우랑사과랑축제,특산물,09.05~09.08,장수군 의암공원 및 누리파크,대면,안수길,063-350-2357
제8회 번암물빛축제,생태자연,08.02~08.03,전라북도 장수군 번암면,대면,조주형,063-350-2353
계북 수박&토마토 축제,특산물,07.27~07.28,계북면 일원,대면,조주형,063-350-2353
장수읍 노하숲 작은축제,생태자연,10.03~10.04,장수읍 노하숲 일원,대면,조주형,063-350-2353
임실N치즈축제,특산물,10.3.~10.6.,"임실치즈테마파크, 임실치즈마을, 임실읍 일원",대면,김종훈,063-640-2524
아쿠아페스티벌,기타(주민화합),7.~8월중,임실치츠테마파크,대면,양병욱,063-640-2343
산타축제,기타(주민화합),12.23~12.25,임실치즈테마파크,대면,양병욱,063-640-2343
의견문화제,문화예술,5.4 ~ 5.6,오수의견공원 및 의견관광지 일원,대면,양현선,063-640-2313
필봉마을굿축제,문화예술,8.22 ~ 8.25,필봉농악전수교육관,대면,양현선,063-640-2313
사선문화제,문화예술,8.29 ~ 9.1,관촌사선대,대면,양현선,063-640-2313
옥정호벚꽃축제,기타(주민화합),4.6 ~ 4.7,운암면 옥정호출렁다리 및 순환도로 일원,대면,양현선,063-640-2313
제22회 옥천골 벚꽃축제,생태자연,2024. 3~4월중(미정),순창읍 경천로 일원,대면,설인수,063-650-1624
제1회 쌍치면 추령천 벚꽃축제,생태자연,2024. 4월중(미정),순창군 쌍치면 소재지 추령천 일원,대면,설인수,063-650-1624
제5회 섬진강 슬로슬로 발효마을 축제,생태자연,2024. 5.4. ~ 5.5,순창군 적성면 지내마을 ,대면,설인수,063-650-1624
제27회 추령장승축제,전통역사,2024. 10.26. ~ 10.27,순창군 복흥면 추령장승촌 일원,대면,설인수,063-650-1624
제19회 순창장류축제,특산물,2024. 10.11. ~ 10.13.,순창발효테마파크 일원,대면,설인수,063-650-1624
제51회 고창모양성제,전통역사,2024.10.9.~10.13.,고창읍성 일원,대면,유성희,063-560-2949
2024 고창갯벌축제,생태자연,2024.6월중(3일간),심원만돌일원,대면,박상욱,063-560-2632
바지락 오감체험 페스티벌,생태자연,2024.5.10.~12.(3일간),심원하전일원,대면,정혜리,063-560-2733
제28회고창해풍고추축제,특산물,2024. 8월중,고창 농산물유통센터 일원,대면,하헌욱,063-560-2695
제2회 고창 벚꽃축제,생태자연,2024.3.29.~31.,석정 일원,대면,유혜령,063-560-2948
제21회고창복분자와수박축제,특산물,6. 14. ~ 6. 16.(예정),선운산도립공원,혼합형,김보성,063-560-2531
고창 청보리밭축제,생태자연,4.20~5.12,학원농장,대면,오석,063-560-2524
제6회 개암동 벚꽃축제,생태자연,2024. 4월 중,부안 상서면 개암동,대면,강현주,063-580-3703
제11회 부안마실축제,문화예술,05.03.~05.06.,부안 해뜰마루 전라북도 지방정원,대면,신승호,063-580-3890
변산 비치파티,생태자연,2024. 8월 중,부안 변산해수욕장,대면,방지영,063-580-4789
고슴도치섬 위도상사화축제,생태자연,2024. 8월 중,부안 위도해수욕장,대면,이태영,063-580-3763
님의 뽕 축제,특산물,2024. 8월 중,부안댐 광장,대면,김재현,063-580-3854
부안 곰소젓갈발효축제,특산물,2024. 10월 중,부안 곰소리 일원,대면,오성여,063-580-4489
2024 부안붉은노을축제,생태자연,2024. 10월 중,부안 변산해수욕장,대면,신승호,063-580-3890
가을애(愛) 국화 축제,생태자연,2024. 11월 중,부안 매창공원 앞마당,대면,박연실,063-580-3835
부안 설숭어축제,특산물,2024. 12월 중,부안 상설시장,대면,이경훈,063-580-4118
제16회 명량대첩축제,전통역사,10.18.~10.20.(예정),"울돌목일원(해남, 진도)",대면,오세정,061-286-5251
제30회 국제남도음식문화큰잔치,특산물,10.11.~10.13.,목포 문화예술회관 일원,대면,이태희,061-286-5771
2024 유달산 봄 축제,"생태자연, 전통역사",3.29.~ 3.31.,유달산 및 근대역사거리일원,대면,유미리,061-270-8431
2024 목포항구축제,"전통역사, 문화예술",9.27.~9.29.,목포항 및 삼학도 일원,대면,최강,061-270-8441
제32회 여수영취산진달래축제,생태자연,3. 23. ~ 3. 24.,"흥국사 산림공원
및 영취산 일원",혼합형,안민지,061-659-4744
제58회 여수거북선축제,전통역사,5. 4. ~ 5. 7.,여수시 일원,혼합형,배현진,061-659-4743
제22회 거문도백도 은빛바다 체험행사,생태자연,8~10월중 2일,거문도 잉뤈,혼합형,배현진,061-659-4743
제15회 여수여자만갯벌노을체험행사,생태자연,9~10월중 2일,소라면 장척마을 일원,혼합형,최수지,061-659-4742
2024 여수동동북축제,전통역사,8~10월중 2일,"용기공원, 선소 일원",혼합형,안민지,061-659-4744
2024 여수밤바다불꽃축제,문화예술,8~10월중 1일,"이순신광장 및
장군도 앞 해상",혼합형,최수지,061-659-4742
제29회 여수향일암일출제,생태자연,2024. 12. 31. ~ 2025. 1. 1.,돌산 임포마을 향일암 일원,혼합형,배현진,061-659-4743
제20회 순천명품월등복숭아 체험행사,특산물,8.3.~8.4.,월등면 일원,대면,강민,061-749-8722
2024년 순천 문화유산 야행,문화예술,8.14.~8.18.,향동 일원,대면,박형철,061-749-6811
2024 세계유산축전(선암사·순천갯벌),문화예술,10.1.~10.31.,"선암사, 순천만습지 등",대면,조혜진,061-749-6812
제41회 순천팔마문화제,문화예술,9월 중(2일),남문터광장,대면,양혜윤,061-749-6815
제8회 순천 푸드앤아트페스티벌,문화예술,10월 중(3일),중앙로 일원,대면,허주은,061-749-5796
제29회 순천낙안읍성민속문화축제,전통역사,10.3.~10.5.,순천낙안읍성 등,대면,김신욱,061-749-8840
제25회 순천만갈대축제,생태자연,11.2.~11.3.,순천만습지,대면,황선미,061-749-6082
2024 나주축제,"문화예술, 생태자연",10.9. ~ 10.13.,영산강변 저류지,대면,양아연,061-339-8594
제20회 영산포 홍어축제,특산물,4월중,홍어의 거리 및 영산강 둔치 체육공원 일원,대면,이윤혁,061-339-8722
제4회 천년나주목읍성문화축제,문화예술,9월중,금성관 및 나주향교 일원,대면,이윤혁,061-339-8722
제23회 광양매화축제,생태자연,3.8.~3.17.,다압면 매화마을 일원,대면,지다영,061-797-2721
제7회 광양천년동백축제,생태자연,3월중,옥룡사지 동백숲 일원,대면,지다영,061-797-2721
제16회 백운산국사봉철쭉축제,생태자연,4월중,옥구슬건강문화센터 광장 및 국사봉 일원,대면,지다영,061-797-2721
제23회 광양전어축제,특산물,8월중,진월면 망덕포구 일원,대면,지다영,061-797-2721
제20회 광양전통숯불구이축제,특산물,10월중,광양읍 서천변 일원,대면,지다영,061-797-2721
제4회 광양 K-POP 페스티벌,기타,10월중,관내 일원(장소 미정),대면,,
2024년 담양대나무축제,생태자연,05.15.~05.20.,죽녹원 및 관방제림 일원,대면,김상아,061-380-3152
금성면 제1회 고비산 산벚꽃축제,생태자연,4월중(2일),금성면 고비산 일원,대면,김지희,061-380-3852
제11회 창평 전통음식축제,전통역사,10월중(3일),슬로시티방문자센터,대면,최민주,061-380-3792
제6회 담양산타축제,기타,12월중(3일),담양메타랜드일원,대면,김상아,061-380-3152
제14회 곡성세계장미축제,생태자연,05.17.~05.26.,섬진강기차마을,대면,유니나,061-360-8471
제24회 곡성심청어린이대축제,문화예술,10.03.~10.06.,섬진강기차마을,대면,유니나,061-360-8471
제25회 구례산수유꽃축제,생태자연,3.9.~3.17.,산동면 일원,대면,서준석,061-780-2390
2024 구례300리 벚꽃축제,생태자연,3.29.~3.31.,"구례읍, 문척면 일원",대면,박진철,061-780-2255
제80회 지리산남악제 및 43회 군민의 날 행사,전통역사,4.19.~4.21.예정,구례군 일원,대면,정선주,061-780-2431
화엄음악제,문화예술,10.4.~10.6.예정,화엄사 일원,대면,정선주,061-780-2431
2024 구례동편소리축제,문화예술,10.11.~10.13.예정,서시천체육공원 일원,대면,정선주,061-780-2431
제48회 지리산피아골단풍 축제,생태자연,11.2.~11.3.예정,토지면 일원,대면,박진철,061-780-2255
제14회 고흥우주항공축제,기타,05.03.~05.05.,나로우주과학관,대면,장승회,061-830-5347
제22회 녹동바다불꽃축제,기타,05.23.~05.26.,녹동 구항,대면,윤민혁,061-830-5244
제2회 갯것한상축제,기타,9월중,금산면 거금휴게소,대면,윤민혁,061-830-5244
제4회 고흥 유자축제,특산물,11.01.~11.03.,유자 축제장,혼합형,정경미,061-830-5442
보성벚꽃축제,기타(주민화홥),04.06.~04.07.,대원사 일원,대면,안주연,061-850-5211
보성다향대축제,특산물,05.02.~05.06.,한국차문화공원 일원,대면,안주연,061-850-5211
서편제보성소리축제,문화예술,10.06.~10.08.,보성문화예술회관,대면,안주연,061-850-5211
벌교꼬막축제,특산물,10.25.~10.27.,벌교천 일원,대면,안주연,061-850-5211
보성차밭빛축제,기타(주민화홥),11.29.~12.31.,한국차문화공원 일원,대면,안주연,061-850-5211
보성불꽃축제,기타(주민화홥),2024.12.31.,율포솔밭해수욕장 일원,대면,안주연,061-850-5211
2024 화순 고인돌 축제,전통역사,04.19.~4.28.,화순 고인돌 유적지,대면,김정섭,061-375-3575
2024 화순 고인돌 가을꽃 축제,전통역사,10.18.~11.3.,화순 고인돌 유적지,대면,김정섭,061-375-3575
2024 화학산 철쭉제,기타(주민화합),4월중,청풍면 화학산,대면,이효준,070-8839-6141
2024 백아산 철쭉제,기타(주민화합),5월중,백아면 백아산,대면,이효준,070-8839-6141
2024 화순운주문화축제,기타(주민화합),5월중,도암면 운주사,대면,임지연,070-8839-6142
2024 화순적벽문화축제,기타(주민화합),5월중,이서 커뮤니티 센터,대면,임지연,070-8839-6142
2024 도심속 남산공원 축제,기타(주민화합),미정,남산공원,대면,장경희,070-8839-6145
제1회 장흥 산들해 축제,특산물,4월말 ~ 5월초,탐진강변,대면,윤혜원,061-860-5771
제17회 정남진 장흥 물축제,생태자연,7.27.~8.4.,탐진강 및 편백숲 우드랜드 일원,대면,전희석,061-860-5770
2024 장흥 회령포 이순신 축제,전통역사,10월중,회진항 일원,대면,조예나,061-860-5762
제52회 강진청자축제,전통역사,2.23.~3.3.,대구면 청자촌,대면,양혜은,061-430-3354
백련사 동백축제,생태자연,2.23.~3.3.,백련사 일원,대면,박인성,061-430-3413
군동 풍동 봄꽃 축제,생태자연,4.4.~5.6.,남미륵사 일원,대면,금다예,061-430-3355
제4회 강진 성전월출산 봄소풍가는날,생태자연,4.19.~4.21.(예정),성전면 경포대 일원,대면,이승훈,061-430-3357
제7회 강진금곡사 벚꽃삼십리길축제,생태자연,3월말~4월초,군동면 까치내로 일원,대면,박인성,061-430-3413
제27회 전라병영성축제,전통역사,3월말~4월초,병영성 일원,대면,윤혜진,061-430-3352
제2회 강진 수국길 축제,기타,6.21.~6.23.(예정),보은산 일원,대면,양혜은,061-430-3354
제2회 강진 하맥축제,기타,8.1.~8.3.(예정),강진종합운동장 일원,대면,양혜은,061-430-3354
제13회 마량미항찰전어축제,특산물,9월 중순,마량항 일원,대면,박인성,061-430-3413
제9회 강진만춤추는갈대축제,생태자연,10월 중,생태공원 일원,대면,윤혜진,061-430-3352
흑석산 소풍 힐링축제,생태자연,4.26.~4.27.,흑석산 자연휴양림,대면,나소라,061-530-5159
해남 공룡대축제,생태자연,5.3.~5.5.,해남 공룡박물관,대면,하정학,061-530-5158
송호해변 여름축제,생태자연,7월~8월중,송호해수욕장,대면,하정학,061-530-5158
오시아노 뮤직페스타,문화예술,8월중,오시아노 관광단지,대면,하정학,061-530-5158
해남미남축제,특산물,10월말~11월초,대흥사 일원,대면,하정학,061-530-5158
땅끝해넘이해맞이축제,생태자연,12.31.~'25.1.1.,땅끝 관광지,대면,하정학,061-530-5158
영암왕인문화축제,문화예술,03.28.~03.31.,왕인박사유적지 일원,대면,허유정,061-470-2259
월출산국화축제,생태자연,10월~11월,월출산기찬랜드,대면,김도완,061-470-2644
마한축제,전통역사,10월중,마한문화공원,대면,김도완,061-470-2644
영암무화과축제,특산물,9월중,삼호읍,대면,김병국,061-470-6095
2024 무안겨울숭어축제,특산물,2024.01.20.~21.,양간다리 수산시장 일원,대면,조은규,061-450-5473
제10회 황토갯벌축제,생태자연,2024.05.04.~06.,무안황토갯벌랜드 일원,대면,강지상,061-450-5474
제27회 무안연꽃축제,생태자연,2024.07.25.~28.,회산백련지 일원,대면,박선정,061-450-5472
2024 무안갯벌낙지축제,특산물,2024. 10월 중,낙지골목 일원,대면,윤순철,061-450-5612
제4회 무안YD 페스티벌,문화예술,2024.10.25.~27.,남악중앙공원 일원,대면,강지상,061-450-5474
2024 대한민국 난명품 대제전,생태자연,3. 23. ~ 24.,함평문화체육센터,대면,임순섭,061-320-2853
제26회 함평나비대축제,"문화예술, 생태자연",4. 26. ~ 5. 5.,함평엑스포공원 일원,대면,나록현,061-320-2202
제25회 모악산 꽃무릇 축제,"생태자연, 전통역사",9월중,해보면 꽃무릇공원 일원,대면,나록현,061-320-2202
2024 대한민국 국향대전,"문화예술, 생태자연",10. 25. ~ 11. 10.,함평엑스포공원 일원,대면,나록현,061-320-2202
제10회 영광찰보리어울마당,생태자연,5.10.~5.11.,지내들 옹기돌탑공원,대면,김성민,061-350-5951
2023 영광법성포단오제,문화예술,6.7.~6.10.,법성포단오제 전수교육관,대면,정윤혁,061-350-5752
제23회 영광불갑산상사화축제,생태자연,9.13.~9.22.,불갑사 관광지,대면,정윤혁,061-350-5752
황룡강 (洪)길동무 꽃길 축제,생태자연,5. 24. ~ 5. 26.,"황룡강변 일원, 홍길동테마파크",대면,김빛나,061-390-7252
어울림음악회,생태자연,7월 중,상무평화공원,대면,김빛나,061-390-7252
황룡강 가을꽃축제,생태자연,10. 5. ~ 10. 13.,황룡강변 일원,대면,국경희,061-390-7240
2024 청산도슬로걷기축제,생태자연,"4.6. ~ 4.20.
(15일간)",청산도 일원,대면,허인철,061-550-5432
2024 완도장보고수산물축제,"전통역사, 특산물","5.3. ~ 5.6.
(4일간)",완도읍 해변공원 일원,대면,부성태,061-550-5431
2024 청정완도 가을 섬여행,"생태자연, 특산물","9월~10월
(3일간)",완도읍 해변공원 일원,대면,부성태,061-550-5431
제44회 진도신비의바닷길축제,생태자연,3. 11. ~ 3. 13.,"고군면 회동리
일원",대면,이기복,061-540-3407
제10회 대한민국 진도개페스티벌,전통역사,5. 5. ~ 5. 6.,"진도개테마파크 
일원",대면,김다현,061-540-6317
2024 보배섬진도 문화예술제,문화예술,10월중,진도군일원,대면,박서현,061-540-3072
2024년 섬수선화축제,생태자연,3.29.~4.7.,지도읍 선도리 일원,대면,"최건
최민경","061-240-8682
061-240-8688"
2024 섬 튤립축제,생태자연,4.5.~4.14.,튤립및홍매화정원,대면,김현채,061-240-4041
섬 간재미축제,특산물,4월 중,도초 수국정원일원,대면,최종삼,061-240-8410
제2회 전국 새우란 축제,생태자연,4.16.~4.21.,"1004섬 분재정원
(압해읍)",대면,이인준,061-240-4194
2023 퍼플섬 라벤더 꽃축제,생태자연,5.17.~5.26.,박지도 라벤더 정원,대면,문주연,061-240-8151
섬 홍어축제,특산물,5월 중,흑산 예리항 일원,대면,최종삼,061-240-8410
섬 낙지축제,특산물,5월 중,압해 분재정원 일원,대면,최종삼,061-240-8410
섬 강달어축제,특산물,6월 중,임자 튤립공원일원,대면,최종삼,061-240-8410
섬 병어축제,특산물,6월 중,지도 젓갈타운 일원,대면,최종삼,061-240-8410
버들마편초 꽃축제,생태자연,6.14.~8.4.,퍼플섬,대면,문주연,061-240-8151
2024 섬 수국축제,생태자연,6.14.~6.23.,도초 수국정원 및 환상의정원 일원,대면,이현윤,061-240-5418
2024 섬 크로코스미아꽃 축제,전통역사,7.5.~7.21.,1004섬 분재정원,대면,김두웅,061-240-5445
제4회섬홍도원추리축제,생태자연,7.12~7.21.,홍도일원,대면,이상훈,061-246-3700
섬 민어축제,특산물,7월 중,임자 대광해변 일원,대면,최종삼,061-240-8410
섬 왕새우축제,특산물,9월 중,팔금 장목주차장 일원,대면,최종삼,061-240-8410
섬 불볼락축제,특산물,9월 중,가거도 일원,대면,최종삼,061-240-8410
섬 우럭축제,특산물,9월 중,압해 송공항 일원,대면,최종삼,061-240-8410
섬 새우젓축제,특산물,10월 중,지도 젓갈타운 일원,대면,최종삼,061-240-8410
아스타 꽃축제,생태자연,10.4.~10.13.,퍼플섬,대면,문주연,061-240-8151
2024 섬 맨드라미 축제,생태자연,10.4.~10.13.,병풍도 맨드라미정원,대면,정형욱,061-240-5407
2024 섬 겨울꽃 축제,전통역사,12.6.~1.1.,1004섬 분재정원,대면,김두웅,061-240-5445
포항해병대문화축제,"문화예술, 주민화합",04.27.~04.28.,오천읍 일원,대면,최현정,054-270-2246
포항국제불빛축제,"문화예술, 주민화합",05.31.~06.02.,형산강체육공원,혼합형,박수정,054-270-2243
포항철길숲야행축제,"문화예술, 주민화합",2024. 8.,포항철길숲 일원,대면,박수정,054-270-2243
송도비치 레트로 페스티벌,"문화예술, 주민화합",2024. 9.,송도해수욕장 일원,대면,박수정,054-270-2243
포항운하축제,"문화예술, 주민화합",2024. 9.,포항운하 일원,대면,박수정,054-270-2243
호미곶한민족해맞이축전,"생태자연, 문화예술",12.31.~01.01.,호미곶해맞이광장,대면,최현정,054-270-2246
포항 구룡포 대게 축제,수산물 축제,2024. 12.,구룡포아라광장,대면,김건희,054-270-2853
포항 호미곶 돌문어 축제,수산물 축제,2024. 4.,호미곶새천년광장,대면,김건희,054-270-2853
포항 영일만 검은돌장어 축제,수산물 축제,2024. 7.,동해면 도구해수욕장 또는 영일대특설행사장,대면,김건희,054-270-2853
포항 수산물 FESTIVAL,수산물 축제,2024. 9.,포항수협 활어위판장,대면,김건희,054-270-2853
포항 구룡포 과메기 축제,수산물 축제,2024. 11.,구룡포아라광장,대면,김건희,054-270-2853
포항 구룡포 과메기&겨울바다 축제,수산물 축제,12.31.~1.1.,영일대특설행사장,대면,김건희,054-270-2853
부조장터문화축제,"전통역사, 주민화합",2024. 10.,신부조장터공원,대면,이현수,054-270-2264
경주벚꽃축제,생태자연,3월,경주대릉원돌담길,대면,이시안,054-779-6078
신라문화제,문화예술,10월,경주전역,대면,박혜영,054-779-6073
김천앤 과일축제,특산물,8 ~ 9월중,직지문화 또는 사명대사공원 일원,대면,최은옥,054-421-2532
김천김밥축제,음식,10월중,사명대사공원 일원,대면,박보혜,054-420-6637
안동암산얼음축제,생태자연,1.20.~1.28.,남후면 광음리 암산유원지 일원,대면,김도균,054-840-5511
차전장군노국공주축제,전통역사,5.3.~5.7.,"탈춤공원,모디684,원도심일원",대면,권지현,054-840-5220
안동 벚꽃축제,생태자연,4월중,낙동강변 벚꽃길,대면,김종연,054-840-5514
안동수[水]페스타,생태자연,7~8월중,낙동강 둔치 일원,대면,김도균,054-840-5511
2024 문화재 야행,전통역사,7~8월중,월영교 일원,대면,권예은,054-840-5238
안동국제탈춤페스티벌,문화예술,9.27.~10.6.,"구안동역 및 탈춤공원, 원도심일원",대면,김종연,054-840-5514
2024 하회선유줄불놀이,전통역사,6~10월중,하회마을 만송정 일원,대면,서민교,054-840-5236
"청춘, 금오천 벚꽃 페스티벌",문화예술,03.30.~04.02.,금오천 일원,대면,박다인,054-480-6612
제3회 구미독서문화축제,문화예술,09.27.~09.28.,구미시립중앙도서관,대면,정상완,054-480-4672
제8회 인동도시숲문화축제,생태자연,10월중,인동도시숲문화축제,대면,박다인,054-480-6612
제3회 구미푸드페스티벌,기타(주민화합),10.26.~10.27.,송정맛길(구미 복개천),대면,하진숙,054-480-5592
제3회 구미라면축제,문화예술,11.15.~11.17.,구미역 일원,대면,최진아,054-480-2652
영주 한국선비문화축제,문화예술,2024-05월중,선비촌 및 서천둔치 일원,대면,김상희,054-639-6612
영주 소백산철쭉제,생태자연,2024-05월중,소백산 및 서천둔치 일원,대면,김상희,054-639-6612
영주 시원(ONE)축제,주민화합,2024-8월중,서천둔치 일원,대면,김상희,054-639-6612
영주 무섬외나무다리축제,전통역사,2024-10월중,문수면 무섬마을,대면,황운경,054-639-6614
경북영주 풍기인삼축제,특산물,2024-10월중,풍기읍 남원천 및 인삼문화팝업공원 일원,대면,김상희,054-639-6612
영주장날 농특산물축제,특산물,2024-10월중,부석사 및 서천둔치 일원,대면,황운경,054-639-6614
제22회 영천한약축제 with 작약꽃,특산물,05.17.~05.19.,영천한의마을,대면,"박장우
이슬비","054-339-7282
054-339-7187"
"와! 과-한 영천축제
(영천과일, 와인, 한우 축제)",특산물,10.11.~10.13.,영천강변공원,대면,"최효임
임유나
장서희","054-339-7321
054-339-7185
054-339-7389"
제21회영천보현산별빛축제,지역자원,10.5.~10.7.,영천보현산천문과학관,대면,이은령,054-330-6702
제50회 영천문화예술제,문화예술,10월중,영천강변공원,대면,이희진,054-330-6365
제4회 중악팔공산 은빛문화제,문화예술,9월중,은해사,대면,이상윤,054-330-6867
2024 상주세계모자페스티벌,문화예술,9-10월중,"상주 태평성대 
경상감영공원 일원",대면,조현정,054-537-7108
2024 상주곶감축제,특산물,01.12~01.14.,북천시민공원,대면,김상득,054-537-7529
제26회 문경찻사발축제,"문화예술, 전통역사",04.27.~05.06.,문경새재 일원,대면,최정택,054-550-6395
제20회 문경오미자축제,특산물,9월경,문경시 동로면 일대,대면,정혜민,054-550-6889 
제19회 문경사과축제,특산물,10월경,문경새재 일원,대면,백승규,054-550-6887 
제13회 문경약돌한우축제,특산물,10월경,문경새재 일원,대면,이동호,054-550-6812 
2024 경산자인단오제,"문화예술,전통역사",6.8.~6.10.,경산자인의 계정숲,대면,장정현,053-810-5357
2024 경산갓바위소원성취축제,"문화예술,전통역사",9~10월중(2일간),갓바위 공영주차장(경산시 와촌면),대면,장정현,053-810-5357
제13회 경산대추&농산물한마당,특산물,10월 중(2일간),경산생활체육공원 어귀마당(미정),대면,최찬술,053-810-6707
제17회 산수유마을꽃맞이행사,생태자연,3월 중(9일),사곡면 산수유마을 일원,대면,조성길,054-830-6578
제2회 남대천 벚꽃축제,생태자연,4월 중(2일),의성읍 남대천 일원,대면,조성길,054-830-6578
제7회 의성슈퍼푸드마늘축제,특산물,11월 중(3일),의성읍 시가지 일원,대면,조성길,054-830-6578
제18회 청송사과축제,특산물,10.30.~11.3.,청송군 청송읍 용전천 현비암 일원,혼합형,서향숙,054-870-6237
제19회 영양산나물축제,특산물,05.09.~05.12.(예정),영양군청 및 복개천 일원,대면,심명희,054-680-6411
제3회 수비능이축제,특산물,10.04.~10.06.(예정),수비면 체육공원 일원,대면,심명희,054-680-6411
영양고추 H.O.T. festival,특산물,09.09.~09.11.(예정),서울시청 앞 광장,대면,김지훈,054-680-6381
영양반딧불이축제,생태자연,08.24.~08.25.(예정),반딧불이천문대 일원,대면,김경호,054-680-5333
제27회 영덕대게축제,특산물,2.29.~3.3.,삼사해상공원,대면,박대경,054-730-6393
물가자미축제,특산물,4월,축산항 일원,대면,김지웅,054-730-6233
영덕황금은어축제,특산물,7월~8월중,영덕읍 오십천,대면,김현수,054-730-6756
영덕국제Hi-웰니스페스타,기타,10. 7.~10. 9.,고래불 국민야영장 등,대면,오도일,054-730-6195
경북대종타종식및해맞이,기타,12.31.~1.1.,삼사해상공원,대면,박대경,054-730-6393
제21회 청도소싸움축제,관광진흥,04.19.~04.21.,청도 소싸움경기장,대면,박소희,054-370-6376
제17회 청도반시축제,특산물,10월중(3일),청도 야외공연장 일원,대면,박소희,054-370-6376
제8회 청도세계코미디아트페스티벌,문화예술,10월중(3일),청도 야외공연장 일원,대면,박소희,054-370-6376
고령대가야축제,역사문화,03.29.~3.31,대가야읍 일원,대면,최상희,054-950-6652
2024 성주참외&생명문화축제,"문화예술, 특산물 등",5.16.~5.19.,성밖숲,대면,김지수,054-930-6983
2024 성주가야산황금들녘 메뚜기 축제,생태자연,24.10월중,수륜면 수성리 일원,대면,김정철,054-930-6984
2024 썸머워터바캉스,문화예술,24.7~8월중,성주역사테마공원,대면,김정철,054-930-6984
제11회 낙동강 세계평화 문화 대축전,전통역사,10.11.~10.13.,칠곡보 생태공원,대면,최명환,054-979-6101
제 15회 낙동강지구 전투 전승행사,전통역사,10.11.~10.13.,칠곡보 오토캠핑장,대면,박영철,054-979-6643
가산산성 문화유산 야행,전통역사,4.27.~4.28.,가산산성 일원,대면,최명환,054-979-6101
가산산성 문화제,문화예술,2024. 10.,칠곡군 동명면 일원,대면,권유현,054-979-6433
2024 예천활축제,"문화예술,전통역사",2024.5.3~5.6,한천체육공원 일원,대면,박희종,054-650-6391
2024 곤충 & 서머쿨 페스티벌,문화예술,2024.8.15~8.18,한천체육공원 일원,대면,박희종,054-650-6391
2024 예천삼강주막나루터축제,문화예술,2024.9.15~9.17,삼강문화단지 일원,대면,박희종,054-650-6391
2024 예천농산물축제,특산물,2024. 9월 중,한천체육공원 일원,대면,권재영,054-650-6271
제10회 예천용궁순대축제,특산물,2024. 10월 중,용궁전통시장 일원,대면,지현주,054-650-6997
2024 문화재 야행,문화예술,2024.10.3~10.6,금당실전통마을 일원,대면,박희종,054-650-6391
제26회 봉화은어축제,생태자연,7월~8월중,봉화읍 내성천 일원,대면,최병태,054-679-5150
제28회 봉화송이축제,특산물,9월~10월중,봉화읍 내성천 일원,대면,최병태,054-679-5150
분천 한여름·겨울 산타마을,기타(관광자원),12월~2월중,소천면 분천리 일원,대면,최병태,054-679-5150
울진대게와 붉은대게 축제,특산물,2.22.~2.25.,후포항,대면,황미진,054-789-6851
죽변항 수산물 축제,특산물,12월중,죽변항,대면,황미진,054-789-6851
제22회 울릉도 오징어 축제,특산물,8월 중,울릉군 일원,대면,황언철,054-790-6392
2024년 울릉도 눈축제,생태자연,2.1.~2.3.,나리분지,대면,황언철,054-790-6392
"제62회 진해군항제
(군악의장페스티벌)",생태자연,3.23. ~ 4.1.,진해구 일원,대면,이동근,055-225-2343
제24회 마산국화축제,생태자연,10~11월 중,3.15해양누리공원,대면,이동근,055-225-2343
천주산 진달래축제,생태자연,4월 중,천주산 일원,대면,조미성,055-225-3657
진동불꽃낙화축제,기타,05.12~05.14,진동 광암항 일원,대면,박은정,055-225-3654
기업사랑 시민축제,기타,04.13.~04.21.,창원시일원,혼합형,주우용,055-225-3214
마산어시장 축제,특산물,9~10월 중,마산어시장 일원,대면,이주형,055-225-3223
문화다양성축제 MAMF(맘프) 2024,기타,10.11.~10.13.,"용지문화공원, 포정사공원",대면,김윤원,055-225-7504
전통시장 맥주축제,기타,10월 중,전통시장 인근 광장,대면,이주형,055-225-3223
눈 내리는 창동 거리 축제,기타,10~12월 중,창동거리 일원,대면,박영재,055-225-3228
충무지구 근대군항 문화페스타,전통역사,10월 중,충무지구 중원로 일원,대면,손원기,055-225-3715
마금산온천축제,특산물,10월 중,마금산온천관광지,대면,설두호,055-225-3644
창원진동미더덕축제,특산물,4~5월 중,진동면 광암항 일원,대면,황희진,055-225-3433
진해만싱싱수산물축제,특산물,10월 중,진해수협 일원,대면,황희진,055-225-3433
창원홍합축제,특산물,11월 중,3.15해양누리공원,대면,김민유,055-225-3434
창원단감축제,특산물,10. 26.~10.27.,창원단감테마공원,대면,안성규,055-225-5612
동읍 무점마을 코스모스축제,생태자연,9~10월 중,무점마을 코스모스길 일원,대면,정수민,055-212-5116
소계동 산 벚꽃 축제,생태자연,4월 중,소계운동장 일원,대면,이동화,055-212-5414
제9회 산호공원 꽃무릇축제,생태자연,9월 중,산호공원 일원,대면,이상지,055-220-5904
제23회 진주논개제,전통역사,5월 중,진주성 일원,대면,박소현,055-749-8589
2024 진주M2페스티벌,문화예술,8월 중,망경동 남강둔치 일원,대면,김정현,055-749-8590
2024 진주남강유등축제,전통역사,10월 중,진주성 및 남강일원,대면,홍순천,055-749-8588
제73회 개천예술제,전통역사,10월 중,진주성 및 남강일원,대면,박소현,055-749-8589
2024 코리아드라마페스티벌,문화예술,10월 중,장대동 남강둔치 일원,대면,김정현,055-749-8590
제63회 통영한산대첩축제,전통역사,8월 중,통영시 일원,대면,황경민,055-650-0522
제19회 봉숫골꽃나들이축제,기타(꽃축제),3~4월 중,봉평동 봉숫골거리,대면,신하령,055-650-3857
제15회 한산도바다체험축제,생태자연,6월 중,한산면 봉암마을 ,대면,문성혁,055-650-3604
제29회 욕지 섬 문화축제,기타(주민화합 등),9~10월 중,욕지면 불곡물양장,대면,이시형,055-650-3584
제19회 사량도옥녀봉전국등반축제,기타(주민화합 등),10월 중,사량면 사량중학교,대면,박한솔,055-650-3624
제4회 중앙동벅수축제,전통역사,11월 중,중앙동 통제영거리,대면,설은주,055-650-3685
2024 사천에어쇼,기타,10.24.~10.27.,사천비행장,대면,정하늘,055-831-2070
제26회 사천와룡문화제,문화예술,04.26.~04.28.,사천시청 일원,대면,김대영,055-831-2711
"2024 사천시 삼천포항
수산물축제",특산물,04.19.~04.21.,삼천포대교공원,대면,정선빈,055-831-3111
제21회 사천시 삼천포항 자연산 전어축제,특산물,08.16.~08.18.,팔포음식특화지구,대면,정선빈,055-831-3111
2024년 사천시 건강한마당,기타,04.26.~04.28.,사천시보건소 일원,대면,공수원,055-831-3556
제16회 사천시농업한마당축제,특산물,11.01.~11.03.,사천시청 노을광장 일원,대면,손홍재,055-831-3764
제7회 곤양비봉내축제,전통역사,9~10월 중,곤양면생활체육시설 일원,대면,유길용,055-831-5174
비토별주부전축제,문화예술,미정,비토해양낚시공원 앞 주차장,대면,류정곤,055-831-5234
제5회 선진리성벚꽃축제,문화예술,03.30~03.31.,선진리성 일원,대면,김수봉,055-831-5111
제29회 김해분청도자기축제,문화예술,10월 중,김해분청도자박물관 일원,대면,강혜연,055-330-3244
2024년 가야문화축제,문화예술,04.19.~04.23.,"수릉원, 가야의 거리 일원 등",대면,박성복,055-330-3945
2024년 가야금축제,문화예술,8~10월,김해문화의전당,대면,곽정화,055-330-4943
2024년 김해문화재야행,전통역사,10월 중,"수로왕릉, 수릉원 외 가야유적지 일원",대면,박해영,055-330-3923
제5회 김해국제의생명과학축제,기타,09.27.~09.28.,"김해중소기업
비즈니스센터",대면,방남영,055-330-2913
제40회 김해진영단감축제,특산물,11.01.~11.03.,진영공설운동장 일원,대면,최두순,055-350-4092
제9회 김해꽃축제,특산물,5월 중,장유 롯데아울렛 테마주차장,대면,조진철,055-350-4082
2024 김해독서대전,"
문화예술",3~12월 중,"수릉원 및 
시립도서관 등 
관내 일원","
대면",김지현,055-330-6684
2024년 김해시평생학습과학축제,기타,9월 말,수릉원,대면,정유정,055-330-4883
제66회 밀양아리랑대축제,전통역사,05.23.~05.26.,영남루 및 밀양강변일원,대면,김미정,055-359-5866
제24회 밀양공연예술축제,문화예술,07.19.~07.28.,밀양아리나,대면,조현순,055-359-5635
2024년 밀양 문화유산 야행,전통역사,04.19.~04.21.,영남루 일원,대면,이형석,055-359-5641
제15회 밀양대추축제,특산물,10.20.~10.22.,단장면,대면,김수연,055-359-5364
제26회 밀양얼음골사과축제,특산물,11.02.~11.03.,얼음골공영주차장,대면,김성태,055-359-7139
제14회 밀양삼랑진 딸기시배지 축제,특산물,3월 중,삼랑진읍 일원,대면,이영득,055-359-7134
초동연가길 코스모스축제,생태자연,10.05.~10.06.,초동연가길 일원,대면,"박수영
외2명","055-359-6741
외2"
거제맹종대나무 축제,특산물,04.26.~04.28.,거제맹종죽테마파크,대면,한승수,055-639-6354
거제옥포대첩 축제,전통역사,6월 중,"옥포대첩기념공원,옥포수변공원",대면,서승희,055-639-3393
남부면 수국축제,생태자연,6월 중,남부면 저구항 일원,대면,김도현,055-639-6532
거제 바다로 세계로,기타,7월 중,지세포항수변공원 등,대면,손상현,055-639-4163
거제맥주축제,문화예술 ,8월 중,장승포항수변공원,대면,김지은,055-639-3364
제13회 거제둔덕포도축제,특산물,09.07.~09.08.,둔덕가족생활체육공원 일원,대면,조현광,055-639-6443
제18회 거제섬꽃축제,문화예술,10.26.~11.03.,거제시농업개발원 일원,대면,조현광,055-639-6443
거제대구수산물축제,특산물,12월 중,장목면 외포항 일원,대면,문지혜,055-639-4313
거제도국제펭귄수영축제,기타,12월 중,덕포해수욕장,대면,허원기,055-639-6864
거제 송년불꽃축제,문화예술,12.31.,장승포항수변공원,대면,김소라,055-639-3396
배내골고로쇠축제,특산물,02.15.~03.15.,배내골 고로쇠 홍보관 ,대면,김윤지,055-392-3232
원동미나리축제,특산물,02.16.~04.30.,원동면 일원,대면,김윤지,055-392-3232
원동매화축제,특산물,03.9.~03.17,원동면 일원,대면,김윤지,055-392-3232
2024 물금벚꽃축제,생태자연,3~4월 중,황산공원 일원,대면,한한윤,055-392-2544
양산봄꽃향연,생태자연,4~5월 중,미정,대면,김한주,055-392-5343
2024 양산웅상회야제,기타,5월 중,웅상체육공원(평산동),대면,석영미,055-392-6182
배내골사과축제,특산물,11.02.~11.03.,배내골 고로쇠 홍보관 ,대면,김윤지,055-392-3232
2024 양산삽량문화축전,"
전통역사
",10월 중,양산천둔치 일원 및 양산종합운동장,대면,한한윤,055-392-2544
양산차문화축제,문화예술,10월 중,통도문화예술의거리,대면,김윤지,055-392-3232
양산국화축제,생태자연,10~11월 중,양산천둔치(종합운동장 뒤편),대면,김상욱,055-392-5342
제49회 의령 홍의장군축제,전통역사,04.18.~04.21.,의령읍 서동생활공원일원,대면,정기혁,055-570-2502
2024 의령 신번문화축제,전통역사,9월 중,부림면 일원,대면,곽준혁,055-570-2505
2024 의령 리치리치 페스티벌,문화예술,10월 중,의령읍 일원,대면,박민혜,055-570-2512
2024 토요애 의령 농축산물 축제,특산물,10월 중,의령읍 서동생활공원일원,대면,배수현,055-570-4112
제3회 의령가례밭미나리축제,특산물,3월 중,가례면 일원,대면,강민정,055-570-4252
제21 의령토요애수박축제,특산물,4월 중,의령읍 서동생활공원일원,대면,강민정,055-570-4252
2024 청소년과 함께하는 세대공감 어울림 축제,문화예술,10월 중,의령읍 서동생활공원일원,대면,김세빈,055-570-2282
제36회 아라가야문화제,전통역사,9월 중,"함안박물관, 말이산고분군 일원",대면,정진욱,055-580-2303
제5회 대한민국 & 제30회 함안수박축제,특산물,04.26.~04.28.,함주공원 다목적잔디구장 일원,혼합형,이운학,055-580-4512
제12회 강주해바라기 축제,생태자연,6~7월 중,강주마을 일원,대면,윤세나,055-580-4404
제2회 청보리.작약 축제,생태자연,10.11.~10.13.,강나루생태공원,대면,김미화,055-580-2583
제13회 함안곶감축제,특산물,01.12.~01.14.,함안체육관,대면,허율희,055-580-4554
제19회 창녕낙동강유채축제,생태자연,04.11.~04.14.,남지체육공원 일원,대면,신영훈,055-530-1523
제29회 부곡온천축제,생태자연,03.29.~03.31.,부곡온천 관광특구 일원,대면,김리호,055-530-1593
제63회 3.1민속문화제,전통역사,02.29.~03.03.,영산면 일원,대면,박경민,055-530-1464
제38회 비사벌문화제,문화예술,10월 중,창녕읍 일원,대면,박경민,055-530-1464
2024 기월 안뜰 경관농업지구 봄꽃 축제,생태자연,4월 중,"고성읍
기월 안뜰
(읍사무소 뒤편)",대면,강재영,055-670-4264
2024 기월 안뜰 경관농업지구 가을꽃 축제,생태자연,10월 중,"고성읍
기월 안뜰
(읍사무소 뒤편)",대면,강재영,055-670-4264
제11회 엄홍길대장과 함께하는 거류산 등산축제,생태자연,10월 중,엄홍길전시관 및 거류산,대면,문지은,055-670-2664
제46회 소가야문화제,전통역사,9월 중,송학동 고분군 및 고성군종합운동장 일원,대면,김영인,055-670-2204
당항포대첩 축제,전통역사,5월 중,당항포관광지,대면,허광도,055-670-2804
촌스런 축제,기타,7~8월 중,영동둔치공원,대면,김영주,055-670-5304
소가야 차문화 축제,문화예술,미정,고성읍 송학동 고분군,대면,허광도,055-670-2234
고성 보리수 축제,생태자연,미정,상리면 보리수농장,대면,허광도,055-670-2804
고성크리스마스 트리문화 축제,문화예술,미정,고성읍 동외광장,대면,허광도,055-670-2804
고성 독수리 생태 축제,생태자연,미정,고성읍 기월리 일원,대면,허광도,055-670-2804
만화방초 수국축제,생태자연,미정,거류면 만화방초,대면,허광도,055-670-2804
고성 송학 축제,기타,미정,고성읍 송학동 고분군,대면,허광도,055-670-2804
오두산 숲멍 축제,생태자연,미정,상리면 오두산치유숲,대면,허광도,055-670-2804
제8회 고성 가리비 수산물 축제,특산물,10월 중,남포항,대면,김동욱,055-670-2453
제2회 고성갯벌 축제,생태자연,9월 중,남포항,대면,김동욱,055-670-2453
"남해대교 문화행사 ""노량의 봄""",생태자연,03.29.~03.30.,남해대교 일원,대면,윤성찬,055-860-8603
제6회 창선고사리축제,특산물,04.26.~04.27.,창선생활체육공원 일원,대면,박다해,055-860-8604
제2회 마이페스트,전통역사,05.03.~05.04.,독일마을 일원,대면,윤성찬,055-860-8603
제18회 보물섬 멸치축제,특산물,05.11.~05.12.,미조면 미조항,대면,곽슬기,055-860-8988
제19회 남해 마늘한우 축제,특산물,06.13.~06.16.,남해유배문학관 일원,대면,윤정인,055-860-3908
제12회 독일마을맥주축제,전통역사,10.04.~10.06.,독일마을 일원,대면,박다해,055-860-8603
상주 해돋이&물메기 축제,생태자연,12.31.~01.01.,상주은모래비치 일원,대면,박다해,055-860-8604
제27회 하동야생차문화축제,특산물,05.11.~05.14.,화개면 일원,대면,오해라,055-880-6583
가칭 '하동을 먹다'(음식축제),특산물,미정,하동군,대면,최지안,055-880-6584
제8회 하동섬진강문화재첩축제,특산물,6월 중,하동송림 및 섬진강변 일원,대면,윤선영,055-880-2450
제39회 산청황매산철쭉제,생태자연,4~5월 중,황매산 일원,대면,홍혜진,055-970-7202
ON산청 빛나는 여름밤 페스티벌,기타,7~8월 중,산청읍 조산공원 일원,대면,홍혜진,055-970-7202
생초꽃잔디축제,생태자연,4월 중,생초국제조각공원,대면,황경미,055-970-7203
제17회 지리산산청곶감축제,특산물,01.11.~01.14.,산청곶감유통센터 일원,대면,송정훈,055-970-6932
제24회 산청한방약초축제,특산물,09.27.~10.06.,산청 동의보감촌 일원,대면,김민창,055-970-6603
제48회 남명선비문화축제,문화예술,10.18.~10.19.,시천면 한국선비문화연구원,대면,염철옥,055-970-6403
제63회 천령문화제, 전통역사,05.09.~05.13.,함양상림공원 일원,대면,김양수,055-960-4512
제21회 함양연암문화제,전통역사,8월 중,안의면 오리숲 일원,대면,김양수,055-960-4512
제19회 함양산삼축제,특산물,10월 중,함양상림공원 일원,대면,김순임,055-960-6442
2024 거창한마당대축제,기타,09.26.~09.28.,거창스포츠파크 및 거창읍 일원,대면,배주연,055-940-8458
제34회 거창국제연극제,문화예술,07.26~08.09.,"수승대관광지, 거창관내일원",대면,이경애,055-940-8455
제4회 감악산 꽃&별 여행,생태자연,09.27.~10.13.,거창별바람언덕,대면,차봉섭,055-940-8227
제5회 거창 아리미아 꽃 축제,생태자연,5월 중,거창군 창포원,대면,권미조,055-940-8122
제5회 거창韓 거창산양삼축제, 특산물,5월 중,미정,대면,한창환,055-940-3391
제28회 황매산철쭉제,생태자연,4~5월 중,황매산군립공원일대,대면,유미정,055-930-4752
2024 합천바캉스축제,기타,7~8월 중,정양레포츠공원 일대,대면,강민진,055-930-4666
제40회 대야문화제,기타,09.10.~09.13.,합천읍 일원,대면,김숙녀,055-930-3172
합천황토한우축제,특산물,10월 중,합천읍 군민체육공원 ,대면,이상철,055-930-3573
2024 합천기록문화축제,전통역사,10월 중,대장경테마파크,대면,이민재,055-930-4697
제3회 황매산억새축제,생태자연,10월 중,황매산군립공원,대면,유미정,055-930-4752
제17회 전농로 왕벚꽃축제,"생태자연, 기타(주민화합 등)","3.22~3.24
(예정)",삼도1동 전농로일원,대면,김효선,064)728-4531
제41회 서귀포유채꽃축제,생태자연,3.30.~3.31.(예정),가시리 유채꽃광장 일대,대면,고건혁,064-760-3942
2024년 장전리 왕벚꽃축제,기타(주민화합 등),3월~4월중(개화시기),장전리벚꽃거리,대면,현승창,064-728-8818
벚꽃길따라 행복한 동행,"문화예술, 체험",3월~5월 중,"신풍리 레포츠공원
(남산봉로 247)",대면,김나영,064-760-4214
제13회 우도소라축제,특산물,4.26.~4.28.,우도 천진항 일대,대면,오정헌,064-728-4321
거리예술제,문화예술,4~11월,제주시 일원,대면,김지원,064-728-2714
2024년 애월읍 농수축박람회,기타(주민화합 등),4~6월중(일정 조율중),장소 미정,대면,현승창,064-728-8818
제28회 한라산 청정 고사리 축제,"특산물, 전통역사",4월 중,서귀포시 남원읍 한남리 산76-7,대면,김종현,064-760-4182
제13회 가파도 청보리 축제,생태자연,4월 중,가파도 일원,대면,류명선,064-760-4083
2024년 제주마 입목 및 문화 축제,"생태자연, 전통역사",4월중,"516로 2480
(제주마방목지)",대면,김태형,064-710-7942
제21회 방선문축제,전통역사,5.4.~5.5.(예정),방선문,대면(예정),고봉준,064-728-4796
제20회 보목자리돔 축제,특산물,5~6월 중(3일),보목포구,대면,정강호,064-760-4502
수국과 공연이 꽃피는 혼인지,문화예술,5월~8월 중,"온평리 혼인지
(혼인지로 39-14)",대면,김나영,064-760-4214
2024 영천동해바라기축제,생태자연,5월중(미정),토평동2981번지 일원,대면,김혜리,064-760-4664
"한라산아래첫마을 광평리 2024 제주메밀축제 ""제주메밀의 모든 것""",특산물,6.1.~6.2.,안덕면 광평리 일대,대면,강동규,064-760-4373
제10회 대정 암반수 마농박람회,특산물,6월예정,대정하모체육공원,대면,강진영,064-760-4071
한여름밤의 예술공연,문화예술,7~8월 중,제주시 일원,대면,송지혜,064-728-2716
성산 조개바당 축제,생태자연,7월 중,"성산읍 내수면 모래갯벌
(성산읍 고성리 263번지 일원)",대면,고은희,064-760-4282
제20회 삼양검은모래축제 ,생태자연,7월 중(미정),삼양검은모래해수욕장,대면,김은미,064-728-4713
제19회 제주이호테우축제,전통역사,7월~8월 중,이호테우해수욕장,대면,김종원,064-728-4922
"제29회 표선해변하얀모래
축제",생태자연,7월말~8월초,표선해수욕장,대면,송봉현,064-760-4415
제13회 백난아가요제,문화예술,7월중,협재해수욕장,대면,김철석,064-728-7613
제22회 도두오래물축제,기타(주민화합 등),8.9.~8.11.,오래물광장,대면,강지연,064-728-4952
제15회 금능원담축제,전통역사,8월중,금능해수욕장,대면,김나현,064-728-7675
제22회 예래생태축제,생태자연,9.14.~9.15.,논짓물 일원,대면,김명숙,064-760-4845
제14회 산지천축제,문화예술,9월 중,산지천 일원,대면,문종식,064-728-4652
"제3회 화북, 포구문화제","전통역사, 문화예술",9월 중,화북포구 일원,대면,허근보,064-728-4682
제20회 쇠소깍 축제,"생태자연, 주민화합",9월 중(2일) ,하효항 일원,대면,허재원,064-760-4623
제17회 제주해녀축제,전통역사,9월중(3일),제주특별자치도일원,대면,고범석,064-710-3982
제5회 서귀포 은갈치 축제,특산물,9월중(예정),서귀포항 일원,대면,강지훈,064-710-3297
2024 제주레저힐링축제,문화예술,9월~10월 중,제주시 일원,대면,송선유,064-728-2757
제22회 대정고을 추사문화 예술제,전통역사,10월 초(예정),안성리 추사유배지 일원,대면,고나영,064-760-4012
제30회 서귀포칠십리축제,문화예술,10.18.~10.20.(예정),제주월드컵경기장 광장 및 시내 일원,대면,고건혁,064-760-3942
삼도2동 문화의 거리 행사,문화예술,10월 중,삼도2동 일원,대면,김승민,064-728-2725
아트페스타인제주,문화예술,10월 중,제주시 일원,대면,송지혜,064-728-2716
 고마로 馬문화 축제,문화예술,"10월 중
(3일)","신산공원 및
고마로 일대",대면,김명순,064-728-4442
2024 삼성혈 문화의 거리 축제,문화예술,10월중,삼성혈 문화의 거리,대면,이단비,064-728-4473
제주 성읍마을 전통민속 재현축제,전통역사,10월 중,제주 성읍마을 일원,대면,양인봉,064-710-6791
제주 성읍마을 정의현감 행차재현 및 전통 민요공연,전통역사,10월 중,제주 성읍마을 일원,대면,양인봉,064-710-6791
혼인지 축제,전통역사,10월 중,혼인지 일원,대면,양인봉,064-710-6791
제31회 덕수리 전통민속재현행사,전통역사,10월 중(2일),안덕면 덕수리 민속공연장,대면,장준혁,064-760-4313
제8회 FPC 한수위 수산물 대축제,특산물,10월중(예정),한림항 일원,대면,장기열,064-710-3246
제7회 제주광어 대축제,특산물,10월중(예정),제주어류양식수협,대면,한은지,064-710-3242
제16회 추자도 참굴비 대축제,특산물,10월중(예정),추자항 일원,대면,강지훈,064-710-3297
제19회 중문칠선녀축제,기타(주민화합 등),10월~11월 중 2일,천제연폭포 일원,대면,송지선,064-760-4824
제24회 최남단 방어 축제,특산물,11월중(예정),모슬포항 일원,대면,강지훈,064-710-3297
제2회 대정 동일 해넘이 축제,기타(주민화합),12.30.~12.31.,동일1리 일원,대면,류명선,064-760-4083
성산읍 찾아가는 문화예술콘서트,문화예술,미정,성산읍 일원,대면,구경미,064-760-4213
제6회 대정읍청소년드림페스티벌,기타(주민화합),미정,하모체육공원,대면,장윤아,064-760-4034
